      0: global: BTB: Creating BTB object.
      0: Creating MemDepUnit 0 object.
      0: system.cpu.iq: IQ sharing policy set to Partitioned:64 entries per thread.
      0: system.cpu.iew.lsq: LSQ sharing policy set to Partitioned: 32 entries per LQ | 32 entries per SQ
      0: system.cpu.iew.lsq.thread0: Creating LSQUnit0 object.
      0: system.cpu.commit: Commit Policy set to Round Robin.
      0: system.cpu.rob: ROB sharing policy set to Partitioned
      0: system.cpu.fetch: Waking up from quiesce
      0: system.cpu.commit: Generating TC squash event for [tid:0]
      0: system.cpu.itb: Invalidating all entries.
      0: system.cpu.dtb: Invalidating all entries.
      0: system.cpu.iew.lsq.thread0: LQ size: 33, #loads occupied: 0
      0: system.cpu.iew.lsq.thread0: SQ size: 33, #stores occupied: 0
      0: system.cpu.iew.lsq.thread0: LQ size: 33, #loads occupied: 0
      0: system.cpu.iew.lsq.thread0: SQ size: 33, #stores occupied: 0
      0: system.cpu.rob: Setting active threads list pointer.
      0: system.cpu.fetch: Running stage.
      0: system.cpu.fetch: Attempting to fetch from [tid:0]
      0: system.cpu.fetch: [tid:0]: Attempting to translate and read instruction, starting at PC (0x401000=>0x401008).(0=>1).
      0: system.cpu.fetch: [tid:0] Fetching cache line 0x401000 for addr 0x401000
      0: system.cpu.itb: Translating vaddr 0x401000.
      0: system.cpu.itb: In protected mode.
      0: system.cpu.itb: Paging enabled.
      0: system.cpu.itb: Handling a TLB miss for address 0x401000 at pc 0x401000.
      0: system.cpu.itb: Mapping 0x401000 to 0x1000
      0: system.cpu.itb: Miss was serviced.
      0: system.cpu.itb: Entry found with paddr 0x1000, doing protection checks.
      0: system.cpu.itb: Translated 0x401000 -> 0x1000.
      0: system.cpu.fetch: Fetch: Doing instruction read.
      0: system.cpu.fetch: [tid:0]: Doing Icache access.
      0: system.cpu.iq: Attempting to schedule ready instructions from the IQ.
      0: system.cpu.iq: Not able to schedule any instructions.
      0: system.cpu.iew.lsq.thread0: LQ size: 33, #loads occupied: 0
      0: system.cpu.iew.lsq.thread0: SQ size: 33, #stores occupied: 0
      0: system.cpu.commit: DefaultCommimt<Impl>::tick() begins
      0: system.cpu.rob: Does not need to squash due to being empty [sn:0]
      0: system.cpu.commit: Squashing from TC, restarting at PC (0x401000=>0x401008).(0=>1)
      0: system.cpu.commit: [tid:0]: ROB has 0 insts & 192 free entries.
    500: system.cpu.fetch: [tid:0]: Squashing instructions due to squash from commit.
    500: system.cpu.fetch: [tid:0]: Squash from commit.
    500: system.cpu.fetch: [tid:0]: Squashing, setting PC to: (0x401000=>0x401008).(0=>1).
    500: system.cpu.fetch: [tid:0]: Squashing outstanding Icache miss.
    500: system.cpu.fetch: Running stage.
    500: system.cpu.fetch: There are no more threads available to fetch from.
    500: system.cpu.fetch: [tid:0]: Fetch is squashing!
    500: system.cpu.iq: [tid:0]: Starting to squash instructions in the IQ.
    500: system.cpu.iq: [tid:0]: Squashing until sequence number 0!
    500: system.cpu.iew.lsq.thread0: Squashing until [sn:0]!(Loads:0 Stores:0)
    500: system.cpu.iew.lsq.thread0: Squashing from SQ [sn:0]
    500: system.cpu.iq: Attempting to schedule ready instructions from the IQ.
    500: system.cpu.iq: Not able to schedule any instructions.
    500: system.cpu.iew.lsq.thread0: LQ size: 33, #loads occupied: 0
    500: system.cpu.iew.lsq.thread0: SQ size: 33, #stores occupied: 0
    500: system.cpu.commit: DefaultCommimt<Impl>::tick() begins
    500: system.cpu.commit: Getting instructions from Rename stage.
    500: system.cpu.commit: Trying to commit instructions in the ROB.
    500: system.cpu.commit: [tid:0]: ROB has 0 insts & 192 free entries.
   1000: system.cpu.fetch: [tid:0]: Done squashing, switching to running.
   1000: system.cpu.fetch: Running stage.
   1000: system.cpu.fetch: Attempting to fetch from [tid:0]
   1000: system.cpu.fetch: [tid:0]: Attempting to translate and read instruction, starting at PC (0x401000=>0x401008).(0=>1).
   1000: system.cpu.fetch: [tid:0] Fetching cache line 0x401000 for addr 0x401000
   1000: system.cpu.itb: Translating vaddr 0x401000.
   1000: system.cpu.itb: In protected mode.
   1000: system.cpu.itb: Paging enabled.
   1000: system.cpu.itb: Entry found with paddr 0x1000, doing protection checks.
   1000: system.cpu.itb: Translated 0x401000 -> 0x1000.
   1000: system.cpu.fetch: Fetch: Doing instruction read.
   1000: system.cpu.fetch: [tid:0] Out of MSHRs!
   1000: system.cpu.iq: Attempting to schedule ready instructions from the IQ.
   1000: system.cpu.iq: Not able to schedule any instructions.
   1000: system.cpu.commit: DefaultCommimt<Impl>::tick() begins
   1000: system.cpu.commit: Getting instructions from Rename stage.
   1000: system.cpu.commit: Trying to commit instructions in the ROB.
   1000: system.cpu.commit: [tid:0]: ROB has 0 insts & 192 free entries.
   1500: system.cpu.fetch: Running stage.
   1500: system.cpu.fetch: There are no more threads available to fetch from.
   1500: system.cpu.fetch: [tid:0]: Fetch is waiting for an I-cache retry!
   1500: system.cpu.iq: Attempting to schedule ready instructions from the IQ.
   1500: system.cpu.iq: Not able to schedule any instructions.
   1500: system.cpu.commit: DefaultCommimt<Impl>::tick() begins
   1500: system.cpu.commit: Getting instructions from Rename stage.
   1500: system.cpu.commit: Trying to commit instructions in the ROB.
   1500: system.cpu.commit: [tid:0]: ROB has 0 insts & 192 free entries.
   2000: system.cpu.fetch: Running stage.
   2000: system.cpu.fetch: There are no more threads available to fetch from.
   2000: system.cpu.fetch: [tid:0]: Fetch is waiting for an I-cache retry!
   2000: system.cpu.iq: Attempting to schedule ready instructions from the IQ.
   2000: system.cpu.iq: Not able to schedule any instructions.
   2000: system.cpu.commit: DefaultCommimt<Impl>::tick() begins
   2000: system.cpu.commit: Getting instructions from Rename stage.
   2000: system.cpu.commit: Trying to commit instructions in the ROB.
   2000: system.cpu.commit: [tid:0]: ROB has 0 insts & 192 free entries.
   2500: system.cpu.fetch: Running stage.
   2500: system.cpu.fetch: There are no more threads available to fetch from.
   2500: system.cpu.fetch: [tid:0]: Fetch is waiting for an I-cache retry!
   2500: system.cpu.iq: Attempting to schedule ready instructions from the IQ.
   2500: system.cpu.iq: Not able to schedule any instructions.
   2500: system.cpu.commit: DefaultCommimt<Impl>::tick() begins
   2500: system.cpu.commit: Getting instructions from Rename stage.
   2500: system.cpu.commit: Trying to commit instructions in the ROB.
   2500: system.cpu.commit: [tid:0]: ROB has 0 insts & 192 free entries.
   3000: system.cpu.fetch: Running stage.
   3000: system.cpu.fetch: There are no more threads available to fetch from.
   3000: system.cpu.fetch: [tid:0]: Fetch is waiting for an I-cache retry!
   3000: system.cpu.iq: Attempting to schedule ready instructions from the IQ.
   3000: system.cpu.iq: Not able to schedule any instructions.
   3000: system.cpu.commit: DefaultCommimt<Impl>::tick() begins
   3000: system.cpu.commit: Getting instructions from Rename stage.
   3000: system.cpu.commit: Trying to commit instructions in the ROB.
   3000: system.cpu.commit: [tid:0]: ROB has 0 insts & 192 free entries.
   3500: system.cpu.fetch: Running stage.
   3500: system.cpu.fetch: There are no more threads available to fetch from.
   3500: system.cpu.fetch: [tid:0]: Fetch is waiting for an I-cache retry!
   3500: system.cpu.iq: Attempting to schedule ready instructions from the IQ.
   3500: system.cpu.iq: Not able to schedule any instructions.
   3500: system.cpu.commit: DefaultCommimt<Impl>::tick() begins
   3500: system.cpu.commit: Getting instructions from Rename stage.
   3500: system.cpu.commit: Trying to commit instructions in the ROB.
   3500: system.cpu.commit: [tid:0]: ROB has 0 insts & 192 free entries.
   4000: system.cpu.fetch: Running stage.
   4000: system.cpu.fetch: There are no more threads available to fetch from.
   4000: system.cpu.fetch: [tid:0]: Fetch is waiting for an I-cache retry!
   4000: system.cpu.iq: Attempting to schedule ready instructions from the IQ.
   4000: system.cpu.iq: Not able to schedule any instructions.
   4000: system.cpu.commit: DefaultCommimt<Impl>::tick() begins
   4000: system.cpu.commit: Getting instructions from Rename stage.
   4000: system.cpu.commit: Trying to commit instructions in the ROB.
   4000: system.cpu.commit: [tid:0]: ROB has 0 insts & 192 free entries.
   4500: system.cpu.fetch: Running stage.
   4500: system.cpu.fetch: There are no more threads available to fetch from.
   4500: system.cpu.fetch: [tid:0]: Fetch is waiting for an I-cache retry!
   4500: system.cpu.iq: Attempting to schedule ready instructions from the IQ.
   4500: system.cpu.iq: Not able to schedule any instructions.
   4500: system.cpu.commit: DefaultCommimt<Impl>::tick() begins
   4500: system.cpu.commit: Getting instructions from Rename stage.
   4500: system.cpu.commit: Trying to commit instructions in the ROB.
   4500: system.cpu.commit: [tid:0]: ROB has 0 insts & 192 free entries.
   5000: system.cpu.fetch: Running stage.
   5000: system.cpu.fetch: There are no more threads available to fetch from.
   5000: system.cpu.fetch: [tid:0]: Fetch is waiting for an I-cache retry!
   5000: system.cpu.iq: Attempting to schedule ready instructions from the IQ.
   5000: system.cpu.iq: Not able to schedule any instructions.
   5000: system.cpu.commit: DefaultCommimt<Impl>::tick() begins
   5000: system.cpu.commit: Getting instructions from Rename stage.
   5000: system.cpu.commit: Trying to commit instructions in the ROB.
   5000: system.cpu.commit: [tid:0]: ROB has 0 insts & 192 free entries.
   5500: system.cpu.fetch: Running stage.
   5500: system.cpu.fetch: There are no more threads available to fetch from.
   5500: system.cpu.fetch: [tid:0]: Fetch is waiting for an I-cache retry!
   5500: system.cpu.iq: Attempting to schedule ready instructions from the IQ.
   5500: system.cpu.iq: Not able to schedule any instructions.
   5500: system.cpu.commit: DefaultCommimt<Impl>::tick() begins
   5500: system.cpu.commit: Getting instructions from Rename stage.
   5500: system.cpu.commit: Trying to commit instructions in the ROB.
   5500: system.cpu.commit: [tid:0]: ROB has 0 insts & 192 free entries.
  74001: system.cpu.fetch: [tid:0] Waking up from cache miss.
  74501: system.cpu.fetch: [tid:0] Waking up from cache miss.
  75000: system.cpu.fetch: Running stage.
  75000: system.cpu.fetch: Attempting to fetch from [tid:0]
  75000: system.cpu.fetch: [tid:0]: Icache miss is complete.
  75000: system.cpu.fetch: [tid:0]: Adding instructions to queue to decode.
  75000: system.cpu.fetch: [tid:0]: Instruction PC 0x401000 (0) created [sn:1].
  75000: system.cpu.fetch: [tid:0]: Instruction is:   MOV_R_I : limm   rax, 0x21ec00000f2640
  75000: system.cpu.fetch: [tid:0]: Fetch queue entry created (1/32).
  75000: system.cpu.fetch: [tid:0]: Instruction PC 0x40100a (0) created [sn:2].
  75000: system.cpu.fetch: [tid:0]: Instruction is:   MOV_R_I : limm   r8, 0x1fffffffffffff
  75000: system.cpu.fetch: [tid:0]: Fetch queue entry created (2/32).
  75000: system.cpu.fetch: [tid:0]: Instruction PC 0x401014 (0) created [sn:3].
  75000: system.cpu.fetch: [tid:0]: Instruction is:   AND_R_R : and   rax, rax, r8
  75000: system.cpu.fetch: [tid:0]: Fetch queue entry created (3/32).
  75000: system.cpu.fetch: [tid:0]: Instruction PC 0x401017 (0) created [sn:4].
  75000: system.cpu.fetch: [tid:0]: Instruction is:   MOV_R_I : limm   rbx, 0x24f440000e9f40
  75000: system.cpu.fetch: [tid:0]: Fetch queue entry created (4/32).
  75000: system.cpu.fetch: [tid:0]: Instruction PC 0x401021 (0) created [sn:5].
  75000: system.cpu.fetch: [tid:0]: Instruction is:   MOV_R_I : limm   r8, 0x1fffffffffffff
  75000: system.cpu.fetch: [tid:0]: Fetch queue entry created (5/32).
  75000: system.cpu.fetch: [tid:0]: Instruction PC 0x40102b (0) created [sn:6].
  75000: system.cpu.fetch: [tid:0]: Instruction is:   AND_R_R : and   rbx, rbx, r8
  75000: system.cpu.fetch: [tid:0]: Fetch queue entry created (6/32).
  75000: system.cpu.fetch: [tid:0]: Instruction PC 0x40102e (0) created [sn:7].
  75000: system.cpu.fetch: [tid:0]: Instruction is:   MOV_R_I : limm   rcx, 0x27b1c0001a3600
  75000: system.cpu.fetch: [tid:0]: Fetch queue entry created (7/32).
  75000: system.cpu.fetch: [tid:0]: Issuing a pipelined I-cache access, starting at PC (0x401038=>0x401040).(0=>1).
  75000: system.cpu.fetch: [tid:0] Fetching cache line 0x401040 for addr 0x401040
  75000: system.cpu.itb: Translating vaddr 0x401040.
  75000: system.cpu.itb: In protected mode.
  75000: system.cpu.itb: Paging enabled.
  75000: system.cpu.itb: Entry found with paddr 0x1000, doing protection checks.
  75000: system.cpu.itb: Translated 0x401040 -> 0x1040.
  75000: system.cpu.fetch: Fetch: Doing instruction read.
  75000: system.cpu.fetch: [tid:0]: Doing Icache access.
  75000: system.cpu.fetch: [tid:0][sn:1]: Sending instruction to decode from fetch queue. Fetch queue size: 7.
  75000: system.cpu.fetch: [tid:0][sn:2]: Sending instruction to decode from fetch queue. Fetch queue size: 6.
  75000: system.cpu.fetch: [tid:0][sn:3]: Sending instruction to decode from fetch queue. Fetch queue size: 5.
  75000: system.cpu.fetch: [tid:0][sn:4]: Sending instruction to decode from fetch queue. Fetch queue size: 4.
  75000: system.cpu.fetch: [tid:0][sn:5]: Sending instruction to decode from fetch queue. Fetch queue size: 3.
  75000: system.cpu.fetch: [tid:0][sn:6]: Sending instruction to decode from fetch queue. Fetch queue size: 2.
  75000: system.cpu.fetch: [tid:0][sn:7]: Sending instruction to decode from fetch queue. Fetch queue size: 1.
  75000: system.cpu.iq: Attempting to schedule ready instructions from the IQ.
  75000: system.cpu.iq: Not able to schedule any instructions.
  75000: system.cpu.commit: DefaultCommimt<Impl>::tick() begins
  75000: system.cpu.commit: Getting instructions from Rename stage.
  75000: system.cpu.commit: Trying to commit instructions in the ROB.
  75000: system.cpu.commit: [tid:0]: ROB has 0 insts & 192 free entries.
  75500: system.cpu.fetch: Running stage.
  75500: system.cpu.fetch: There are no more threads available to fetch from.
  75500: system.cpu.fetch: [tid:0]: Fetch is waiting cache response!
  75500: system.cpu.iq: Attempting to schedule ready instructions from the IQ.
  75500: system.cpu.iq: Not able to schedule any instructions.
  75500: system.cpu.commit: DefaultCommimt<Impl>::tick() begins
  75500: system.cpu.commit: Getting instructions from Rename stage.
  75500: system.cpu.commit: Trying to commit instructions in the ROB.
  75500: system.cpu.commit: [tid:0]: ROB has 0 insts & 192 free entries.
  76000: system.cpu.fetch: Running stage.
  76000: system.cpu.fetch: There are no more threads available to fetch from.
  76000: system.cpu.fetch: [tid:0]: Fetch is waiting cache response!
  76000: system.cpu.iq: Attempting to schedule ready instructions from the IQ.
  76000: system.cpu.iq: Not able to schedule any instructions.
  76000: system.cpu.commit: DefaultCommimt<Impl>::tick() begins
  76000: system.cpu.commit: Getting instructions from Rename stage.
  76000: system.cpu.commit: Trying to commit instructions in the ROB.
  76000: system.cpu.commit: [tid:0]: ROB has 0 insts & 192 free entries.
  76500: system.cpu.fetch: Running stage.
  76500: system.cpu.fetch: There are no more threads available to fetch from.
  76500: system.cpu.fetch: [tid:0]: Fetch is waiting cache response!
  76500: system.cpu.iq: Attempting to schedule ready instructions from the IQ.
  76500: system.cpu.iq: Not able to schedule any instructions.
  76500: system.cpu.commit: DefaultCommimt<Impl>::tick() begins
  76500: system.cpu.commit: Getting instructions from Rename stage.
  76500: system.cpu.commit: Inserting PC (0x401000=>0x40100a).(0=>1) [sn:1] [tid:0] into ROB.
  76500: system.cpu.rob: Adding inst PC (0x401000=>0x40100a).(0=>1) to the ROB.
  76500: system.cpu.rob: [tid:0] Now has 1 instructions.
  76500: system.cpu.commit: Inserting PC (0x40100a=>0x401014).(0=>1) [sn:2] [tid:0] into ROB.
  76500: system.cpu.rob: Adding inst PC (0x40100a=>0x401014).(0=>1) to the ROB.
  76500: system.cpu.rob: [tid:0] Now has 2 instructions.
  76500: system.cpu.commit: Inserting PC (0x401014=>0x401017).(0=>1) [sn:3] [tid:0] into ROB.
  76500: system.cpu.rob: Adding inst PC (0x401014=>0x401017).(0=>1) to the ROB.
  76500: system.cpu.rob: [tid:0] Now has 3 instructions.
  76500: system.cpu.commit: Inserting PC (0x401017=>0x401021).(0=>1) [sn:4] [tid:0] into ROB.
  76500: system.cpu.rob: Adding inst PC (0x401017=>0x401021).(0=>1) to the ROB.
  76500: system.cpu.rob: [tid:0] Now has 4 instructions.
  76500: system.cpu.commit: Inserting PC (0x401021=>0x40102b).(0=>1) [sn:5] [tid:0] into ROB.
  76500: system.cpu.rob: Adding inst PC (0x401021=>0x40102b).(0=>1) to the ROB.
  76500: system.cpu.rob: [tid:0] Now has 5 instructions.
  76500: system.cpu.commit: Inserting PC (0x40102b=>0x40102e).(0=>1) [sn:6] [tid:0] into ROB.
  76500: system.cpu.rob: Adding inst PC (0x40102b=>0x40102e).(0=>1) to the ROB.
  76500: system.cpu.rob: [tid:0] Now has 6 instructions.
  76500: system.cpu.commit: Inserting PC (0x40102e=>0x401038).(0=>1) [sn:7] [tid:0] into ROB.
  76500: system.cpu.rob: Adding inst PC (0x40102e=>0x401038).(0=>1) to the ROB.
  76500: system.cpu.rob: [tid:0] Now has 7 instructions.
  76500: system.cpu.commit: Trying to commit instructions in the ROB.
  76500: system.cpu.commit: [tid:0]: Can't commit, Instruction [sn:1] PC (0x401000=>0x40100a).(0=>1) is head of ROB and not ready
  76500: system.cpu.commit: [tid:0]: ROB has 7 insts & 185 free entries.
  77000: system.cpu.fetch: Running stage.
  77000: system.cpu.fetch: There are no more threads available to fetch from.
  77000: system.cpu.fetch: [tid:0]: Fetch is waiting cache response!
  77000: system.cpu.iq: Adding instruction [sn:1] PC (0x401000=>0x40100a).(0=>1) to the IQ.
  77000: system.cpu.iq: (addIfReady, regular) Instruction is ready to issue, putting it onto the ready list, PC (0x401000=>0x40100a).(0=>1) opclass:1 [sn:1].
  77000: system.cpu.iq: Adding instruction [sn:2] PC (0x40100a=>0x401014).(0=>1) to the IQ.
  77000: system.cpu.iq: (addIfReady, regular) Instruction is ready to issue, putting it onto the ready list, PC (0x40100a=>0x401014).(0=>1) opclass:1 [sn:2].
  77000: system.cpu.iq: Adding instruction [sn:3] PC (0x401014=>0x401017).(0=>1) to the IQ.
  77000: system.cpu.iq: Instruction PC (0x401014=>0x401017).(0=>1) has src reg 38 (IntRegClass) that is being added to the dependency chain.
  77000: system.cpu.iq: Instruction PC (0x401014=>0x401017).(0=>1) has src reg 39 (IntRegClass) that is being added to the dependency chain.
  77000: system.cpu.iq: Adding instruction [sn:4] PC (0x401017=>0x401021).(0=>1) to the IQ.
  77000: system.cpu.iq: (addIfReady, regular) Instruction is ready to issue, putting it onto the ready list, PC (0x401017=>0x401021).(0=>1) opclass:1 [sn:4].
  77000: system.cpu.iq: Adding instruction [sn:5] PC (0x401021=>0x40102b).(0=>1) to the IQ.
  77000: system.cpu.iq: (addIfReady, regular) Instruction is ready to issue, putting it onto the ready list, PC (0x401021=>0x40102b).(0=>1) opclass:1 [sn:5].
  77000: system.cpu.iq: Adding instruction [sn:6] PC (0x40102b=>0x40102e).(0=>1) to the IQ.
  77000: system.cpu.iq: Instruction PC (0x40102b=>0x40102e).(0=>1) has src reg 41 (IntRegClass) that is being added to the dependency chain.
  77000: system.cpu.iq: Instruction PC (0x40102b=>0x40102e).(0=>1) has src reg 42 (IntRegClass) that is being added to the dependency chain.
  77000: system.cpu.iq: Adding instruction [sn:7] PC (0x40102e=>0x401038).(0=>1) to the IQ.
  77000: system.cpu.iq: (addIfReady, regular) Instruction is ready to issue, putting it onto the ready list, PC (0x40102e=>0x401038).(0=>1) opclass:1 [sn:7].
  77000: system.cpu.iq: Attempting to schedule ready instructions from the IQ.
  77000: system.cpu.iq: Thread 0: Issuing instruction PC (0x401000=>0x40100a).(0=>1) [sn:1]
  77000: system.cpu.iq: Thread 0: Issuing instruction PC (0x40100a=>0x401014).(0=>1) [sn:2]
  77000: system.cpu.iq: Thread 0: Issuing instruction PC (0x401017=>0x401021).(0=>1) [sn:4]
  77000: system.cpu.iq: Thread 0: Issuing instruction PC (0x401021=>0x40102b).(0=>1) [sn:5]
  77000: system.cpu.iq: Thread 0: Issuing instruction PC (0x40102e=>0x401038).(0=>1) [sn:7]
  77000: system.cpu.commit: DefaultCommimt<Impl>::tick() begins
  77000: system.cpu.commit: Getting instructions from Rename stage.
  77000: system.cpu.commit: Trying to commit instructions in the ROB.
  77000: system.cpu.commit: [tid:0]: Can't commit, Instruction [sn:1] PC (0x401000=>0x40100a).(0=>1) is head of ROB and not ready
  77000: system.cpu.commit: [tid:0]: ROB has 7 insts & 185 free entries.
  77500: system.cpu.fetch: Running stage.
  77500: system.cpu.fetch: There are no more threads available to fetch from.
  77500: system.cpu.fetch: [tid:0]: Fetch is waiting cache response!
  77500: system.cpu.iq: Waking dependents of completed instruction [sn:1].
  77500: system.cpu.iq: Waking any dependents on register 38 (IntRegClass).
  77500: system.cpu.iq: Waking up a dependent instruction, [sn:3] PC (0x401014=>0x401017).(0=>1).
  77500: global: [sn:3] has 1 ready out of 2 sources. RTI 0)
  77500: system.cpu.iq: Waking dependents of completed instruction [sn:2].
  77500: system.cpu.iq: Waking any dependents on register 39 (IntRegClass).
  77500: system.cpu.iq: Waking up a dependent instruction, [sn:3] PC (0x401014=>0x401017).(0=>1).
  77500: global: [sn:3] has 2 ready out of 2 sources. RTI 0)
  77500: system.cpu.iq: (addIfReady, regular) Instruction is ready to issue, putting it onto the ready list, PC (0x401014=>0x401017).(0=>1) opclass:1 [sn:3].
  77500: system.cpu.iq: Waking dependents of completed instruction [sn:4].
  77500: system.cpu.iq: Waking any dependents on register 41 (IntRegClass).
  77500: system.cpu.iq: Waking up a dependent instruction, [sn:6] PC (0x40102b=>0x40102e).(0=>1).
  77500: global: [sn:6] has 1 ready out of 2 sources. RTI 0)
  77500: system.cpu.iq: Waking dependents of completed instruction [sn:5].
  77500: system.cpu.iq: Waking any dependents on register 42 (IntRegClass).
  77500: system.cpu.iq: Waking up a dependent instruction, [sn:6] PC (0x40102b=>0x40102e).(0=>1).
  77500: global: [sn:6] has 2 ready out of 2 sources. RTI 0)
  77500: system.cpu.iq: (addIfReady, regular) Instruction is ready to issue, putting it onto the ready list, PC (0x40102b=>0x40102e).(0=>1) opclass:1 [sn:6].
  77500: system.cpu.iq: Waking dependents of completed instruction [sn:7].
  77500: system.cpu.iq: Waking any dependents on register 44 (IntRegClass).
  77500: system.cpu.iq: Attempting to schedule ready instructions from the IQ.
  77500: system.cpu.iq: Thread 0: Issuing instruction PC (0x401014=>0x401017).(0=>1) [sn:3]
  77500: system.cpu.iq: Thread 0: Issuing instruction PC (0x40102b=>0x40102e).(0=>1) [sn:6]
  77500: system.cpu.iew.lsq.thread0: LQ size: 33, #loads occupied: 0
  77500: system.cpu.iew.lsq.thread0: SQ size: 33, #stores occupied: 0
  77500: system.cpu.commit: DefaultCommimt<Impl>::tick() begins
  77500: system.cpu.commit: Getting instructions from Rename stage.
  77500: system.cpu.commit: Trying to commit instructions in the ROB.
  77500: system.cpu.commit: [tid:0]: Can't commit, Instruction [sn:1] PC (0x401000=>0x40100a).(0=>1) is head of ROB and not ready
  77500: system.cpu.commit: [tid:0]: ROB has 7 insts & 185 free entries.
  78000: system.cpu.fetch: Running stage.
  78000: system.cpu.fetch: There are no more threads available to fetch from.
  78000: system.cpu.fetch: [tid:0]: Fetch is waiting cache response!
  78000: system.cpu.iq: Waking dependents of completed instruction [sn:3].
  78000: system.cpu.iq: Waking any dependents on register 40 (IntRegClass).
  78000: system.cpu.iq: Waking any dependents on register 5 (CCRegClass).
  78000: system.cpu.iq: Waking any dependents on register 6 (CCRegClass).
  78000: system.cpu.iq: Waking dependents of completed instruction [sn:6].
  78000: system.cpu.iq: Waking any dependents on register 43 (IntRegClass).
  78000: system.cpu.iq: Waking any dependents on register 7 (CCRegClass).
  78000: system.cpu.iq: Waking any dependents on register 8 (CCRegClass).
  78000: system.cpu.iq: Attempting to schedule ready instructions from the IQ.
  78000: system.cpu.iq: Not able to schedule any instructions.
  78000: system.cpu.iew.lsq.thread0: LQ size: 33, #loads occupied: 0
  78000: system.cpu.iew.lsq.thread0: SQ size: 33, #stores occupied: 0
  78000: system.cpu.commit: DefaultCommimt<Impl>::tick() begins
  78000: system.cpu.commit: Getting instructions from Rename stage.
  78000: system.cpu.commit: Trying to commit instructions in the ROB.
  78000: system.cpu.commit: get the inst [num:0]
  78000: system.cpu.commit: [tid:0]: Marking PC (0x401000=>0x40100a).(0=>1), [sn:1] ready within ROB.
  78000: system.cpu.commit: get the inst [num:1]
  78000: system.cpu.commit: [tid:0]: Marking PC (0x40100a=>0x401014).(0=>1), [sn:2] ready within ROB.
  78000: system.cpu.commit: get the inst [num:2]
  78000: system.cpu.commit: [tid:0]: Marking PC (0x401017=>0x401021).(0=>1), [sn:4] ready within ROB.
  78000: system.cpu.commit: get the inst [num:3]
  78000: system.cpu.commit: [tid:0]: Marking PC (0x401021=>0x40102b).(0=>1), [sn:5] ready within ROB.
  78000: system.cpu.commit: get the inst [num:4]
  78000: system.cpu.commit: [tid:0]: Marking PC (0x40102e=>0x401038).(0=>1), [sn:7] ready within ROB.
  78000: system.cpu.commit: [tid:0]: Instruction [sn:1] PC (0x401000=>0x40100a).(0=>1) is head of ROB and ready to commit
  78000: system.cpu.commit: [tid:0]: ROB has 7 insts & 185 free entries.
  78500: system.cpu.fetch: Running stage.
  78500: system.cpu.fetch: There are no more threads available to fetch from.
  78500: system.cpu.fetch: [tid:0]: Fetch is waiting cache response!
  78500: system.cpu.iq: Attempting to schedule ready instructions from the IQ.
  78500: system.cpu.iq: Not able to schedule any instructions.
  78500: system.cpu.commit: DefaultCommimt<Impl>::tick() begins
  78500: system.cpu.commit: Getting instructions from Rename stage.
  78500: system.cpu.commit: Trying to commit instructions in the ROB.
  78500: system.cpu.commit: Trying to commit head instruction, [sn:1] [tid:0]
  78500: system.cpu.commit: Committing instruction with [sn:1] PC (0x401000=>0x40100a).(0=>1)
  78500: system.cpu.rob: [tid:0]: Retiring head instruction, instruction PC (0x401000=>0x40100a).(0=>1), [sn:1]
  78500: system.cpu.commit: Trying to commit head instruction, [sn:2] [tid:0]
  78500: system.cpu.commit: Committing instruction with [sn:2] PC (0x40100a=>0x401014).(0=>1)
  78500: system.cpu.rob: [tid:0]: Retiring head instruction, instruction PC (0x40100a=>0x401014).(0=>1), [sn:2]
  78500: system.cpu.commit: get the inst [num:0]
  78500: system.cpu.commit: [tid:0]: Marking PC (0x401014=>0x401017).(0=>1), [sn:3] ready within ROB.
  78500: system.cpu.commit: get the inst [num:1]
  78500: system.cpu.commit: [tid:0]: Marking PC (0x40102b=>0x40102e).(0=>1), [sn:6] ready within ROB.
  78500: system.cpu.commit: [tid:0]: Instruction [sn:3] PC (0x401014=>0x401017).(0=>1) is head of ROB and ready to commit
  78500: system.cpu.commit: [tid:0]: ROB has 5 insts & 187 free entries.
  79000: system.cpu.branchPred: [tid:0]: Committing branches until [sn:2].
  79000: system.cpu.fetch: Running stage.
  79000: system.cpu.fetch: There are no more threads available to fetch from.
  79000: system.cpu.fetch: [tid:0]: Fetch is waiting cache response!
  79000: system.cpu.iq: Attempting to schedule ready instructions from the IQ.
  79000: system.cpu.iq: Not able to schedule any instructions.
  79000: system.cpu.iq: [tid:0]: Committing instructions older than [sn:2]
  79000: system.cpu.commit: DefaultCommimt<Impl>::tick() begins
  79000: system.cpu.commit: Getting instructions from Rename stage.
  79000: system.cpu.commit: Trying to commit instructions in the ROB.
  79000: system.cpu.commit: Trying to commit head instruction, [sn:3] [tid:0]
  79000: system.cpu.commit: Committing instruction with [sn:3] PC (0x401014=>0x401017).(0=>1)
  79000: system.cpu.rob: [tid:0]: Retiring head instruction, instruction PC (0x401014=>0x401017).(0=>1), [sn:3]
  79000: system.cpu.commit: Trying to commit head instruction, [sn:4] [tid:0]
  79000: system.cpu.commit: Committing instruction with [sn:4] PC (0x401017=>0x401021).(0=>1)
  79000: system.cpu.rob: [tid:0]: Retiring head instruction, instruction PC (0x401017=>0x401021).(0=>1), [sn:4]
  79000: system.cpu.commit: Trying to commit head instruction, [sn:5] [tid:0]
  79000: system.cpu.commit: Committing instruction with [sn:5] PC (0x401021=>0x40102b).(0=>1)
  79000: system.cpu.rob: [tid:0]: Retiring head instruction, instruction PC (0x401021=>0x40102b).(0=>1), [sn:5]
  79000: system.cpu.commit: Trying to commit head instruction, [sn:6] [tid:0]
  79000: system.cpu.commit: Committing instruction with [sn:6] PC (0x40102b=>0x40102e).(0=>1)
  79000: system.cpu.rob: [tid:0]: Retiring head instruction, instruction PC (0x40102b=>0x40102e).(0=>1), [sn:6]
  79000: system.cpu.commit: Trying to commit head instruction, [sn:7] [tid:0]
  79000: system.cpu.commit: Committing instruction with [sn:7] PC (0x40102e=>0x401038).(0=>1)
  79000: system.cpu.rob: [tid:0]: Retiring head instruction, instruction PC (0x40102e=>0x401038).(0=>1), [sn:7]
  79000: system.cpu.commit: [tid:0]: ROB has 0 insts & 192 free entries.
  79500: system.cpu.branchPred: [tid:0]: Committing branches until [sn:7].
  79500: system.cpu.fetch: Running stage.
  79500: system.cpu.fetch: There are no more threads available to fetch from.
  79500: system.cpu.fetch: [tid:0]: Fetch is waiting cache response!
  79500: system.cpu.iq: Attempting to schedule ready instructions from the IQ.
  79500: system.cpu.iq: Not able to schedule any instructions.
  79500: system.cpu.iq: [tid:0]: Committing instructions older than [sn:7]
  79500: system.cpu.iew.lsq.thread0: LQ size: 33, #loads occupied: 0
  79500: system.cpu.iew.lsq.thread0: SQ size: 33, #stores occupied: 0
  79500: system.cpu.commit: DefaultCommimt<Impl>::tick() begins
  79500: system.cpu.commit: Getting instructions from Rename stage.
  79500: system.cpu.commit: Trying to commit instructions in the ROB.
  79500: system.cpu.commit: [tid:0]: ROB has 0 insts & 192 free entries.
  80000: system.cpu.fetch: Running stage.
  80000: system.cpu.fetch: There are no more threads available to fetch from.
  80000: system.cpu.fetch: [tid:0]: Fetch is waiting cache response!
  80000: system.cpu.iq: Attempting to schedule ready instructions from the IQ.
  80000: system.cpu.iq: Not able to schedule any instructions.
  80000: system.cpu.iew.lsq.thread0: LQ size: 33, #loads occupied: 0
  80000: system.cpu.iew.lsq.thread0: SQ size: 33, #stores occupied: 0
  80000: system.cpu.commit: DefaultCommimt<Impl>::tick() begins
  80000: system.cpu.commit: Getting instructions from Rename stage.
  80000: system.cpu.commit: Trying to commit instructions in the ROB.
  80000: system.cpu.commit: [tid:0]: ROB has 0 insts & 192 free entries.
  80500: system.cpu.fetch: Running stage.
  80500: system.cpu.fetch: There are no more threads available to fetch from.
  80500: system.cpu.fetch: [tid:0]: Fetch is waiting cache response!
  80500: system.cpu.iq: Attempting to schedule ready instructions from the IQ.
  80500: system.cpu.iq: Not able to schedule any instructions.
  80500: system.cpu.commit: DefaultCommimt<Impl>::tick() begins
  80500: system.cpu.commit: Getting instructions from Rename stage.
  80500: system.cpu.commit: Trying to commit instructions in the ROB.
  80500: system.cpu.commit: [tid:0]: ROB has 0 insts & 192 free entries.
  81000: system.cpu.fetch: Running stage.
  81000: system.cpu.fetch: There are no more threads available to fetch from.
  81000: system.cpu.fetch: [tid:0]: Fetch is waiting cache response!
  81000: system.cpu.iq: Attempting to schedule ready instructions from the IQ.
  81000: system.cpu.iq: Not able to schedule any instructions.
  81000: system.cpu.commit: DefaultCommimt<Impl>::tick() begins
  81000: system.cpu.commit: Getting instructions from Rename stage.
  81000: system.cpu.commit: Trying to commit instructions in the ROB.
  81000: system.cpu.commit: [tid:0]: ROB has 0 insts & 192 free entries.
  81500: system.cpu.fetch: Running stage.
  81500: system.cpu.fetch: There are no more threads available to fetch from.
  81500: system.cpu.fetch: [tid:0]: Fetch is waiting cache response!
  81500: system.cpu.iq: Attempting to schedule ready instructions from the IQ.
  81500: system.cpu.iq: Not able to schedule any instructions.
  81500: system.cpu.commit: DefaultCommimt<Impl>::tick() begins
  81500: system.cpu.commit: Getting instructions from Rename stage.
  81500: system.cpu.commit: Trying to commit instructions in the ROB.
  81500: system.cpu.commit: [tid:0]: ROB has 0 insts & 192 free entries.
  82000: system.cpu.fetch: Running stage.
  82000: system.cpu.fetch: There are no more threads available to fetch from.
  82000: system.cpu.fetch: [tid:0]: Fetch is waiting cache response!
  82000: system.cpu.iq: Attempting to schedule ready instructions from the IQ.
  82000: system.cpu.iq: Not able to schedule any instructions.
  82000: system.cpu.commit: DefaultCommimt<Impl>::tick() begins
  82000: system.cpu.commit: Getting instructions from Rename stage.
  82000: system.cpu.commit: Trying to commit instructions in the ROB.
  82000: system.cpu.commit: [tid:0]: ROB has 0 insts & 192 free entries.
  82500: system.cpu.fetch: Running stage.
  82500: system.cpu.fetch: There are no more threads available to fetch from.
  82500: system.cpu.fetch: [tid:0]: Fetch is waiting cache response!
  82500: system.cpu.iq: Attempting to schedule ready instructions from the IQ.
  82500: system.cpu.iq: Not able to schedule any instructions.
  82500: system.cpu.commit: DefaultCommimt<Impl>::tick() begins
  82500: system.cpu.commit: Getting instructions from Rename stage.
  82500: system.cpu.commit: Trying to commit instructions in the ROB.
  82500: system.cpu.commit: [tid:0]: ROB has 0 insts & 192 free entries.
  83000: system.cpu.fetch: Running stage.
  83000: system.cpu.fetch: There are no more threads available to fetch from.
  83000: system.cpu.fetch: [tid:0]: Fetch is waiting cache response!
  83000: system.cpu.iq: Attempting to schedule ready instructions from the IQ.
  83000: system.cpu.iq: Not able to schedule any instructions.
  83000: system.cpu.commit: DefaultCommimt<Impl>::tick() begins
  83000: system.cpu.commit: Getting instructions from Rename stage.
  83000: system.cpu.commit: Trying to commit instructions in the ROB.
  83000: system.cpu.commit: [tid:0]: ROB has 0 insts & 192 free entries.
  83500: system.cpu.fetch: Running stage.
  83500: system.cpu.fetch: There are no more threads available to fetch from.
  83500: system.cpu.fetch: [tid:0]: Fetch is waiting cache response!
  83500: system.cpu.iq: Attempting to schedule ready instructions from the IQ.
  83500: system.cpu.iq: Not able to schedule any instructions.
  83500: system.cpu.commit: DefaultCommimt<Impl>::tick() begins
  83500: system.cpu.commit: Getting instructions from Rename stage.
  83500: system.cpu.commit: Trying to commit instructions in the ROB.
  83500: system.cpu.commit: [tid:0]: ROB has 0 insts & 192 free entries.
  84000: system.cpu.fetch: Running stage.
  84000: system.cpu.fetch: There are no more threads available to fetch from.
  84000: system.cpu.fetch: [tid:0]: Fetch is waiting cache response!
  84000: system.cpu.iq: Attempting to schedule ready instructions from the IQ.
  84000: system.cpu.iq: Not able to schedule any instructions.
  84000: system.cpu.commit: DefaultCommimt<Impl>::tick() begins
  84000: system.cpu.commit: Getting instructions from Rename stage.
  84000: system.cpu.commit: Trying to commit instructions in the ROB.
  84000: system.cpu.commit: [tid:0]: ROB has 0 insts & 192 free entries.
  84500: system.cpu.fetch: Running stage.
  84500: system.cpu.fetch: There are no more threads available to fetch from.
  84500: system.cpu.fetch: [tid:0]: Fetch is waiting cache response!
  84500: system.cpu.iq: Attempting to schedule ready instructions from the IQ.
  84500: system.cpu.iq: Not able to schedule any instructions.
  84500: system.cpu.commit: DefaultCommimt<Impl>::tick() begins
  84500: system.cpu.commit: Getting instructions from Rename stage.
  84500: system.cpu.commit: Trying to commit instructions in the ROB.
  84500: system.cpu.commit: [tid:0]: ROB has 0 insts & 192 free entries.
  85000: system.cpu.fetch: Running stage.
  85000: system.cpu.fetch: There are no more threads available to fetch from.
  85000: system.cpu.fetch: [tid:0]: Fetch is waiting cache response!
  85000: system.cpu.iq: Attempting to schedule ready instructions from the IQ.
  85000: system.cpu.iq: Not able to schedule any instructions.
  85000: system.cpu.commit: DefaultCommimt<Impl>::tick() begins
  85000: system.cpu.commit: Getting instructions from Rename stage.
  85000: system.cpu.commit: Trying to commit instructions in the ROB.
  85000: system.cpu.commit: [tid:0]: ROB has 0 insts & 192 free entries.
 136501: system.cpu.fetch: [tid:0] Waking up from cache miss.
 137000: system.cpu.fetch: Running stage.
 137000: system.cpu.fetch: Attempting to fetch from [tid:0]
 137000: system.cpu.fetch: [tid:0]: Icache miss is complete.
 137000: system.cpu.fetch: [tid:0]: Adding instructions to queue to decode.
 137000: system.cpu.fetch: [tid:0]: Instruction PC 0x401038 (0) created [sn:8].
 137000: system.cpu.fetch: [tid:0]: Instruction is:   MOV_R_I : limm   r8, 0x1fffffffffffff
 137000: system.cpu.fetch: [tid:0]: Fetch queue entry created (1/32).
 137000: system.cpu.fetch: [tid:0]: Instruction PC 0x401042 (0) created [sn:9].
 137000: system.cpu.fetch: [tid:0]: Instruction is:   AND_R_R : and   rcx, rcx, r8
 137000: system.cpu.fetch: [tid:0]: Fetch queue entry created (2/32).
 137000: system.cpu.fetch: [tid:0]: Instruction PC 0x401045 (0) created [sn:10].
 137000: system.cpu.fetch: [tid:0]: Instruction is:   MOV_R_I : limm   rdx, 0x267ec0000eb800
 137000: system.cpu.fetch: [tid:0]: Fetch queue entry created (3/32).
 137000: system.cpu.fetch: [tid:0]: Instruction PC 0x40104f (0) created [sn:11].
 137000: system.cpu.fetch: [tid:0]: Instruction is:   MOV_R_I : limm   r8, 0x1fffffffffffff
 137000: system.cpu.fetch: [tid:0]: Fetch queue entry created (4/32).
 137000: system.cpu.fetch: [tid:0]: Instruction PC 0x401059 (0) created [sn:12].
 137000: system.cpu.fetch: [tid:0]: Instruction is:   AND_R_R : and   rdx, rdx, r8
 137000: system.cpu.fetch: [tid:0]: Fetch queue entry created (5/32).
 137000: system.cpu.fetch: [tid:0]: Instruction PC 0x40105c (0) created [sn:13].
 137000: system.cpu.fetch: [tid:0]: Instruction is:   MOV_R_I : limm   rsi, 0xea3800030a280
 137000: system.cpu.fetch: [tid:0]: Fetch queue entry created (6/32).
 137000: system.cpu.fetch: [tid:0]: Instruction PC 0x401066 (0) created [sn:14].
 137000: system.cpu.fetch: [tid:0]: Instruction is:   MOV_R_I : limm   r8, 0xea3800030a280
 137000: system.cpu.fetch: [tid:0]: Fetch queue entry created (7/32).
 137000: system.cpu.fetch: [tid:0]: Instruction PC 0x401070 (0) created [sn:15].
 137000: system.cpu.fetch: [tid:0]: Instruction is:   OR_R_R : or   rsi, rsi, r8
 137000: system.cpu.fetch: [tid:0]: Fetch queue entry created (8/32).
 137000: system.cpu.fetch: [tid:0]: Done fetching, reached fetch bandwidth for this cycle.
 137000: system.cpu.fetch: [tid:0][sn:8]: Sending instruction to decode from fetch queue. Fetch queue size: 8.
 137000: system.cpu.fetch: [tid:0][sn:9]: Sending instruction to decode from fetch queue. Fetch queue size: 7.
 137000: system.cpu.fetch: [tid:0][sn:10]: Sending instruction to decode from fetch queue. Fetch queue size: 6.
 137000: system.cpu.fetch: [tid:0][sn:11]: Sending instruction to decode from fetch queue. Fetch queue size: 5.
 137000: system.cpu.fetch: [tid:0][sn:12]: Sending instruction to decode from fetch queue. Fetch queue size: 4.
 137000: system.cpu.fetch: [tid:0][sn:13]: Sending instruction to decode from fetch queue. Fetch queue size: 3.
 137000: system.cpu.fetch: [tid:0][sn:14]: Sending instruction to decode from fetch queue. Fetch queue size: 2.
 137000: system.cpu.fetch: [tid:0][sn:15]: Sending instruction to decode from fetch queue. Fetch queue size: 1.
 137000: system.cpu.iq: Attempting to schedule ready instructions from the IQ.
 137000: system.cpu.iq: Not able to schedule any instructions.
 137000: system.cpu.commit: DefaultCommimt<Impl>::tick() begins
 137000: system.cpu.commit: Getting instructions from Rename stage.
 137000: system.cpu.commit: Trying to commit instructions in the ROB.
 137000: system.cpu.commit: [tid:0]: ROB has 0 insts & 192 free entries.
 137500: system.cpu.fetch: Running stage.
 137500: system.cpu.fetch: Attempting to fetch from [tid:0]
 137500: system.cpu.fetch: [tid:0]: Adding instructions to queue to decode.
 137500: system.cpu.fetch: [tid:0]: Instruction PC 0x401073 (0) created [sn:16].
 137500: system.cpu.fetch: [tid:0]: Instruction is:   MOV_R_I : limm   rdi, 0x26da40003a0740
 137500: system.cpu.fetch: [tid:0]: Fetch queue entry created (1/32).
 137500: system.cpu.fetch: [tid:0]: Issuing a pipelined I-cache access, starting at PC (0x40107d=>0x401085).(0=>1).
 137500: system.cpu.fetch: [tid:0] Fetching cache line 0x401080 for addr 0x401080
 137500: system.cpu.itb: Translating vaddr 0x401080.
 137500: system.cpu.itb: In protected mode.
 137500: system.cpu.itb: Paging enabled.
 137500: system.cpu.itb: Entry found with paddr 0x1000, doing protection checks.
 137500: system.cpu.itb: Translated 0x401080 -> 0x1080.
 137500: system.cpu.fetch: Fetch: Doing instruction read.
 137500: system.cpu.fetch: [tid:0]: Doing Icache access.
 137500: system.cpu.fetch: [tid:0][sn:16]: Sending instruction to decode from fetch queue. Fetch queue size: 1.
 137500: system.cpu.iq: Attempting to schedule ready instructions from the IQ.
 137500: system.cpu.iq: Not able to schedule any instructions.
 137500: system.cpu.commit: DefaultCommimt<Impl>::tick() begins
 137500: system.cpu.commit: Getting instructions from Rename stage.
 137500: system.cpu.commit: Trying to commit instructions in the ROB.
 137500: system.cpu.commit: [tid:0]: ROB has 0 insts & 192 free entries.
 138000: system.cpu.fetch: Running stage.
 138000: system.cpu.fetch: There are no more threads available to fetch from.
 138000: system.cpu.fetch: [tid:0]: Fetch is waiting cache response!
 138000: global: [sn:9] has 1 ready out of 2 sources. RTI 0)
 138000: system.cpu.iq: Attempting to schedule ready instructions from the IQ.
 138000: system.cpu.iq: Not able to schedule any instructions.
 138000: system.cpu.commit: DefaultCommimt<Impl>::tick() begins
 138000: system.cpu.commit: Getting instructions from Rename stage.
 138000: system.cpu.commit: Trying to commit instructions in the ROB.
 138000: system.cpu.commit: [tid:0]: ROB has 0 insts & 192 free entries.
 138500: system.cpu.fetch: Running stage.
 138500: system.cpu.fetch: There are no more threads available to fetch from.
 138500: system.cpu.fetch: [tid:0]: Fetch is waiting cache response!
 138500: system.cpu.iq: Attempting to schedule ready instructions from the IQ.
 138500: system.cpu.iq: Not able to schedule any instructions.
 138500: system.cpu.commit: DefaultCommimt<Impl>::tick() begins
 138500: system.cpu.commit: Getting instructions from Rename stage.
 138500: system.cpu.commit: Inserting PC (0x401038=>0x401042).(0=>1) [sn:8] [tid:0] into ROB.
 138500: system.cpu.rob: Adding inst PC (0x401038=>0x401042).(0=>1) to the ROB.
 138500: system.cpu.rob: [tid:0] Now has 1 instructions.
 138500: system.cpu.commit: Inserting PC (0x401042=>0x401045).(0=>1) [sn:9] [tid:0] into ROB.
 138500: system.cpu.rob: Adding inst PC (0x401042=>0x401045).(0=>1) to the ROB.
 138500: system.cpu.rob: [tid:0] Now has 2 instructions.
 138500: system.cpu.commit: Inserting PC (0x401045=>0x40104f).(0=>1) [sn:10] [tid:0] into ROB.
 138500: system.cpu.rob: Adding inst PC (0x401045=>0x40104f).(0=>1) to the ROB.
 138500: system.cpu.rob: [tid:0] Now has 3 instructions.
 138500: system.cpu.commit: Inserting PC (0x40104f=>0x401059).(0=>1) [sn:11] [tid:0] into ROB.
 138500: system.cpu.rob: Adding inst PC (0x40104f=>0x401059).(0=>1) to the ROB.
 138500: system.cpu.rob: [tid:0] Now has 4 instructions.
 138500: system.cpu.commit: Inserting PC (0x401059=>0x40105c).(0=>1) [sn:12] [tid:0] into ROB.
 138500: system.cpu.rob: Adding inst PC (0x401059=>0x40105c).(0=>1) to the ROB.
 138500: system.cpu.rob: [tid:0] Now has 5 instructions.
 138500: system.cpu.commit: Inserting PC (0x40105c=>0x401066).(0=>1) [sn:13] [tid:0] into ROB.
 138500: system.cpu.rob: Adding inst PC (0x40105c=>0x401066).(0=>1) to the ROB.
 138500: system.cpu.rob: [tid:0] Now has 6 instructions.
 138500: system.cpu.commit: Inserting PC (0x401066=>0x401070).(0=>1) [sn:14] [tid:0] into ROB.
 138500: system.cpu.rob: Adding inst PC (0x401066=>0x401070).(0=>1) to the ROB.
 138500: system.cpu.rob: [tid:0] Now has 7 instructions.
 138500: system.cpu.commit: Inserting PC (0x401070=>0x401073).(0=>1) [sn:15] [tid:0] into ROB.
 138500: system.cpu.rob: Adding inst PC (0x401070=>0x401073).(0=>1) to the ROB.
 138500: system.cpu.rob: [tid:0] Now has 8 instructions.
 138500: system.cpu.commit: Trying to commit instructions in the ROB.
 138500: system.cpu.commit: [tid:0]: Can't commit, Instruction [sn:8] PC (0x401038=>0x401042).(0=>1) is head of ROB and not ready
 138500: system.cpu.commit: [tid:0]: ROB has 8 insts & 184 free entries.
 139000: system.cpu.fetch: Running stage.
 139000: system.cpu.fetch: There are no more threads available to fetch from.
 139000: system.cpu.fetch: [tid:0]: Fetch is waiting cache response!
 139000: system.cpu.iq: Adding instruction [sn:8] PC (0x401038=>0x401042).(0=>1) to the IQ.
 139000: system.cpu.iq: (addIfReady, regular) Instruction is ready to issue, putting it onto the ready list, PC (0x401038=>0x401042).(0=>1) opclass:1 [sn:8].
 139000: system.cpu.iq: Adding instruction [sn:9] PC (0x401042=>0x401045).(0=>1) to the IQ.
 139000: system.cpu.iq: Instruction PC (0x401042=>0x401045).(0=>1) has src reg 45 (IntRegClass) that is being added to the dependency chain.
 139000: system.cpu.iq: Adding instruction [sn:10] PC (0x401045=>0x40104f).(0=>1) to the IQ.
 139000: system.cpu.iq: (addIfReady, regular) Instruction is ready to issue, putting it onto the ready list, PC (0x401045=>0x40104f).(0=>1) opclass:1 [sn:10].
 139000: system.cpu.iq: Adding instruction [sn:11] PC (0x40104f=>0x401059).(0=>1) to the IQ.
 139000: system.cpu.iq: (addIfReady, regular) Instruction is ready to issue, putting it onto the ready list, PC (0x40104f=>0x401059).(0=>1) opclass:1 [sn:11].
 139000: system.cpu.iq: Adding instruction [sn:12] PC (0x401059=>0x40105c).(0=>1) to the IQ.
 139000: system.cpu.iq: Instruction PC (0x401059=>0x40105c).(0=>1) has src reg 47 (IntRegClass) that is being added to the dependency chain.
 139000: system.cpu.iq: Instruction PC (0x401059=>0x40105c).(0=>1) has src reg 48 (IntRegClass) that is being added to the dependency chain.
 139000: system.cpu.iq: Adding instruction [sn:13] PC (0x40105c=>0x401066).(0=>1) to the IQ.
 139000: system.cpu.iq: (addIfReady, regular) Instruction is ready to issue, putting it onto the ready list, PC (0x40105c=>0x401066).(0=>1) opclass:1 [sn:13].
 139000: system.cpu.iq: Adding instruction [sn:14] PC (0x401066=>0x401070).(0=>1) to the IQ.
 139000: system.cpu.iq: (addIfReady, regular) Instruction is ready to issue, putting it onto the ready list, PC (0x401066=>0x401070).(0=>1) opclass:1 [sn:14].
 139000: system.cpu.iq: Adding instruction [sn:15] PC (0x401070=>0x401073).(0=>1) to the IQ.
 139000: system.cpu.iq: Instruction PC (0x401070=>0x401073).(0=>1) has src reg 50 (IntRegClass) that is being added to the dependency chain.
 139000: system.cpu.iq: Instruction PC (0x401070=>0x401073).(0=>1) has src reg 51 (IntRegClass) that is being added to the dependency chain.
 139000: system.cpu.iq: Attempting to schedule ready instructions from the IQ.
 139000: system.cpu.iq: Thread 0: Issuing instruction PC (0x401038=>0x401042).(0=>1) [sn:8]
 139000: system.cpu.iq: Thread 0: Issuing instruction PC (0x401045=>0x40104f).(0=>1) [sn:10]
 139000: system.cpu.iq: Thread 0: Issuing instruction PC (0x40104f=>0x401059).(0=>1) [sn:11]
 139000: system.cpu.iq: Thread 0: Issuing instruction PC (0x40105c=>0x401066).(0=>1) [sn:13]
 139000: system.cpu.iq: Thread 0: Issuing instruction PC (0x401066=>0x401070).(0=>1) [sn:14]
 139000: system.cpu.commit: DefaultCommimt<Impl>::tick() begins
 139000: system.cpu.commit: Getting instructions from Rename stage.
 139000: system.cpu.commit: Inserting PC (0x401073=>0x40107d).(0=>1) [sn:16] [tid:0] into ROB.
 139000: system.cpu.rob: Adding inst PC (0x401073=>0x40107d).(0=>1) to the ROB.
 139000: system.cpu.rob: [tid:0] Now has 9 instructions.
 139000: system.cpu.commit: Trying to commit instructions in the ROB.
 139000: system.cpu.commit: [tid:0]: Can't commit, Instruction [sn:8] PC (0x401038=>0x401042).(0=>1) is head of ROB and not ready
 139000: system.cpu.commit: [tid:0]: ROB has 9 insts & 183 free entries.
 139500: system.cpu.fetch: Running stage.
 139500: system.cpu.fetch: There are no more threads available to fetch from.
 139500: system.cpu.fetch: [tid:0]: Fetch is waiting cache response!
 139500: system.cpu.iq: Adding instruction [sn:16] PC (0x401073=>0x40107d).(0=>1) to the IQ.
 139500: system.cpu.iq: (addIfReady, regular) Instruction is ready to issue, putting it onto the ready list, PC (0x401073=>0x40107d).(0=>1) opclass:1 [sn:16].
 139500: system.cpu.iq: Waking dependents of completed instruction [sn:8].
 139500: system.cpu.iq: Waking any dependents on register 45 (IntRegClass).
 139500: system.cpu.iq: Waking up a dependent instruction, [sn:9] PC (0x401042=>0x401045).(0=>1).
 139500: global: [sn:9] has 2 ready out of 2 sources. RTI 0)
 139500: system.cpu.iq: (addIfReady, regular) Instruction is ready to issue, putting it onto the ready list, PC (0x401042=>0x401045).(0=>1) opclass:1 [sn:9].
 139500: system.cpu.iq: Waking dependents of completed instruction [sn:10].
 139500: system.cpu.iq: Waking any dependents on register 47 (IntRegClass).
 139500: system.cpu.iq: Waking up a dependent instruction, [sn:12] PC (0x401059=>0x40105c).(0=>1).
 139500: global: [sn:12] has 1 ready out of 2 sources. RTI 0)
 139500: system.cpu.iq: Waking dependents of completed instruction [sn:11].
 139500: system.cpu.iq: Waking any dependents on register 48 (IntRegClass).
 139500: system.cpu.iq: Waking up a dependent instruction, [sn:12] PC (0x401059=>0x40105c).(0=>1).
 139500: global: [sn:12] has 2 ready out of 2 sources. RTI 0)
 139500: system.cpu.iq: (addIfReady, regular) Instruction is ready to issue, putting it onto the ready list, PC (0x401059=>0x40105c).(0=>1) opclass:1 [sn:12].
 139500: system.cpu.iq: Waking dependents of completed instruction [sn:13].
 139500: system.cpu.iq: Waking any dependents on register 50 (IntRegClass).
 139500: system.cpu.iq: Waking up a dependent instruction, [sn:15] PC (0x401070=>0x401073).(0=>1).
 139500: global: [sn:15] has 1 ready out of 2 sources. RTI 0)
 139500: system.cpu.iq: Waking dependents of completed instruction [sn:14].
 139500: system.cpu.iq: Waking any dependents on register 51 (IntRegClass).
 139500: system.cpu.iq: Waking up a dependent instruction, [sn:15] PC (0x401070=>0x401073).(0=>1).
 139500: global: [sn:15] has 2 ready out of 2 sources. RTI 0)
 139500: system.cpu.iq: (addIfReady, regular) Instruction is ready to issue, putting it onto the ready list, PC (0x401070=>0x401073).(0=>1) opclass:1 [sn:15].
 139500: system.cpu.iq: Attempting to schedule ready instructions from the IQ.
 139500: system.cpu.iq: Thread 0: Issuing instruction PC (0x401042=>0x401045).(0=>1) [sn:9]
 139500: system.cpu.iq: Thread 0: Issuing instruction PC (0x401059=>0x40105c).(0=>1) [sn:12]
 139500: system.cpu.iq: Thread 0: Issuing instruction PC (0x401070=>0x401073).(0=>1) [sn:15]
 139500: system.cpu.iq: Thread 0: Issuing instruction PC (0x401073=>0x40107d).(0=>1) [sn:16]
 139500: system.cpu.iew.lsq.thread0: LQ size: 33, #loads occupied: 0
 139500: system.cpu.iew.lsq.thread0: SQ size: 33, #stores occupied: 0
 139500: system.cpu.commit: DefaultCommimt<Impl>::tick() begins
 139500: system.cpu.commit: Getting instructions from Rename stage.
 139500: system.cpu.commit: Trying to commit instructions in the ROB.
 139500: system.cpu.commit: [tid:0]: Can't commit, Instruction [sn:8] PC (0x401038=>0x401042).(0=>1) is head of ROB and not ready
 139500: system.cpu.commit: [tid:0]: ROB has 9 insts & 183 free entries.
 140000: system.cpu.fetch: Running stage.
 140000: system.cpu.fetch: There are no more threads available to fetch from.
 140000: system.cpu.fetch: [tid:0]: Fetch is waiting cache response!
 140000: system.cpu.iq: Waking dependents of completed instruction [sn:9].
 140000: system.cpu.iq: Waking any dependents on register 46 (IntRegClass).
 140000: system.cpu.iq: Waking any dependents on register 9 (CCRegClass).
 140000: system.cpu.iq: Waking any dependents on register 10 (CCRegClass).
 140000: system.cpu.iq: Waking dependents of completed instruction [sn:12].
 140000: system.cpu.iq: Waking any dependents on register 49 (IntRegClass).
 140000: system.cpu.iq: Waking any dependents on register 11 (CCRegClass).
 140000: system.cpu.iq: Waking any dependents on register 12 (CCRegClass).
 140000: system.cpu.iq: Waking dependents of completed instruction [sn:15].
 140000: system.cpu.iq: Waking any dependents on register 52 (IntRegClass).
 140000: system.cpu.iq: Waking any dependents on register 13 (CCRegClass).
 140000: system.cpu.iq: Waking any dependents on register 14 (CCRegClass).
 140000: system.cpu.iq: Waking dependents of completed instruction [sn:16].
 140000: system.cpu.iq: Waking any dependents on register 53 (IntRegClass).
 140000: system.cpu.iq: Attempting to schedule ready instructions from the IQ.
 140000: system.cpu.iq: Not able to schedule any instructions.
 140000: system.cpu.iew.lsq.thread0: LQ size: 33, #loads occupied: 0
 140000: system.cpu.iew.lsq.thread0: SQ size: 33, #stores occupied: 0
 140000: system.cpu.commit: DefaultCommimt<Impl>::tick() begins
 140000: system.cpu.commit: Getting instructions from Rename stage.
 140000: system.cpu.commit: Trying to commit instructions in the ROB.
 140000: system.cpu.commit: get the inst [num:0]
 140000: system.cpu.commit: [tid:0]: Marking PC (0x401038=>0x401042).(0=>1), [sn:8] ready within ROB.
 140000: system.cpu.commit: get the inst [num:1]
 140000: system.cpu.commit: [tid:0]: Marking PC (0x401045=>0x40104f).(0=>1), [sn:10] ready within ROB.
 140000: system.cpu.commit: get the inst [num:2]
 140000: system.cpu.commit: [tid:0]: Marking PC (0x40104f=>0x401059).(0=>1), [sn:11] ready within ROB.
 140000: system.cpu.commit: get the inst [num:3]
 140000: system.cpu.commit: [tid:0]: Marking PC (0x40105c=>0x401066).(0=>1), [sn:13] ready within ROB.
 140000: system.cpu.commit: get the inst [num:4]
 140000: system.cpu.commit: [tid:0]: Marking PC (0x401066=>0x401070).(0=>1), [sn:14] ready within ROB.
 140000: system.cpu.commit: [tid:0]: Instruction [sn:8] PC (0x401038=>0x401042).(0=>1) is head of ROB and ready to commit
 140000: system.cpu.commit: [tid:0]: ROB has 9 insts & 183 free entries.
 140500: system.cpu.fetch: Running stage.
 140500: system.cpu.fetch: There are no more threads available to fetch from.
 140500: system.cpu.fetch: [tid:0]: Fetch is waiting cache response!
 140500: system.cpu.iq: Attempting to schedule ready instructions from the IQ.
 140500: system.cpu.iq: Not able to schedule any instructions.
 140500: system.cpu.commit: DefaultCommimt<Impl>::tick() begins
 140500: system.cpu.commit: Getting instructions from Rename stage.
 140500: system.cpu.commit: Trying to commit instructions in the ROB.
 140500: system.cpu.commit: Trying to commit head instruction, [sn:8] [tid:0]
 140500: system.cpu.commit: Committing instruction with [sn:8] PC (0x401038=>0x401042).(0=>1)
 140500: system.cpu.rob: [tid:0]: Retiring head instruction, instruction PC (0x401038=>0x401042).(0=>1), [sn:8]
 140500: system.cpu.commit: get the inst [num:0]
 140500: system.cpu.commit: [tid:0]: Marking PC (0x401042=>0x401045).(0=>1), [sn:9] ready within ROB.
 140500: system.cpu.commit: get the inst [num:1]
 140500: system.cpu.commit: [tid:0]: Marking PC (0x401059=>0x40105c).(0=>1), [sn:12] ready within ROB.
 140500: system.cpu.commit: get the inst [num:2]
 140500: system.cpu.commit: [tid:0]: Marking PC (0x401070=>0x401073).(0=>1), [sn:15] ready within ROB.
 140500: system.cpu.commit: get the inst [num:3]
 140500: system.cpu.commit: [tid:0]: Marking PC (0x401073=>0x40107d).(0=>1), [sn:16] ready within ROB.
 140500: system.cpu.commit: [tid:0]: Instruction [sn:9] PC (0x401042=>0x401045).(0=>1) is head of ROB and ready to commit
 140500: system.cpu.commit: [tid:0]: ROB has 8 insts & 184 free entries.
 141000: system.cpu.branchPred: [tid:0]: Committing branches until [sn:8].
 141000: system.cpu.fetch: Running stage.
 141000: system.cpu.fetch: There are no more threads available to fetch from.
 141000: system.cpu.fetch: [tid:0]: Fetch is waiting cache response!
 141000: system.cpu.iq: Attempting to schedule ready instructions from the IQ.
 141000: system.cpu.iq: Not able to schedule any instructions.
 141000: system.cpu.iq: [tid:0]: Committing instructions older than [sn:8]
 141000: system.cpu.commit: DefaultCommimt<Impl>::tick() begins
 141000: system.cpu.commit: Getting instructions from Rename stage.
 141000: system.cpu.commit: Trying to commit instructions in the ROB.
 141000: system.cpu.commit: Trying to commit head instruction, [sn:9] [tid:0]
 141000: system.cpu.commit: Committing instruction with [sn:9] PC (0x401042=>0x401045).(0=>1)
 141000: system.cpu.rob: [tid:0]: Retiring head instruction, instruction PC (0x401042=>0x401045).(0=>1), [sn:9]
 141000: system.cpu.commit: Trying to commit head instruction, [sn:10] [tid:0]
 141000: system.cpu.commit: Committing instruction with [sn:10] PC (0x401045=>0x40104f).(0=>1)
 141000: system.cpu.rob: [tid:0]: Retiring head instruction, instruction PC (0x401045=>0x40104f).(0=>1), [sn:10]
 141000: system.cpu.commit: Trying to commit head instruction, [sn:11] [tid:0]
 141000: system.cpu.commit: Committing instruction with [sn:11] PC (0x40104f=>0x401059).(0=>1)
 141000: system.cpu.rob: [tid:0]: Retiring head instruction, instruction PC (0x40104f=>0x401059).(0=>1), [sn:11]
 141000: system.cpu.commit: Trying to commit head instruction, [sn:12] [tid:0]
 141000: system.cpu.commit: Committing instruction with [sn:12] PC (0x401059=>0x40105c).(0=>1)
 141000: system.cpu.rob: [tid:0]: Retiring head instruction, instruction PC (0x401059=>0x40105c).(0=>1), [sn:12]
 141000: system.cpu.commit: Trying to commit head instruction, [sn:13] [tid:0]
 141000: system.cpu.commit: Committing instruction with [sn:13] PC (0x40105c=>0x401066).(0=>1)
 141000: system.cpu.rob: [tid:0]: Retiring head instruction, instruction PC (0x40105c=>0x401066).(0=>1), [sn:13]
 141000: system.cpu.commit: Trying to commit head instruction, [sn:14] [tid:0]
 141000: system.cpu.commit: Committing instruction with [sn:14] PC (0x401066=>0x401070).(0=>1)
 141000: system.cpu.rob: [tid:0]: Retiring head instruction, instruction PC (0x401066=>0x401070).(0=>1), [sn:14]
 141000: system.cpu.commit: Trying to commit head instruction, [sn:15] [tid:0]
 141000: system.cpu.commit: Committing instruction with [sn:15] PC (0x401070=>0x401073).(0=>1)
 141000: system.cpu.rob: [tid:0]: Retiring head instruction, instruction PC (0x401070=>0x401073).(0=>1), [sn:15]
 141000: system.cpu.commit: Trying to commit head instruction, [sn:16] [tid:0]
 141000: system.cpu.commit: Committing instruction with [sn:16] PC (0x401073=>0x40107d).(0=>1)
 141000: system.cpu.rob: [tid:0]: Retiring head instruction, instruction PC (0x401073=>0x40107d).(0=>1), [sn:16]
 141000: system.cpu.commit: [tid:0]: ROB has 0 insts & 192 free entries.
 141500: system.cpu.branchPred: [tid:0]: Committing branches until [sn:16].
 141500: system.cpu.fetch: Running stage.
 141500: system.cpu.fetch: There are no more threads available to fetch from.
 141500: system.cpu.fetch: [tid:0]: Fetch is waiting cache response!
 141500: system.cpu.iq: Attempting to schedule ready instructions from the IQ.
 141500: system.cpu.iq: Not able to schedule any instructions.
 141500: system.cpu.iq: [tid:0]: Committing instructions older than [sn:16]
 141500: system.cpu.iew.lsq.thread0: LQ size: 33, #loads occupied: 0
 141500: system.cpu.iew.lsq.thread0: SQ size: 33, #stores occupied: 0
 141500: system.cpu.commit: DefaultCommimt<Impl>::tick() begins
 141500: system.cpu.commit: Getting instructions from Rename stage.
 141500: system.cpu.commit: Trying to commit instructions in the ROB.
 141500: system.cpu.commit: [tid:0]: ROB has 0 insts & 192 free entries.
 142000: system.cpu.fetch: Running stage.
 142000: system.cpu.fetch: There are no more threads available to fetch from.
 142000: system.cpu.fetch: [tid:0]: Fetch is waiting cache response!
 142000: system.cpu.iq: Attempting to schedule ready instructions from the IQ.
 142000: system.cpu.iq: Not able to schedule any instructions.
 142000: system.cpu.iew.lsq.thread0: LQ size: 33, #loads occupied: 0
 142000: system.cpu.iew.lsq.thread0: SQ size: 33, #stores occupied: 0
 142000: system.cpu.commit: DefaultCommimt<Impl>::tick() begins
 142000: system.cpu.commit: Getting instructions from Rename stage.
 142000: system.cpu.commit: Trying to commit instructions in the ROB.
 142000: system.cpu.commit: [tid:0]: ROB has 0 insts & 192 free entries.
 142500: system.cpu.fetch: Running stage.
 142500: system.cpu.fetch: There are no more threads available to fetch from.
 142500: system.cpu.fetch: [tid:0]: Fetch is waiting cache response!
 142500: system.cpu.iq: Attempting to schedule ready instructions from the IQ.
 142500: system.cpu.iq: Not able to schedule any instructions.
 142500: system.cpu.commit: DefaultCommimt<Impl>::tick() begins
 142500: system.cpu.commit: Getting instructions from Rename stage.
 142500: system.cpu.commit: Trying to commit instructions in the ROB.
 142500: system.cpu.commit: [tid:0]: ROB has 0 insts & 192 free entries.
 143000: system.cpu.fetch: Running stage.
 143000: system.cpu.fetch: There are no more threads available to fetch from.
 143000: system.cpu.fetch: [tid:0]: Fetch is waiting cache response!
 143000: system.cpu.iq: Attempting to schedule ready instructions from the IQ.
 143000: system.cpu.iq: Not able to schedule any instructions.
 143000: system.cpu.commit: DefaultCommimt<Impl>::tick() begins
 143000: system.cpu.commit: Getting instructions from Rename stage.
 143000: system.cpu.commit: Trying to commit instructions in the ROB.
 143000: system.cpu.commit: [tid:0]: ROB has 0 insts & 192 free entries.
 143500: system.cpu.fetch: Running stage.
 143500: system.cpu.fetch: There are no more threads available to fetch from.
 143500: system.cpu.fetch: [tid:0]: Fetch is waiting cache response!
 143500: system.cpu.iq: Attempting to schedule ready instructions from the IQ.
 143500: system.cpu.iq: Not able to schedule any instructions.
 143500: system.cpu.commit: DefaultCommimt<Impl>::tick() begins
 143500: system.cpu.commit: Getting instructions from Rename stage.
 143500: system.cpu.commit: Trying to commit instructions in the ROB.
 143500: system.cpu.commit: [tid:0]: ROB has 0 insts & 192 free entries.
 144000: system.cpu.fetch: Running stage.
 144000: system.cpu.fetch: There are no more threads available to fetch from.
 144000: system.cpu.fetch: [tid:0]: Fetch is waiting cache response!
 144000: system.cpu.iq: Attempting to schedule ready instructions from the IQ.
 144000: system.cpu.iq: Not able to schedule any instructions.
 144000: system.cpu.commit: DefaultCommimt<Impl>::tick() begins
 144000: system.cpu.commit: Getting instructions from Rename stage.
 144000: system.cpu.commit: Trying to commit instructions in the ROB.
 144000: system.cpu.commit: [tid:0]: ROB has 0 insts & 192 free entries.
 144500: system.cpu.fetch: Running stage.
 144500: system.cpu.fetch: There are no more threads available to fetch from.
 144500: system.cpu.fetch: [tid:0]: Fetch is waiting cache response!
 144500: system.cpu.iq: Attempting to schedule ready instructions from the IQ.
 144500: system.cpu.iq: Not able to schedule any instructions.
 144500: system.cpu.commit: DefaultCommimt<Impl>::tick() begins
 144500: system.cpu.commit: Getting instructions from Rename stage.
 144500: system.cpu.commit: Trying to commit instructions in the ROB.
 144500: system.cpu.commit: [tid:0]: ROB has 0 insts & 192 free entries.
 145000: system.cpu.fetch: Running stage.
 145000: system.cpu.fetch: There are no more threads available to fetch from.
 145000: system.cpu.fetch: [tid:0]: Fetch is waiting cache response!
 145000: system.cpu.iq: Attempting to schedule ready instructions from the IQ.
 145000: system.cpu.iq: Not able to schedule any instructions.
 145000: system.cpu.commit: DefaultCommimt<Impl>::tick() begins
 145000: system.cpu.commit: Getting instructions from Rename stage.
 145000: system.cpu.commit: Trying to commit instructions in the ROB.
 145000: system.cpu.commit: [tid:0]: ROB has 0 insts & 192 free entries.
 145500: system.cpu.fetch: Running stage.
 145500: system.cpu.fetch: There are no more threads available to fetch from.
 145500: system.cpu.fetch: [tid:0]: Fetch is waiting cache response!
 145500: system.cpu.iq: Attempting to schedule ready instructions from the IQ.
 145500: system.cpu.iq: Not able to schedule any instructions.
 145500: system.cpu.commit: DefaultCommimt<Impl>::tick() begins
 145500: system.cpu.commit: Getting instructions from Rename stage.
 145500: system.cpu.commit: Trying to commit instructions in the ROB.
 145500: system.cpu.commit: [tid:0]: ROB has 0 insts & 192 free entries.
 146000: system.cpu.fetch: Running stage.
 146000: system.cpu.fetch: There are no more threads available to fetch from.
 146000: system.cpu.fetch: [tid:0]: Fetch is waiting cache response!
 146000: system.cpu.iq: Attempting to schedule ready instructions from the IQ.
 146000: system.cpu.iq: Not able to schedule any instructions.
 146000: system.cpu.commit: DefaultCommimt<Impl>::tick() begins
 146000: system.cpu.commit: Getting instructions from Rename stage.
 146000: system.cpu.commit: Trying to commit instructions in the ROB.
 146000: system.cpu.commit: [tid:0]: ROB has 0 insts & 192 free entries.
 146500: system.cpu.fetch: Running stage.
 146500: system.cpu.fetch: There are no more threads available to fetch from.
 146500: system.cpu.fetch: [tid:0]: Fetch is waiting cache response!
 146500: system.cpu.iq: Attempting to schedule ready instructions from the IQ.
 146500: system.cpu.iq: Not able to schedule any instructions.
 146500: system.cpu.commit: DefaultCommimt<Impl>::tick() begins
 146500: system.cpu.commit: Getting instructions from Rename stage.
 146500: system.cpu.commit: Trying to commit instructions in the ROB.
 146500: system.cpu.commit: [tid:0]: ROB has 0 insts & 192 free entries.
 147000: system.cpu.fetch: Running stage.
 147000: system.cpu.fetch: There are no more threads available to fetch from.
 147000: system.cpu.fetch: [tid:0]: Fetch is waiting cache response!
 147000: system.cpu.iq: Attempting to schedule ready instructions from the IQ.
 147000: system.cpu.iq: Not able to schedule any instructions.
 147000: system.cpu.commit: DefaultCommimt<Impl>::tick() begins
 147000: system.cpu.commit: Getting instructions from Rename stage.
 147000: system.cpu.commit: Trying to commit instructions in the ROB.
 147000: system.cpu.commit: [tid:0]: ROB has 0 insts & 192 free entries.
 199001: system.cpu.fetch: [tid:0] Waking up from cache miss.
 199500: system.cpu.fetch: Running stage.
 199500: system.cpu.fetch: Attempting to fetch from [tid:0]
 199500: system.cpu.fetch: [tid:0]: Icache miss is complete.
 199500: system.cpu.fetch: [tid:0]: Adding instructions to queue to decode.
 199500: system.cpu.fetch: [tid:0]: Instruction PC 0x40107d (0) created [sn:17].
 199500: system.cpu.fetch: [tid:0]: Instruction is:   MOV_R_I : limm   r8, 0x26da40003a0740
 199500: system.cpu.fetch: [tid:0]: Fetch queue entry created (1/32).
 199500: system.cpu.fetch: [tid:0]: Instruction PC 0x401087 (0) created [sn:18].
 199500: system.cpu.fetch: [tid:0]: Instruction is:   OR_R_R : or   rdi, rdi, r8
 199500: system.cpu.fetch: [tid:0]: Fetch queue entry created (2/32).
 199500: system.cpu.fetch: [tid:0]: Instruction PC 0x40108a (0) created [sn:19].
 199500: system.cpu.fetch: [tid:0]: Instruction is:   MOV_R_I : limm   r8, 0
 199500: system.cpu.fetch: [tid:0]: Fetch queue entry created (3/32).
 199500: system.cpu.fetch: [tid:0]: Instruction PC 0x401091 (0) created [sn:20].
 199500: system.cpu.fetch: [tid:0]: Instruction is:   MOV_R_I : limm   r9, 0
 199500: system.cpu.fetch: [tid:0]: Fetch queue entry created (4/32).
 199500: system.cpu.fetch: [tid:0]: Instruction PC 0x401098 (0) created [sn:21].
 199500: system.cpu.fetch: [tid:0]: Instruction is:   MOV_R_I : limm   r10, 0
 199500: system.cpu.fetch: [tid:0]: Fetch queue entry created (5/32).
 199500: system.cpu.fetch: [tid:0]: Instruction PC 0x40109f (0) created [sn:22].
 199500: system.cpu.fetch: [tid:0]: Instruction is:   MOV_R_I : limm   r11, 0
 199500: system.cpu.fetch: [tid:0]: Fetch queue entry created (6/32).
 199500: system.cpu.fetch: [tid:0]: Instruction PC 0x4010a6 (0) created [sn:23].
 199500: system.cpu.fetch: [tid:0]: Instruction is:   MOV_R_I : limm   r12, 0
 199500: system.cpu.fetch: [tid:0]: Fetch queue entry created (7/32).
 199500: system.cpu.fetch: [tid:0]: Instruction PC 0x4010ad (0) created [sn:24].
 199500: system.cpu.fetch: [tid:0]: Instruction is:   MOV_R_I : limm   r13, 0
 199500: system.cpu.fetch: [tid:0]: Fetch queue entry created (8/32).
 199500: system.cpu.fetch: [tid:0]: Done fetching, reached fetch bandwidth for this cycle.
 199500: system.cpu.fetch: [tid:0][sn:17]: Sending instruction to decode from fetch queue. Fetch queue size: 8.
 199500: system.cpu.fetch: [tid:0][sn:18]: Sending instruction to decode from fetch queue. Fetch queue size: 7.
 199500: system.cpu.fetch: [tid:0][sn:19]: Sending instruction to decode from fetch queue. Fetch queue size: 6.
 199500: system.cpu.fetch: [tid:0][sn:20]: Sending instruction to decode from fetch queue. Fetch queue size: 5.
 199500: system.cpu.fetch: [tid:0][sn:21]: Sending instruction to decode from fetch queue. Fetch queue size: 4.
 199500: system.cpu.fetch: [tid:0][sn:22]: Sending instruction to decode from fetch queue. Fetch queue size: 3.
 199500: system.cpu.fetch: [tid:0][sn:23]: Sending instruction to decode from fetch queue. Fetch queue size: 2.
 199500: system.cpu.fetch: [tid:0][sn:24]: Sending instruction to decode from fetch queue. Fetch queue size: 1.
 199500: system.cpu.iq: Attempting to schedule ready instructions from the IQ.
 199500: system.cpu.iq: Not able to schedule any instructions.
 199500: system.cpu.commit: DefaultCommimt<Impl>::tick() begins
 199500: system.cpu.commit: Getting instructions from Rename stage.
 199500: system.cpu.commit: Trying to commit instructions in the ROB.
 199500: system.cpu.commit: [tid:0]: ROB has 0 insts & 192 free entries.
 200000: system.cpu.fetch: Running stage.
 200000: system.cpu.fetch: Attempting to fetch from [tid:0]
 200000: system.cpu.fetch: [tid:0]: Adding instructions to queue to decode.
 200000: system.cpu.fetch: [tid:0]: Instruction PC 0x4010b4 (0) created [sn:25].
 200000: system.cpu.fetch: [tid:0]: Instruction is:   MOV_R_I : limm   r15, 0
 200000: system.cpu.fetch: [tid:0]: Fetch queue entry created (1/32).
 200000: system.cpu.fetch: [tid:0]: Issuing a pipelined I-cache access, starting at PC (0x4010bb=>0x4010c3).(0=>1).
 200000: system.cpu.fetch: [tid:0] Fetching cache line 0x4010c0 for addr 0x4010c0
 200000: system.cpu.itb: Translating vaddr 0x4010c0.
 200000: system.cpu.itb: In protected mode.
 200000: system.cpu.itb: Paging enabled.
 200000: system.cpu.itb: Entry found with paddr 0x1000, doing protection checks.
 200000: system.cpu.itb: Translated 0x4010c0 -> 0x10c0.
 200000: system.cpu.fetch: Fetch: Doing instruction read.
 200000: system.cpu.fetch: [tid:0]: Doing Icache access.
 200000: system.cpu.fetch: [tid:0][sn:25]: Sending instruction to decode from fetch queue. Fetch queue size: 1.
 200000: system.cpu.iq: Attempting to schedule ready instructions from the IQ.
 200000: system.cpu.iq: Not able to schedule any instructions.
 200000: system.cpu.commit: DefaultCommimt<Impl>::tick() begins
 200000: system.cpu.commit: Getting instructions from Rename stage.
 200000: system.cpu.commit: Trying to commit instructions in the ROB.
 200000: system.cpu.commit: [tid:0]: ROB has 0 insts & 192 free entries.
 200500: system.cpu.fetch: Running stage.
 200500: system.cpu.fetch: There are no more threads available to fetch from.
 200500: system.cpu.fetch: [tid:0]: Fetch is waiting cache response!
 200500: global: [sn:18] has 1 ready out of 2 sources. RTI 0)
 200500: system.cpu.iq: Attempting to schedule ready instructions from the IQ.
 200500: system.cpu.iq: Not able to schedule any instructions.
 200500: system.cpu.commit: DefaultCommimt<Impl>::tick() begins
 200500: system.cpu.commit: Getting instructions from Rename stage.
 200500: system.cpu.commit: Trying to commit instructions in the ROB.
 200500: system.cpu.commit: [tid:0]: ROB has 0 insts & 192 free entries.
 201000: system.cpu.fetch: Running stage.
 201000: system.cpu.fetch: There are no more threads available to fetch from.
 201000: system.cpu.fetch: [tid:0]: Fetch is waiting cache response!
 201000: system.cpu.iq: Attempting to schedule ready instructions from the IQ.
 201000: system.cpu.iq: Not able to schedule any instructions.
 201000: system.cpu.commit: DefaultCommimt<Impl>::tick() begins
 201000: system.cpu.commit: Getting instructions from Rename stage.
 201000: system.cpu.commit: Inserting PC (0x40107d=>0x401087).(0=>1) [sn:17] [tid:0] into ROB.
 201000: system.cpu.rob: Adding inst PC (0x40107d=>0x401087).(0=>1) to the ROB.
 201000: system.cpu.rob: [tid:0] Now has 1 instructions.
 201000: system.cpu.commit: Inserting PC (0x401087=>0x40108a).(0=>1) [sn:18] [tid:0] into ROB.
 201000: system.cpu.rob: Adding inst PC (0x401087=>0x40108a).(0=>1) to the ROB.
 201000: system.cpu.rob: [tid:0] Now has 2 instructions.
 201000: system.cpu.commit: Inserting PC (0x40108a=>0x401091).(0=>1) [sn:19] [tid:0] into ROB.
 201000: system.cpu.rob: Adding inst PC (0x40108a=>0x401091).(0=>1) to the ROB.
 201000: system.cpu.rob: [tid:0] Now has 3 instructions.
 201000: system.cpu.commit: Inserting PC (0x401091=>0x401098).(0=>1) [sn:20] [tid:0] into ROB.
 201000: system.cpu.rob: Adding inst PC (0x401091=>0x401098).(0=>1) to the ROB.
 201000: system.cpu.rob: [tid:0] Now has 4 instructions.
 201000: system.cpu.commit: Inserting PC (0x401098=>0x40109f).(0=>1) [sn:21] [tid:0] into ROB.
 201000: system.cpu.rob: Adding inst PC (0x401098=>0x40109f).(0=>1) to the ROB.
 201000: system.cpu.rob: [tid:0] Now has 5 instructions.
 201000: system.cpu.commit: Inserting PC (0x40109f=>0x4010a6).(0=>1) [sn:22] [tid:0] into ROB.
 201000: system.cpu.rob: Adding inst PC (0x40109f=>0x4010a6).(0=>1) to the ROB.
 201000: system.cpu.rob: [tid:0] Now has 6 instructions.
 201000: system.cpu.commit: Inserting PC (0x4010a6=>0x4010ad).(0=>1) [sn:23] [tid:0] into ROB.
 201000: system.cpu.rob: Adding inst PC (0x4010a6=>0x4010ad).(0=>1) to the ROB.
 201000: system.cpu.rob: [tid:0] Now has 7 instructions.
 201000: system.cpu.commit: Inserting PC (0x4010ad=>0x4010b4).(0=>1) [sn:24] [tid:0] into ROB.
 201000: system.cpu.rob: Adding inst PC (0x4010ad=>0x4010b4).(0=>1) to the ROB.
 201000: system.cpu.rob: [tid:0] Now has 8 instructions.
 201000: system.cpu.commit: Trying to commit instructions in the ROB.
 201000: system.cpu.commit: [tid:0]: Can't commit, Instruction [sn:17] PC (0x40107d=>0x401087).(0=>1) is head of ROB and not ready
 201000: system.cpu.commit: [tid:0]: ROB has 8 insts & 184 free entries.
 201500: system.cpu.fetch: Running stage.
 201500: system.cpu.fetch: There are no more threads available to fetch from.
 201500: system.cpu.fetch: [tid:0]: Fetch is waiting cache response!
 201500: system.cpu.iq: Adding instruction [sn:17] PC (0x40107d=>0x401087).(0=>1) to the IQ.
 201500: system.cpu.iq: (addIfReady, regular) Instruction is ready to issue, putting it onto the ready list, PC (0x40107d=>0x401087).(0=>1) opclass:1 [sn:17].
 201500: system.cpu.iq: Adding instruction [sn:18] PC (0x401087=>0x40108a).(0=>1) to the IQ.
 201500: system.cpu.iq: Instruction PC (0x401087=>0x40108a).(0=>1) has src reg 54 (IntRegClass) that is being added to the dependency chain.
 201500: system.cpu.iq: Adding instruction [sn:19] PC (0x40108a=>0x401091).(0=>1) to the IQ.
 201500: system.cpu.iq: (addIfReady, regular) Instruction is ready to issue, putting it onto the ready list, PC (0x40108a=>0x401091).(0=>1) opclass:1 [sn:19].
 201500: system.cpu.iq: Adding instruction [sn:20] PC (0x401091=>0x401098).(0=>1) to the IQ.
 201500: system.cpu.iq: (addIfReady, regular) Instruction is ready to issue, putting it onto the ready list, PC (0x401091=>0x401098).(0=>1) opclass:1 [sn:20].
 201500: system.cpu.iq: Adding instruction [sn:21] PC (0x401098=>0x40109f).(0=>1) to the IQ.
 201500: system.cpu.iq: (addIfReady, regular) Instruction is ready to issue, putting it onto the ready list, PC (0x401098=>0x40109f).(0=>1) opclass:1 [sn:21].
 201500: system.cpu.iq: Adding instruction [sn:22] PC (0x40109f=>0x4010a6).(0=>1) to the IQ.
 201500: system.cpu.iq: (addIfReady, regular) Instruction is ready to issue, putting it onto the ready list, PC (0x40109f=>0x4010a6).(0=>1) opclass:1 [sn:22].
 201500: system.cpu.iq: Adding instruction [sn:23] PC (0x4010a6=>0x4010ad).(0=>1) to the IQ.
 201500: system.cpu.iq: (addIfReady, regular) Instruction is ready to issue, putting it onto the ready list, PC (0x4010a6=>0x4010ad).(0=>1) opclass:1 [sn:23].
 201500: system.cpu.iq: Adding instruction [sn:24] PC (0x4010ad=>0x4010b4).(0=>1) to the IQ.
 201500: system.cpu.iq: (addIfReady, regular) Instruction is ready to issue, putting it onto the ready list, PC (0x4010ad=>0x4010b4).(0=>1) opclass:1 [sn:24].
 201500: system.cpu.iq: Attempting to schedule ready instructions from the IQ.
 201500: system.cpu.iq: Thread 0: Issuing instruction PC (0x40107d=>0x401087).(0=>1) [sn:17]
 201500: system.cpu.iq: Thread 0: Issuing instruction PC (0x40108a=>0x401091).(0=>1) [sn:19]
 201500: system.cpu.iq: Thread 0: Issuing instruction PC (0x401091=>0x401098).(0=>1) [sn:20]
 201500: system.cpu.iq: Thread 0: Issuing instruction PC (0x401098=>0x40109f).(0=>1) [sn:21]
 201500: system.cpu.iq: Thread 0: Issuing instruction PC (0x40109f=>0x4010a6).(0=>1) [sn:22]
 201500: system.cpu.iq: Thread 0: Issuing instruction PC (0x4010a6=>0x4010ad).(0=>1) [sn:23]
 201500: system.cpu.commit: DefaultCommimt<Impl>::tick() begins
 201500: system.cpu.commit: Getting instructions from Rename stage.
 201500: system.cpu.commit: Inserting PC (0x4010b4=>0x4010bb).(0=>1) [sn:25] [tid:0] into ROB.
 201500: system.cpu.rob: Adding inst PC (0x4010b4=>0x4010bb).(0=>1) to the ROB.
 201500: system.cpu.rob: [tid:0] Now has 9 instructions.
 201500: system.cpu.commit: Trying to commit instructions in the ROB.
 201500: system.cpu.commit: [tid:0]: Can't commit, Instruction [sn:17] PC (0x40107d=>0x401087).(0=>1) is head of ROB and not ready
 201500: system.cpu.commit: [tid:0]: ROB has 9 insts & 183 free entries.
 202000: system.cpu.fetch: Running stage.
 202000: system.cpu.fetch: There are no more threads available to fetch from.
 202000: system.cpu.fetch: [tid:0]: Fetch is waiting cache response!
 202000: system.cpu.iq: Adding instruction [sn:25] PC (0x4010b4=>0x4010bb).(0=>1) to the IQ.
 202000: system.cpu.iq: (addIfReady, regular) Instruction is ready to issue, putting it onto the ready list, PC (0x4010b4=>0x4010bb).(0=>1) opclass:1 [sn:25].
 202000: system.cpu.iq: Waking dependents of completed instruction [sn:17].
 202000: system.cpu.iq: Waking any dependents on register 54 (IntRegClass).
 202000: system.cpu.iq: Waking up a dependent instruction, [sn:18] PC (0x401087=>0x40108a).(0=>1).
 202000: global: [sn:18] has 2 ready out of 2 sources. RTI 0)
 202000: system.cpu.iq: (addIfReady, regular) Instruction is ready to issue, putting it onto the ready list, PC (0x401087=>0x40108a).(0=>1) opclass:1 [sn:18].
 202000: system.cpu.iq: Waking dependents of completed instruction [sn:19].
 202000: system.cpu.iq: Waking any dependents on register 56 (IntRegClass).
 202000: system.cpu.iq: Waking dependents of completed instruction [sn:20].
 202000: system.cpu.iq: Waking any dependents on register 57 (IntRegClass).
 202000: system.cpu.iq: Waking dependents of completed instruction [sn:21].
 202000: system.cpu.iq: Waking any dependents on register 58 (IntRegClass).
 202000: system.cpu.iq: Waking dependents of completed instruction [sn:22].
 202000: system.cpu.iq: Waking any dependents on register 59 (IntRegClass).
 202000: system.cpu.iq: Waking dependents of completed instruction [sn:23].
 202000: system.cpu.iq: Waking any dependents on register 60 (IntRegClass).
 202000: system.cpu.iq: Attempting to schedule ready instructions from the IQ.
 202000: system.cpu.iq: Thread 0: Issuing instruction PC (0x401087=>0x40108a).(0=>1) [sn:18]
 202000: system.cpu.iq: Thread 0: Issuing instruction PC (0x4010ad=>0x4010b4).(0=>1) [sn:24]
 202000: system.cpu.iq: Thread 0: Issuing instruction PC (0x4010b4=>0x4010bb).(0=>1) [sn:25]
 202000: system.cpu.iew.lsq.thread0: LQ size: 33, #loads occupied: 0
 202000: system.cpu.iew.lsq.thread0: SQ size: 33, #stores occupied: 0
 202000: system.cpu.commit: DefaultCommimt<Impl>::tick() begins
 202000: system.cpu.commit: Getting instructions from Rename stage.
 202000: system.cpu.commit: Trying to commit instructions in the ROB.
 202000: system.cpu.commit: [tid:0]: Can't commit, Instruction [sn:17] PC (0x40107d=>0x401087).(0=>1) is head of ROB and not ready
 202000: system.cpu.commit: [tid:0]: ROB has 9 insts & 183 free entries.
 202500: system.cpu.fetch: Running stage.
 202500: system.cpu.fetch: There are no more threads available to fetch from.
 202500: system.cpu.fetch: [tid:0]: Fetch is waiting cache response!
 202500: system.cpu.iq: Waking dependents of completed instruction [sn:18].
 202500: system.cpu.iq: Waking any dependents on register 55 (IntRegClass).
 202500: system.cpu.iq: Waking any dependents on register 15 (CCRegClass).
 202500: system.cpu.iq: Waking any dependents on register 16 (CCRegClass).
 202500: system.cpu.iq: Waking dependents of completed instruction [sn:24].
 202500: system.cpu.iq: Waking any dependents on register 61 (IntRegClass).
 202500: system.cpu.iq: Waking dependents of completed instruction [sn:25].
 202500: system.cpu.iq: Waking any dependents on register 62 (IntRegClass).
 202500: system.cpu.iq: Attempting to schedule ready instructions from the IQ.
 202500: system.cpu.iq: Not able to schedule any instructions.
 202500: system.cpu.iew.lsq.thread0: LQ size: 33, #loads occupied: 0
 202500: system.cpu.iew.lsq.thread0: SQ size: 33, #stores occupied: 0
 202500: system.cpu.commit: DefaultCommimt<Impl>::tick() begins
 202500: system.cpu.commit: Getting instructions from Rename stage.
 202500: system.cpu.commit: Trying to commit instructions in the ROB.
 202500: system.cpu.commit: get the inst [num:0]
 202500: system.cpu.commit: [tid:0]: Marking PC (0x40107d=>0x401087).(0=>1), [sn:17] ready within ROB.
 202500: system.cpu.commit: get the inst [num:1]
 202500: system.cpu.commit: [tid:0]: Marking PC (0x40108a=>0x401091).(0=>1), [sn:19] ready within ROB.
 202500: system.cpu.commit: get the inst [num:2]
 202500: system.cpu.commit: [tid:0]: Marking PC (0x401091=>0x401098).(0=>1), [sn:20] ready within ROB.
 202500: system.cpu.commit: get the inst [num:3]
 202500: system.cpu.commit: [tid:0]: Marking PC (0x401098=>0x40109f).(0=>1), [sn:21] ready within ROB.
 202500: system.cpu.commit: get the inst [num:4]
 202500: system.cpu.commit: [tid:0]: Marking PC (0x40109f=>0x4010a6).(0=>1), [sn:22] ready within ROB.
 202500: system.cpu.commit: get the inst [num:5]
 202500: system.cpu.commit: [tid:0]: Marking PC (0x4010a6=>0x4010ad).(0=>1), [sn:23] ready within ROB.
 202500: system.cpu.commit: [tid:0]: Instruction [sn:17] PC (0x40107d=>0x401087).(0=>1) is head of ROB and ready to commit
 202500: system.cpu.commit: [tid:0]: ROB has 9 insts & 183 free entries.
 203000: system.cpu.fetch: Running stage.
 203000: system.cpu.fetch: There are no more threads available to fetch from.
 203000: system.cpu.fetch: [tid:0]: Fetch is waiting cache response!
 203000: system.cpu.iq: Attempting to schedule ready instructions from the IQ.
 203000: system.cpu.iq: Not able to schedule any instructions.
 203000: system.cpu.commit: DefaultCommimt<Impl>::tick() begins
 203000: system.cpu.commit: Getting instructions from Rename stage.
 203000: system.cpu.commit: Trying to commit instructions in the ROB.
 203000: system.cpu.commit: Trying to commit head instruction, [sn:17] [tid:0]
 203000: system.cpu.commit: Committing instruction with [sn:17] PC (0x40107d=>0x401087).(0=>1)
 203000: system.cpu.rob: [tid:0]: Retiring head instruction, instruction PC (0x40107d=>0x401087).(0=>1), [sn:17]
 203000: system.cpu.commit: get the inst [num:0]
 203000: system.cpu.commit: [tid:0]: Marking PC (0x401087=>0x40108a).(0=>1), [sn:18] ready within ROB.
 203000: system.cpu.commit: get the inst [num:1]
 203000: system.cpu.commit: [tid:0]: Marking PC (0x4010ad=>0x4010b4).(0=>1), [sn:24] ready within ROB.
 203000: system.cpu.commit: get the inst [num:2]
 203000: system.cpu.commit: [tid:0]: Marking PC (0x4010b4=>0x4010bb).(0=>1), [sn:25] ready within ROB.
 203000: system.cpu.commit: [tid:0]: Instruction [sn:18] PC (0x401087=>0x40108a).(0=>1) is head of ROB and ready to commit
 203000: system.cpu.commit: [tid:0]: ROB has 8 insts & 184 free entries.
 203500: system.cpu.branchPred: [tid:0]: Committing branches until [sn:17].
 203500: system.cpu.fetch: Running stage.
 203500: system.cpu.fetch: There are no more threads available to fetch from.
 203500: system.cpu.fetch: [tid:0]: Fetch is waiting cache response!
 203500: system.cpu.iq: Attempting to schedule ready instructions from the IQ.
 203500: system.cpu.iq: Not able to schedule any instructions.
 203500: system.cpu.iq: [tid:0]: Committing instructions older than [sn:17]
 203500: system.cpu.commit: DefaultCommimt<Impl>::tick() begins
 203500: system.cpu.commit: Getting instructions from Rename stage.
 203500: system.cpu.commit: Trying to commit instructions in the ROB.
 203500: system.cpu.commit: Trying to commit head instruction, [sn:18] [tid:0]
 203500: system.cpu.commit: Committing instruction with [sn:18] PC (0x401087=>0x40108a).(0=>1)
 203500: system.cpu.rob: [tid:0]: Retiring head instruction, instruction PC (0x401087=>0x40108a).(0=>1), [sn:18]
 203500: system.cpu.commit: Trying to commit head instruction, [sn:19] [tid:0]
 203500: system.cpu.commit: Committing instruction with [sn:19] PC (0x40108a=>0x401091).(0=>1)
 203500: system.cpu.rob: [tid:0]: Retiring head instruction, instruction PC (0x40108a=>0x401091).(0=>1), [sn:19]
 203500: system.cpu.commit: Trying to commit head instruction, [sn:20] [tid:0]
 203500: system.cpu.commit: Committing instruction with [sn:20] PC (0x401091=>0x401098).(0=>1)
 203500: system.cpu.rob: [tid:0]: Retiring head instruction, instruction PC (0x401091=>0x401098).(0=>1), [sn:20]
 203500: system.cpu.commit: Trying to commit head instruction, [sn:21] [tid:0]
 203500: system.cpu.commit: Committing instruction with [sn:21] PC (0x401098=>0x40109f).(0=>1)
 203500: system.cpu.rob: [tid:0]: Retiring head instruction, instruction PC (0x401098=>0x40109f).(0=>1), [sn:21]
 203500: system.cpu.commit: Trying to commit head instruction, [sn:22] [tid:0]
 203500: system.cpu.commit: Committing instruction with [sn:22] PC (0x40109f=>0x4010a6).(0=>1)
 203500: system.cpu.rob: [tid:0]: Retiring head instruction, instruction PC (0x40109f=>0x4010a6).(0=>1), [sn:22]
 203500: system.cpu.commit: Trying to commit head instruction, [sn:23] [tid:0]
 203500: system.cpu.commit: Committing instruction with [sn:23] PC (0x4010a6=>0x4010ad).(0=>1)
 203500: system.cpu.rob: [tid:0]: Retiring head instruction, instruction PC (0x4010a6=>0x4010ad).(0=>1), [sn:23]
 203500: system.cpu.commit: Trying to commit head instruction, [sn:24] [tid:0]
 203500: system.cpu.commit: Committing instruction with [sn:24] PC (0x4010ad=>0x4010b4).(0=>1)
 203500: system.cpu.rob: [tid:0]: Retiring head instruction, instruction PC (0x4010ad=>0x4010b4).(0=>1), [sn:24]
 203500: system.cpu.commit: Trying to commit head instruction, [sn:25] [tid:0]
 203500: system.cpu.commit: Committing instruction with [sn:25] PC (0x4010b4=>0x4010bb).(0=>1)
 203500: system.cpu.rob: [tid:0]: Retiring head instruction, instruction PC (0x4010b4=>0x4010bb).(0=>1), [sn:25]
 203500: system.cpu.commit: [tid:0]: ROB has 0 insts & 192 free entries.
 204000: system.cpu.branchPred: [tid:0]: Committing branches until [sn:25].
 204000: system.cpu.fetch: Running stage.
 204000: system.cpu.fetch: There are no more threads available to fetch from.
 204000: system.cpu.fetch: [tid:0]: Fetch is waiting cache response!
 204000: system.cpu.iq: Attempting to schedule ready instructions from the IQ.
 204000: system.cpu.iq: Not able to schedule any instructions.
 204000: system.cpu.iq: [tid:0]: Committing instructions older than [sn:25]
 204000: system.cpu.iew.lsq.thread0: LQ size: 33, #loads occupied: 0
 204000: system.cpu.iew.lsq.thread0: SQ size: 33, #stores occupied: 0
 204000: system.cpu.commit: DefaultCommimt<Impl>::tick() begins
 204000: system.cpu.commit: Getting instructions from Rename stage.
 204000: system.cpu.commit: Trying to commit instructions in the ROB.
 204000: system.cpu.commit: [tid:0]: ROB has 0 insts & 192 free entries.
 204500: system.cpu.fetch: Running stage.
 204500: system.cpu.fetch: There are no more threads available to fetch from.
 204500: system.cpu.fetch: [tid:0]: Fetch is waiting cache response!
 204500: system.cpu.iq: Attempting to schedule ready instructions from the IQ.
 204500: system.cpu.iq: Not able to schedule any instructions.
 204500: system.cpu.iew.lsq.thread0: LQ size: 33, #loads occupied: 0
 204500: system.cpu.iew.lsq.thread0: SQ size: 33, #stores occupied: 0
 204500: system.cpu.commit: DefaultCommimt<Impl>::tick() begins
 204500: system.cpu.commit: Getting instructions from Rename stage.
 204500: system.cpu.commit: Trying to commit instructions in the ROB.
 204500: system.cpu.commit: [tid:0]: ROB has 0 insts & 192 free entries.
 205000: system.cpu.fetch: Running stage.
 205000: system.cpu.fetch: There are no more threads available to fetch from.
 205000: system.cpu.fetch: [tid:0]: Fetch is waiting cache response!
 205000: system.cpu.iq: Attempting to schedule ready instructions from the IQ.
 205000: system.cpu.iq: Not able to schedule any instructions.
 205000: system.cpu.commit: DefaultCommimt<Impl>::tick() begins
 205000: system.cpu.commit: Getting instructions from Rename stage.
 205000: system.cpu.commit: Trying to commit instructions in the ROB.
 205000: system.cpu.commit: [tid:0]: ROB has 0 insts & 192 free entries.
 205500: system.cpu.fetch: Running stage.
 205500: system.cpu.fetch: There are no more threads available to fetch from.
 205500: system.cpu.fetch: [tid:0]: Fetch is waiting cache response!
 205500: system.cpu.iq: Attempting to schedule ready instructions from the IQ.
 205500: system.cpu.iq: Not able to schedule any instructions.
 205500: system.cpu.commit: DefaultCommimt<Impl>::tick() begins
 205500: system.cpu.commit: Getting instructions from Rename stage.
 205500: system.cpu.commit: Trying to commit instructions in the ROB.
 205500: system.cpu.commit: [tid:0]: ROB has 0 insts & 192 free entries.
 206000: system.cpu.fetch: Running stage.
 206000: system.cpu.fetch: There are no more threads available to fetch from.
 206000: system.cpu.fetch: [tid:0]: Fetch is waiting cache response!
 206000: system.cpu.iq: Attempting to schedule ready instructions from the IQ.
 206000: system.cpu.iq: Not able to schedule any instructions.
 206000: system.cpu.commit: DefaultCommimt<Impl>::tick() begins
 206000: system.cpu.commit: Getting instructions from Rename stage.
 206000: system.cpu.commit: Trying to commit instructions in the ROB.
 206000: system.cpu.commit: [tid:0]: ROB has 0 insts & 192 free entries.
 206500: system.cpu.fetch: Running stage.
 206500: system.cpu.fetch: There are no more threads available to fetch from.
 206500: system.cpu.fetch: [tid:0]: Fetch is waiting cache response!
 206500: system.cpu.iq: Attempting to schedule ready instructions from the IQ.
 206500: system.cpu.iq: Not able to schedule any instructions.
 206500: system.cpu.commit: DefaultCommimt<Impl>::tick() begins
 206500: system.cpu.commit: Getting instructions from Rename stage.
 206500: system.cpu.commit: Trying to commit instructions in the ROB.
 206500: system.cpu.commit: [tid:0]: ROB has 0 insts & 192 free entries.
 207000: system.cpu.fetch: Running stage.
 207000: system.cpu.fetch: There are no more threads available to fetch from.
 207000: system.cpu.fetch: [tid:0]: Fetch is waiting cache response!
 207000: system.cpu.iq: Attempting to schedule ready instructions from the IQ.
 207000: system.cpu.iq: Not able to schedule any instructions.
 207000: system.cpu.commit: DefaultCommimt<Impl>::tick() begins
 207000: system.cpu.commit: Getting instructions from Rename stage.
 207000: system.cpu.commit: Trying to commit instructions in the ROB.
 207000: system.cpu.commit: [tid:0]: ROB has 0 insts & 192 free entries.
 207500: system.cpu.fetch: Running stage.
 207500: system.cpu.fetch: There are no more threads available to fetch from.
 207500: system.cpu.fetch: [tid:0]: Fetch is waiting cache response!
 207500: system.cpu.iq: Attempting to schedule ready instructions from the IQ.
 207500: system.cpu.iq: Not able to schedule any instructions.
 207500: system.cpu.commit: DefaultCommimt<Impl>::tick() begins
 207500: system.cpu.commit: Getting instructions from Rename stage.
 207500: system.cpu.commit: Trying to commit instructions in the ROB.
 207500: system.cpu.commit: [tid:0]: ROB has 0 insts & 192 free entries.
 208000: system.cpu.fetch: Running stage.
 208000: system.cpu.fetch: There are no more threads available to fetch from.
 208000: system.cpu.fetch: [tid:0]: Fetch is waiting cache response!
 208000: system.cpu.iq: Attempting to schedule ready instructions from the IQ.
 208000: system.cpu.iq: Not able to schedule any instructions.
 208000: system.cpu.commit: DefaultCommimt<Impl>::tick() begins
 208000: system.cpu.commit: Getting instructions from Rename stage.
 208000: system.cpu.commit: Trying to commit instructions in the ROB.
 208000: system.cpu.commit: [tid:0]: ROB has 0 insts & 192 free entries.
 208500: system.cpu.fetch: Running stage.
 208500: system.cpu.fetch: There are no more threads available to fetch from.
 208500: system.cpu.fetch: [tid:0]: Fetch is waiting cache response!
 208500: system.cpu.iq: Attempting to schedule ready instructions from the IQ.
 208500: system.cpu.iq: Not able to schedule any instructions.
 208500: system.cpu.commit: DefaultCommimt<Impl>::tick() begins
 208500: system.cpu.commit: Getting instructions from Rename stage.
 208500: system.cpu.commit: Trying to commit instructions in the ROB.
 208500: system.cpu.commit: [tid:0]: ROB has 0 insts & 192 free entries.
 209000: system.cpu.fetch: Running stage.
 209000: system.cpu.fetch: There are no more threads available to fetch from.
 209000: system.cpu.fetch: [tid:0]: Fetch is waiting cache response!
 209000: system.cpu.iq: Attempting to schedule ready instructions from the IQ.
 209000: system.cpu.iq: Not able to schedule any instructions.
 209000: system.cpu.commit: DefaultCommimt<Impl>::tick() begins
 209000: system.cpu.commit: Getting instructions from Rename stage.
 209000: system.cpu.commit: Trying to commit instructions in the ROB.
 209000: system.cpu.commit: [tid:0]: ROB has 0 insts & 192 free entries.
 209500: system.cpu.fetch: Running stage.
 209500: system.cpu.fetch: There are no more threads available to fetch from.
 209500: system.cpu.fetch: [tid:0]: Fetch is waiting cache response!
 209500: system.cpu.iq: Attempting to schedule ready instructions from the IQ.
 209500: system.cpu.iq: Not able to schedule any instructions.
 209500: system.cpu.commit: DefaultCommimt<Impl>::tick() begins
 209500: system.cpu.commit: Getting instructions from Rename stage.
 209500: system.cpu.commit: Trying to commit instructions in the ROB.
 209500: system.cpu.commit: [tid:0]: ROB has 0 insts & 192 free entries.
 261501: system.cpu.fetch: [tid:0] Waking up from cache miss.
 262000: system.cpu.fetch: Running stage.
 262000: system.cpu.fetch: Attempting to fetch from [tid:0]
 262000: system.cpu.fetch: [tid:0]: Icache miss is complete.
 262000: system.cpu.fetch: [tid:0]: Adding instructions to queue to decode.
 262000: system.cpu.fetch: [tid:0]: Instruction PC 0x4010bb (0) created [sn:26].
 262000: system.cpu.fetch: [tid:0]: Instruction is:   MOV_R_I : limm   r14, 0x8503000
 262000: system.cpu.fetch: [tid:0]: Fetch queue entry created (1/32).
 262000: system.cpu.fetch: [tid:0]: Instruction PC 0x4010c2 (0) created [sn:27].
 262000: system.cpu.fetch: [tid:0]: Instruction is:   MOV_R_I : limm   rsp, 0x8506000
 262000: system.cpu.fetch: [tid:0]: Fetch queue entry created (2/32).
 262000: system.cpu.fetch: [tid:0]: Instruction PC 0x4010c9 (0) created [sn:28].
 262000: system.cpu.fetch: [tid:0]: Instruction is:   MOV_R_I : limm   rbp, 0x8506000
 262000: system.cpu.fetch: [tid:0]: Fetch queue entry created (3/32).
 262000: system.cpu.fetch: [tid:0]: Instruction PC 0x4010d0 (0) created [sn:29].
 262000: system.cpu.fetch: [tid:0]: Instruction is:   MOV_R_I : limm   r10, 0xc2
 262000: system.cpu.fetch: [tid:0]: Fetch queue entry created (4/32).
 262000: system.cpu.fetch: [tid:0]: Instruction PC 0x4010d7 (0) created [sn:30].
 262000: system.cpu.fetch: [tid:0]: Instruction is:   PUSH_R : stis   r10, SS:[rsp + 0xfffffffffffffff8]
 262000: system.cpu.fetch: [tid:0]: Fetch queue entry created (5/32).
 262000: system.cpu.fetch: [tid:0]: Instruction PC 0x4010d7 (1) created [sn:31].
 262000: system.cpu.fetch: [tid:0]: Instruction is:   PUSH_R : subi   rsp, rsp, 0x8
 262000: system.cpu.fetch: [tid:0]: Fetch queue entry created (6/32).
 262000: system.cpu.fetch: [tid:0]: Instruction PC 0x4010d9 (0) created [sn:32].
 262000: system.cpu.fetch: [tid:0]: Instruction is:   POPF : ld   t1, SS:[rsp]
 262000: system.cpu.fetch: [tid:0]: Fetch queue entry created (7/32).
 262000: system.cpu.fetch: [tid:0]: Instruction PC 0x4010d9 (1) created [sn:33].
 262000: system.cpu.fetch: [tid:0]: Instruction is:   POPF : addi   rsp, rsp, 0x8
 262000: system.cpu.fetch: [tid:0]: Fetch queue entry created (8/32).
 262000: system.cpu.fetch: [tid:0]: Done fetching, reached fetch bandwidth for this cycle.
 262000: system.cpu.fetch: [tid:0][sn:26]: Sending instruction to decode from fetch queue. Fetch queue size: 8.
 262000: system.cpu.fetch: [tid:0][sn:27]: Sending instruction to decode from fetch queue. Fetch queue size: 7.
 262000: system.cpu.fetch: [tid:0][sn:28]: Sending instruction to decode from fetch queue. Fetch queue size: 6.
 262000: system.cpu.fetch: [tid:0][sn:29]: Sending instruction to decode from fetch queue. Fetch queue size: 5.
 262000: system.cpu.fetch: [tid:0][sn:30]: Sending instruction to decode from fetch queue. Fetch queue size: 4.
 262000: system.cpu.fetch: [tid:0][sn:31]: Sending instruction to decode from fetch queue. Fetch queue size: 3.
 262000: system.cpu.fetch: [tid:0][sn:32]: Sending instruction to decode from fetch queue. Fetch queue size: 2.
 262000: system.cpu.fetch: [tid:0][sn:33]: Sending instruction to decode from fetch queue. Fetch queue size: 1.
 262000: system.cpu.iq: Attempting to schedule ready instructions from the IQ.
 262000: system.cpu.iq: Not able to schedule any instructions.
 262000: system.cpu.commit: DefaultCommimt<Impl>::tick() begins
 262000: system.cpu.commit: Getting instructions from Rename stage.
 262000: system.cpu.commit: Trying to commit instructions in the ROB.
 262000: system.cpu.commit: [tid:0]: ROB has 0 insts & 192 free entries.
 262500: system.cpu.fetch: Running stage.
 262500: system.cpu.fetch: Attempting to fetch from [tid:0]
 262500: system.cpu.fetch: [tid:0]: Adding instructions to queue to decode.
 262500: system.cpu.fetch: [tid:0]: Instruction PC 0x4010d9 (2) created [sn:34].
 262500: system.cpu.fetch: [tid:0]: Instruction is:   POPF : wrflags   %cc0, t1, t0
 262500: system.cpu.fetch: [tid:0]: Fetch queue entry created (1/32).
 262500: system.cpu.fetch: [tid:0]: Instruction PC 0x4010da (0) created [sn:35].
 262500: system.cpu.fetch: [tid:0]: Instruction is:   MOV_R_I : limm   rsp, 0x8504ff8
 262500: system.cpu.fetch: [tid:0]: Fetch queue entry created (2/32).
 262500: system.cpu.fetch: [tid:0]: Instruction PC 0x4010e1 (0) created [sn:36].
 262500: system.cpu.fetch: [tid:0]: Instruction is:   MOV_R_I : limm   rbp, 0x8504ff8
 262500: system.cpu.fetch: [tid:0]: Fetch queue entry created (3/32).
 262500: system.cpu.fetch: [tid:0]: Instruction PC 0x4010e8 (0) created [sn:37].
 262500: system.cpu.fetch: [tid:0]: Instruction is:   LFENCE   
 262500: system.cpu.fetch: [tid:0]: Fetch queue entry created (4/32).
 262500: system.cpu.fetch: [tid:0]: Instruction PC 0x4010eb (0) created [sn:38].
 262500: system.cpu.fetch: [tid:0]: Instruction is:   MOV_R_R : mov   rax, rax, r14
 262500: system.cpu.fetch: [tid:0]: Fetch queue entry created (5/32).
 262500: system.cpu.fetch: [tid:0]: Instruction PC 0x4010ee (0) created [sn:39].
 262500: system.cpu.fetch: [tid:0]: Instruction is:   MOV_R_M : ld   rbx, DS:[rax + 0x1000]
 262500: system.cpu.fetch: [tid:0]: Fetch queue entry created (6/32).
 262500: system.cpu.fetch: [tid:0]: Instruction PC 0x4010f5 (0) created [sn:40].
 262500: system.cpu.fetch: [tid:0]: Instruction is:   AND_R_I : limm   t1, 0x7e0
 262500: system.cpu.fetch: [tid:0]: Fetch queue entry created (7/32).
 262500: system.cpu.fetch: [tid:0]: Instruction PC 0x4010f5 (1) created [sn:41].
 262500: system.cpu.fetch: [tid:0]: Instruction is:   AND_R_I : and   rbx, rbx, t1
 262500: system.cpu.fetch: [tid:0]: Fetch queue entry created (8/32).
 262500: system.cpu.fetch: [tid:0]: Done fetching, reached fetch bandwidth for this cycle.
 262500: system.cpu.fetch: [tid:0][sn:34]: Sending instruction to decode from fetch queue. Fetch queue size: 8.
 262500: system.cpu.fetch: [tid:0][sn:35]: Sending instruction to decode from fetch queue. Fetch queue size: 7.
 262500: system.cpu.fetch: [tid:0][sn:36]: Sending instruction to decode from fetch queue. Fetch queue size: 6.
 262500: system.cpu.fetch: [tid:0][sn:37]: Sending instruction to decode from fetch queue. Fetch queue size: 5.
 262500: system.cpu.fetch: [tid:0][sn:38]: Sending instruction to decode from fetch queue. Fetch queue size: 4.
 262500: system.cpu.fetch: [tid:0][sn:39]: Sending instruction to decode from fetch queue. Fetch queue size: 3.
 262500: system.cpu.fetch: [tid:0][sn:40]: Sending instruction to decode from fetch queue. Fetch queue size: 2.
 262500: system.cpu.fetch: [tid:0][sn:41]: Sending instruction to decode from fetch queue. Fetch queue size: 1.
 262500: system.cpu.iq: Attempting to schedule ready instructions from the IQ.
 262500: system.cpu.iq: Not able to schedule any instructions.
 262500: system.cpu.commit: DefaultCommimt<Impl>::tick() begins
 262500: system.cpu.commit: Getting instructions from Rename stage.
 262500: system.cpu.commit: Trying to commit instructions in the ROB.
 262500: system.cpu.commit: [tid:0]: ROB has 0 insts & 192 free entries.
 263000: system.cpu.fetch: Running stage.
 263000: system.cpu.fetch: Attempting to fetch from [tid:0]
 263000: system.cpu.fetch: [tid:0]: Adding instructions to queue to decode.
 263000: system.cpu.fetch: [tid:0]: Instruction PC 0x4010fc (0) created [sn:42].
 263000: system.cpu.fetch: [tid:0]: Instruction is:   MOV_R_M : ld   rbx, DS:[rbx + rax]
 263000: system.cpu.fetch: [tid:0]: Fetch queue entry created (1/32).
 263000: system.cpu.fetch: [tid:0]: Issuing a pipelined I-cache access, starting at PC (0x401100=>0x401108).(0=>1).
 263000: system.cpu.fetch: [tid:0] Fetching cache line 0x401100 for addr 0x401100
 263000: system.cpu.itb: Translating vaddr 0x401100.
 263000: system.cpu.itb: In protected mode.
 263000: system.cpu.itb: Paging enabled.
 263000: system.cpu.itb: Entry found with paddr 0x1000, doing protection checks.
 263000: system.cpu.itb: Translated 0x401100 -> 0x1100.
 263000: system.cpu.fetch: Fetch: Doing instruction read.
 263000: system.cpu.fetch: [tid:0]: Doing Icache access.
 263000: system.cpu.fetch: [tid:0][sn:42]: Sending instruction to decode from fetch queue. Fetch queue size: 1.
 263000: global: [sn:30] has 1 ready out of 4 sources. RTI 0)
 263000: global: [sn:30] has 2 ready out of 4 sources. RTI 0)
 263000: global: [sn:32] has 1 ready out of 3 sources. RTI 0)
 263000: global: [sn:32] has 2 ready out of 3 sources. RTI 0)
 263000: system.cpu.iq: Attempting to schedule ready instructions from the IQ.
 263000: system.cpu.iq: Not able to schedule any instructions.
 263000: system.cpu.commit: DefaultCommimt<Impl>::tick() begins
 263000: system.cpu.commit: Getting instructions from Rename stage.
 263000: system.cpu.commit: Trying to commit instructions in the ROB.
 263000: system.cpu.commit: [tid:0]: ROB has 0 insts & 192 free entries.
 263500: system.cpu.fetch: Running stage.
 263500: system.cpu.fetch: There are no more threads available to fetch from.
 263500: system.cpu.fetch: [tid:0]: Fetch is waiting cache response!
 263500: global: [sn:34] has 1 ready out of 2 sources. RTI 0)
 263500: system.cpu.iq: Attempting to schedule ready instructions from the IQ.
 263500: system.cpu.iq: Not able to schedule any instructions.
 263500: system.cpu.commit: DefaultCommimt<Impl>::tick() begins
 263500: system.cpu.commit: Getting instructions from Rename stage.
 263500: system.cpu.commit: Inserting PC (0x4010bb=>0x4010c2).(0=>1) [sn:26] [tid:0] into ROB.
 263500: system.cpu.rob: Adding inst PC (0x4010bb=>0x4010c2).(0=>1) to the ROB.
 263500: system.cpu.rob: [tid:0] Now has 1 instructions.
 263500: system.cpu.commit: Inserting PC (0x4010c2=>0x4010c9).(0=>1) [sn:27] [tid:0] into ROB.
 263500: system.cpu.rob: Adding inst PC (0x4010c2=>0x4010c9).(0=>1) to the ROB.
 263500: system.cpu.rob: [tid:0] Now has 2 instructions.
 263500: system.cpu.commit: Inserting PC (0x4010c9=>0x4010d0).(0=>1) [sn:28] [tid:0] into ROB.
 263500: system.cpu.rob: Adding inst PC (0x4010c9=>0x4010d0).(0=>1) to the ROB.
 263500: system.cpu.rob: [tid:0] Now has 3 instructions.
 263500: system.cpu.commit: Inserting PC (0x4010d0=>0x4010d7).(0=>1) [sn:29] [tid:0] into ROB.
 263500: system.cpu.rob: Adding inst PC (0x4010d0=>0x4010d7).(0=>1) to the ROB.
 263500: system.cpu.rob: [tid:0] Now has 4 instructions.
 263500: system.cpu.commit: Inserting PC (0x4010d7=>0x4010d9).(0=>1) [sn:30] [tid:0] into ROB.
 263500: system.cpu.rob: Adding inst PC (0x4010d7=>0x4010d9).(0=>1) to the ROB.
 263500: system.cpu.rob: [tid:0] Now has 5 instructions.
 263500: system.cpu.commit: Inserting PC (0x4010d7=>0x4010d9).(1=>2) [sn:31] [tid:0] into ROB.
 263500: system.cpu.rob: Adding inst PC (0x4010d7=>0x4010d9).(1=>2) to the ROB.
 263500: system.cpu.rob: [tid:0] Now has 6 instructions.
 263500: system.cpu.commit: Inserting PC (0x4010d9=>0x4010da).(0=>1) [sn:32] [tid:0] into ROB.
 263500: system.cpu.rob: Adding inst PC (0x4010d9=>0x4010da).(0=>1) to the ROB.
 263500: system.cpu.rob: [tid:0] Now has 7 instructions.
 263500: system.cpu.commit: Inserting PC (0x4010d9=>0x4010da).(1=>2) [sn:33] [tid:0] into ROB.
 263500: system.cpu.rob: Adding inst PC (0x4010d9=>0x4010da).(1=>2) to the ROB.
 263500: system.cpu.rob: [tid:0] Now has 8 instructions.
 263500: system.cpu.commit: Trying to commit instructions in the ROB.
 263500: system.cpu.commit: [tid:0]: Can't commit, Instruction [sn:26] PC (0x4010bb=>0x4010c2).(0=>1) is head of ROB and not ready
 263500: system.cpu.commit: [tid:0]: ROB has 8 insts & 184 free entries.
 264000: system.cpu.fetch: Running stage.
 264000: system.cpu.fetch: There are no more threads available to fetch from.
 264000: system.cpu.fetch: [tid:0]: Fetch is waiting cache response!
 264000: system.cpu.iq: Adding instruction [sn:26] PC (0x4010bb=>0x4010c2).(0=>1) to the IQ.
 264000: system.cpu.iq: (addIfReady, regular) Instruction is ready to issue, putting it onto the ready list, PC (0x4010bb=>0x4010c2).(0=>1) opclass:1 [sn:26].
 264000: system.cpu.iq: Adding instruction [sn:27] PC (0x4010c2=>0x4010c9).(0=>1) to the IQ.
 264000: system.cpu.iq: (addIfReady, regular) Instruction is ready to issue, putting it onto the ready list, PC (0x4010c2=>0x4010c9).(0=>1) opclass:1 [sn:27].
 264000: system.cpu.iq: Adding instruction [sn:28] PC (0x4010c9=>0x4010d0).(0=>1) to the IQ.
 264000: system.cpu.iq: (addIfReady, regular) Instruction is ready to issue, putting it onto the ready list, PC (0x4010c9=>0x4010d0).(0=>1) opclass:1 [sn:28].
 264000: system.cpu.iq: Adding instruction [sn:29] PC (0x4010d0=>0x4010d7).(0=>1) to the IQ.
 264000: system.cpu.iq: (addIfReady, regular) Instruction is ready to issue, putting it onto the ready list, PC (0x4010d0=>0x4010d7).(0=>1) opclass:1 [sn:29].
 264000: system.cpu.iew.lsq.thread0: Inserting store PC (0x4010d7=>0x4010d9).(0=>1), idx:0 [sn:30]
 264000: system.cpu.iq: Adding instruction [sn:30] PC (0x4010d7=>0x4010d9).(0=>1) to the IQ.
 264000: system.cpu.iq: Instruction PC (0x4010d7=>0x4010d9).(0=>1) has src reg 64 (IntRegClass) that is being added to the dependency chain.
 264000: system.cpu.iq: Instruction PC (0x4010d7=>0x4010d9).(0=>1) has src reg 66 (IntRegClass) that is being added to the dependency chain.
 264000: system.cpu.memDep0: Insert instruction PC (0x4010d7=>0x4010d9).(0=>1) [sn:30] to memDep Hash
 264000: system.cpu.memDep0: No dependency for inst PC (0x4010d7=>0x4010d9).(0=>1) [sn:30].
 264000: system.cpu.memDep0: Inserting store PC (0x4010d7=>0x4010d9).(0=>1) [sn:30].
 264000: system.cpu.iq: Adding instruction [sn:31] PC (0x4010d7=>0x4010d9).(1=>2) to the IQ.
 264000: system.cpu.iq: Instruction PC (0x4010d7=>0x4010d9).(1=>2) has src reg 64 (IntRegClass) that is being added to the dependency chain.
 264000: system.cpu.iew.lsq.thread0: Inserting load PC (0x4010d9=>0x4010da).(0=>1), idx:0 [sn:32]
 264000: system.cpu.iq: Adding instruction [sn:32] PC (0x4010d9=>0x4010da).(0=>1) to the IQ.
 264000: system.cpu.iq: Instruction PC (0x4010d9=>0x4010da).(0=>1) has src reg 67 (IntRegClass) that is being added to the dependency chain.
 264000: system.cpu.memDep0: Insert instruction PC (0x4010d9=>0x4010da).(0=>1) [sn:32] to memDep Hash
 264000: system.cpu.memDep0: No dependency for inst PC (0x4010d9=>0x4010da).(0=>1) [sn:32].
 264000: system.cpu.iq: Adding instruction [sn:33] PC (0x4010d9=>0x4010da).(1=>2) to the IQ.
 264000: system.cpu.iq: Instruction PC (0x4010d9=>0x4010da).(1=>2) has src reg 67 (IntRegClass) that is being added to the dependency chain.
 264000: system.cpu.iq: Attempting to schedule ready instructions from the IQ.
 264000: system.cpu.iq: Thread 0: Issuing instruction PC (0x4010bb=>0x4010c2).(0=>1) [sn:26]
 264000: system.cpu.iq: Thread 0: Issuing instruction PC (0x4010c2=>0x4010c9).(0=>1) [sn:27]
 264000: system.cpu.iq: Thread 0: Issuing instruction PC (0x4010c9=>0x4010d0).(0=>1) [sn:28]
 264000: system.cpu.iq: Thread 0: Issuing instruction PC (0x4010d0=>0x4010d7).(0=>1) [sn:29]
 264000: system.cpu.commit: DefaultCommimt<Impl>::tick() begins
 264000: system.cpu.commit: Getting instructions from Rename stage.
 264000: system.cpu.commit: Inserting PC (0x4010d9=>0x4010da).(2=>3) [sn:34] [tid:0] into ROB.
 264000: system.cpu.rob: Adding inst PC (0x4010d9=>0x4010da).(2=>3) to the ROB.
 264000: system.cpu.rob: [tid:0] Now has 9 instructions.
 264000: system.cpu.commit: Trying to commit instructions in the ROB.
 264000: system.cpu.commit: [tid:0]: Can't commit, Instruction [sn:26] PC (0x4010bb=>0x4010c2).(0=>1) is head of ROB and not ready
 264000: system.cpu.commit: [tid:0]: ROB has 9 insts & 183 free entries.
 264500: system.cpu.fetch: Running stage.
 264500: system.cpu.fetch: There are no more threads available to fetch from.
 264500: system.cpu.fetch: [tid:0]: Fetch is waiting cache response!
 264500: system.cpu.iq: Adding non-speculative instruction [sn:34] PC (0x4010d9=>0x4010da).(2=>3) to the IQ.
 264500: system.cpu.iq: Waking dependents of completed instruction [sn:26].
 264500: system.cpu.iq: Waking any dependents on register 63 (IntRegClass).
 264500: system.cpu.iq: Waking dependents of completed instruction [sn:27].
 264500: system.cpu.iq: Waking any dependents on register 64 (IntRegClass).
 264500: system.cpu.iq: Waking up a dependent instruction, [sn:31] PC (0x4010d7=>0x4010d9).(1=>2).
 264500: global: [sn:31] has 1 ready out of 1 sources. RTI 0)
 264500: system.cpu.iq: (addIfReady, regular) Instruction is ready to issue, putting it onto the ready list, PC (0x4010d7=>0x4010d9).(1=>2) opclass:1 [sn:31].
 264500: system.cpu.iq: Waking up a dependent instruction, [sn:30] PC (0x4010d7=>0x4010d9).(0=>1).
 264500: global: [sn:30] has 3 ready out of 4 sources. RTI 0)
 264500: system.cpu.iq: Waking dependents of completed instruction [sn:28].
 264500: system.cpu.iq: Waking any dependents on register 65 (IntRegClass).
 264500: system.cpu.iq: Waking dependents of completed instruction [sn:29].
 264500: system.cpu.iq: Waking any dependents on register 66 (IntRegClass).
 264500: system.cpu.iq: Waking up a dependent instruction, [sn:30] PC (0x4010d7=>0x4010d9).(0=>1).
 264500: global: [sn:30] has 4 ready out of 4 sources. RTI 0)
 264500: system.cpu.iq: (regular) Checking if memory instruction [sn:30] can issue.
 264500: system.cpu.memDep0: Marking registers as ready for instruction PC (0x4010d7=>0x4010d9).(0=>1) [sn:30].
 264500: system.cpu.memDep0: Instruction has its memory dependencies resolved, adding it to the ready list.
 264500: system.cpu.memDep0: Adding instruction [sn:30] to the ready list.
 264500: system.cpu.iq: (addReadyMemInst) Instruction is ready to issue, putting it onto the ready list, PC (0x4010d7=>0x4010d9).(0=>1) opclass:33 [sn:30].
 264500: system.cpu.iq: Attempting to schedule ready instructions from the IQ.
 264500: system.cpu.iq: Thread 0: Issuing instruction PC (0x4010d7=>0x4010d9).(0=>1) [sn:30]
 264500: system.cpu.memDep0: Issuing instruction PC 0x4010d7 [sn:30].
 264500: system.cpu.iq: Thread 0: Issuing instruction PC (0x4010d7=>0x4010d9).(1=>2) [sn:31]
 264500: system.cpu.iew.lsq.thread0: LQ size: 33, #loads occupied: 1
 264500: system.cpu.iew.lsq.thread0: SQ size: 33, #stores occupied: 1
 264500: system.cpu.commit: DefaultCommimt<Impl>::tick() begins
 264500: system.cpu.commit: Getting instructions from Rename stage.
 264500: system.cpu.commit: Trying to commit instructions in the ROB.
 264500: system.cpu.commit: [tid:0]: Can't commit, Instruction [sn:26] PC (0x4010bb=>0x4010c2).(0=>1) is head of ROB and not ready
 264500: system.cpu.commit: [tid:0]: ROB has 9 insts & 183 free entries.
 265000: system.cpu.fetch: Running stage.
 265000: system.cpu.fetch: There are no more threads available to fetch from.
 265000: system.cpu.fetch: [tid:0]: Fetch is waiting cache response!
 265000: system.cpu.iew.lsq.thread0: Executing store PC (0x4010d7=>0x4010d9).(0=>1) [sn:30]
 265000: system.cpu.dtb: Translating vaddr 0x8505ff8.
 265000: system.cpu.dtb: In protected mode.
 265000: system.cpu.dtb: Paging enabled.
 265000: system.cpu.dtb: Handling a TLB miss for address 0x8505ff8 at pc 0x4010bb.
 265000: system.cpu.dtb: Mapping 0x8505000 to 0x4000
 265000: system.cpu.dtb: Miss was serviced.
 265000: system.cpu.dtb: Entry found with paddr 0x4000, doing protection checks.
 265000: system.cpu.dtb: Translated 0x8505ff8 -> 0x4ff8.
 265000: system.cpu.iew.lsq.thread0: Doing write to store idx 0, addr 0x4ff8 | storeHead:0 [sn:30]
 265000: system.cpu.iew.lsq.thread0: Store request - PC 0x4010d7, SQ: [sn:30], Paddr 0x4ff8, Vaddr 0x8505ff8
 265000: system.cpu.iq: Waking dependents of completed instruction [sn:30].
 265000: system.cpu.iq: Completing mem instruction PC: (0x4010d7=>0x4010d9).(0=>1) [sn:30]
 265000: system.cpu.memDep0: Completed mem instruction PC (0x4010d7=>0x4010d9).(0=>1) [sn:30].
 265000: system.cpu.iq: Waking dependents of completed instruction [sn:31].
 265000: system.cpu.iq: Waking any dependents on register 67 (IntRegClass).
 265000: system.cpu.iq: Waking up a dependent instruction, [sn:33] PC (0x4010d9=>0x4010da).(1=>2).
 265000: global: [sn:33] has 1 ready out of 1 sources. RTI 0)
 265000: system.cpu.iq: (addIfReady, regular) Instruction is ready to issue, putting it onto the ready list, PC (0x4010d9=>0x4010da).(1=>2) opclass:1 [sn:33].
 265000: system.cpu.iq: Waking up a dependent instruction, [sn:32] PC (0x4010d9=>0x4010da).(0=>1).
 265000: global: [sn:32] has 3 ready out of 3 sources. RTI 0)
 265000: system.cpu.iq: (regular) Checking if memory instruction [sn:32] can issue.
 265000: system.cpu.memDep0: Marking registers as ready for instruction PC (0x4010d9=>0x4010da).(0=>1) [sn:32].
 265000: system.cpu.memDep0: Instruction has its memory dependencies resolved, adding it to the ready list.
 265000: system.cpu.memDep0: Adding instruction [sn:32] to the ready list.
 265000: system.cpu.iq: (addReadyMemInst) Instruction is ready to issue, putting it onto the ready list, PC (0x4010d9=>0x4010da).(0=>1) opclass:32 [sn:32].
 265000: system.cpu.iq: Attempting to schedule ready instructions from the IQ.
 265000: system.cpu.iq: Thread 0: Issuing instruction PC (0x4010d9=>0x4010da).(0=>1) [sn:32]
 265000: system.cpu.memDep0: Issuing instruction PC 0x4010d9 [sn:32].
 265000: system.cpu.iq: Thread 0: Issuing instruction PC (0x4010d9=>0x4010da).(1=>2) [sn:33]
 265000: system.cpu.iew.lsq.thread0: LQ size: 33, #loads occupied: 1
 265000: system.cpu.iew.lsq.thread0: SQ size: 33, #stores occupied: 1
 265000: system.cpu.commit: DefaultCommimt<Impl>::tick() begins
 265000: system.cpu.commit: Getting instructions from Rename stage.
 265000: system.cpu.commit: Trying to commit instructions in the ROB.
 265000: system.cpu.commit: get the inst [num:0]
 265000: system.cpu.commit: [tid:0]: Marking PC (0x4010bb=>0x4010c2).(0=>1), [sn:26] ready within ROB.
 265000: system.cpu.commit: get the inst [num:1]
 265000: system.cpu.commit: [tid:0]: Marking PC (0x4010c2=>0x4010c9).(0=>1), [sn:27] ready within ROB.
 265000: system.cpu.commit: get the inst [num:2]
 265000: system.cpu.commit: [tid:0]: Marking PC (0x4010c9=>0x4010d0).(0=>1), [sn:28] ready within ROB.
 265000: system.cpu.commit: get the inst [num:3]
 265000: system.cpu.commit: [tid:0]: Marking PC (0x4010d0=>0x4010d7).(0=>1), [sn:29] ready within ROB.
 265000: system.cpu.commit: [tid:0]: Instruction [sn:26] PC (0x4010bb=>0x4010c2).(0=>1) is head of ROB and ready to commit
 265000: system.cpu.commit: [tid:0]: ROB has 9 insts & 183 free entries.
 265500: system.cpu.fetch: Running stage.
 265500: system.cpu.fetch: There are no more threads available to fetch from.
 265500: system.cpu.fetch: [tid:0]: Fetch is waiting cache response!
 265500: system.cpu.iew.lsq.thread0: Executing load PC (0x4010d9=>0x4010da).(0=>1), [sn:32]
 265500: system.cpu.dtb: Translating vaddr 0x8505ff8.
 265500: system.cpu.dtb: In protected mode.
 265500: system.cpu.dtb: Paging enabled.
 265500: system.cpu.dtb: Entry found with paddr 0x4000, doing protection checks.
 265500: system.cpu.dtb: Translated 0x8505ff8 -> 0x4ff8.
 265500: system.cpu.iew.lsq.thread0: Read called, load idx: 0, store idx: 1, storeHead: 0 addr: 0x4ff8
 265500: system.cpu.iew.lsq.thread0: Forwarding from store idx 0 to load to addr 0x8505ff8
 265500: system.cpu.iew.lsq.thread0: Not need to dummy load, therefore load is done. 265500: system.cpu.iq: Waking dependents of completed instruction [sn:33].
 265500: system.cpu.iq: Waking any dependents on register 69 (IntRegClass).
 265500: system.cpu.iq: Attempting to schedule ready instructions from the IQ.
 265500: system.cpu.iq: Not able to schedule any instructions.
 265500: system.cpu.iew.lsq.thread0: LQ size: 33, #loads occupied: 1
 265500: system.cpu.iew.lsq.thread0: SQ size: 33, #stores occupied: 1
 265500: system.cpu.commit: DefaultCommimt<Impl>::tick() begins
 265500: system.cpu.commit: Getting instructions from Rename stage.
 265500: system.cpu.commit: Trying to commit instructions in the ROB.
 265500: system.cpu.commit: Trying to commit head instruction, [sn:26] [tid:0]
 265500: system.cpu.commit: Committing instruction with [sn:26] PC (0x4010bb=>0x4010c2).(0=>1)
 265500: system.cpu.rob: [tid:0]: Retiring head instruction, instruction PC (0x4010bb=>0x4010c2).(0=>1), [sn:26]
 265500: system.cpu.commit: Trying to commit head instruction, [sn:27] [tid:0]
 265500: system.cpu.commit: Committing instruction with [sn:27] PC (0x4010c2=>0x4010c9).(0=>1)
 265500: system.cpu.rob: [tid:0]: Retiring head instruction, instruction PC (0x4010c2=>0x4010c9).(0=>1), [sn:27]
 265500: system.cpu.commit: Trying to commit head instruction, [sn:28] [tid:0]
 265500: system.cpu.commit: Committing instruction with [sn:28] PC (0x4010c9=>0x4010d0).(0=>1)
 265500: system.cpu.rob: [tid:0]: Retiring head instruction, instruction PC (0x4010c9=>0x4010d0).(0=>1), [sn:28]
 265500: system.cpu.commit: Trying to commit head instruction, [sn:29] [tid:0]
 265500: system.cpu.commit: Committing instruction with [sn:29] PC (0x4010d0=>0x4010d7).(0=>1)
 265500: system.cpu.rob: [tid:0]: Retiring head instruction, instruction PC (0x4010d0=>0x4010d7).(0=>1), [sn:29]
 265500: system.cpu.commit: get the inst [num:0]
 265500: system.cpu.commit: [tid:0]: Marking PC (0x4010d7=>0x4010d9).(0=>1), [sn:30] ready within ROB.
 265500: system.cpu.commit: get the inst [num:1]
 265500: system.cpu.commit: [tid:0]: Marking PC (0x4010d7=>0x4010d9).(1=>2), [sn:31] ready within ROB.
 265500: system.cpu.commit: [tid:0]: Instruction [sn:30] PC (0x4010d7=>0x4010d9).(0=>1) is head of ROB and ready to commit
 265500: system.cpu.commit: [tid:0]: ROB has 5 insts & 187 free entries.
 266000: system.cpu.branchPred: [tid:0]: Committing branches until [sn:29].
 266000: system.cpu.fetch: Running stage.
 266000: system.cpu.fetch: There are no more threads available to fetch from.
 266000: system.cpu.fetch: [tid:0]: Fetch is waiting cache response!
 266000: system.cpu.iq: Waking dependents of completed instruction [sn:32].
 266000: system.cpu.iq: Completing mem instruction PC: (0x4010d9=>0x4010da).(0=>1) [sn:32]
 266000: system.cpu.memDep0: Completed mem instruction PC (0x4010d9=>0x4010da).(0=>1) [sn:32].
 266000: system.cpu.iq: Waking any dependents on register 68 (IntRegClass).
 266000: system.cpu.iq: Attempting to schedule ready instructions from the IQ.
 266000: system.cpu.iq: Not able to schedule any instructions.
 266000: system.cpu.iq: [tid:0]: Committing instructions older than [sn:29]
 266000: system.cpu.commit: DefaultCommimt<Impl>::tick() begins
 266000: system.cpu.commit: Getting instructions from Rename stage.
 266000: system.cpu.commit: Trying to commit instructions in the ROB.
 266000: system.cpu.commit: Trying to commit head instruction, [sn:30] [tid:0]
 266000: system.cpu.commit: Committing instruction with [sn:30] PC (0x4010d7=>0x4010d9).(0=>1)
 266000: system.cpu.rob: [tid:0]: Retiring head instruction, instruction PC (0x4010d7=>0x4010d9).(0=>1), [sn:30]
 266000: system.cpu.commit: Trying to commit head instruction, [sn:31] [tid:0]
 266000: system.cpu.commit: Committing instruction with [sn:31] PC (0x4010d7=>0x4010d9).(1=>2)
 266000: system.cpu.rob: [tid:0]: Retiring head instruction, instruction PC (0x4010d7=>0x4010d9).(1=>2), [sn:31]
 266000: system.cpu.commit: get the inst [num:0]
 266000: system.cpu.commit: [tid:0]: Marking PC (0x4010d9=>0x4010da).(1=>2), [sn:33] ready within ROB.
 266000: system.cpu.commit: [tid:0]: Can't commit, Instruction [sn:32] PC (0x4010d9=>0x4010da).(0=>1) is head of ROB and not ready
 266000: system.cpu.commit: [tid:0]: ROB has 3 insts & 189 free entries.
 266500: system.cpu.branchPred: [tid:0]: Committing branches until [sn:31].
 266500: system.cpu.fetch: Running stage.
 266500: system.cpu.fetch: There are no more threads available to fetch from.
 266500: system.cpu.fetch: [tid:0]: Fetch is waiting cache response!
 266500: system.cpu.iq: Attempting to schedule ready instructions from the IQ.
 266500: system.cpu.iq: Not able to schedule any instructions.
 266500: system.cpu.iew.lsq.thread0: Marking store as able to write back, PC (0x4010d7=>0x4010d9).(0=>1) [sn:30]
 266500: system.cpu.iq: [tid:0]: Committing instructions older than [sn:31]
 266500: system.cpu.iew.lsq.thread0: LQ size: 33, #loads occupied: 1
 266500: system.cpu.iew.lsq.thread0: SQ size: 33, #stores occupied: 1
 266500: system.cpu.commit: DefaultCommimt<Impl>::tick() begins
 266500: system.cpu.commit: Getting instructions from Rename stage.
 266500: system.cpu.commit: Trying to commit instructions in the ROB.
 266500: system.cpu.commit: get the inst [num:0]
 266500: system.cpu.commit: [tid:0]: Marking PC (0x4010d9=>0x4010da).(0=>1), [sn:32] ready within ROB.
 266500: system.cpu.commit: [tid:0]: Instruction [sn:32] PC (0x4010d9=>0x4010da).(0=>1) is head of ROB and ready to commit
 266500: system.cpu.commit: [tid:0]: ROB has 3 insts & 189 free entries.
 267000: system.cpu.fetch: Running stage.
 267000: system.cpu.fetch: There are no more threads available to fetch from.
 267000: system.cpu.fetch: [tid:0]: Fetch is waiting cache response!
 267000: system.cpu.iq: Attempting to schedule ready instructions from the IQ.
 267000: system.cpu.iq: Not able to schedule any instructions.
 267000: system.cpu.iew.lsq.thread0: D-Cache: Writing back store idx:0 PC:(0x4010d7=>0x4010d9).(0=>1) to Addr:0x4ff8, data:0xc2 [sn:30]
 267000: system.cpu.iew.lsq.thread0: Post sending store for inst [sn:30]
 267000: system.cpu.iew.lsq.thread0: LQ size: 33, #loads occupied: 1
 267000: system.cpu.iew.lsq.thread0: SQ size: 33, #stores occupied: 1
 267000: system.cpu.commit: DefaultCommimt<Impl>::tick() begins
 267000: system.cpu.commit: Getting instructions from Rename stage.
 267000: system.cpu.commit: Trying to commit instructions in the ROB.
 267000: system.cpu.commit: Trying to commit head instruction, [sn:32] [tid:0]
 267000: system.cpu.commit: Committing instruction with [sn:32] PC (0x4010d9=>0x4010da).(0=>1)
 267000: system.cpu.rob: [tid:0]: Retiring head instruction, instruction PC (0x4010d9=>0x4010da).(0=>1), [sn:32]
 267000: system.cpu.commit: Trying to commit head instruction, [sn:33] [tid:0]
 267000: system.cpu.commit: Committing instruction with [sn:33] PC (0x4010d9=>0x4010da).(1=>2)
 267000: system.cpu.rob: [tid:0]: Retiring head instruction, instruction PC (0x4010d9=>0x4010da).(1=>2), [sn:33]
 267000: system.cpu.commit: Trying to commit head instruction, [sn:34] [tid:0]
 267000: system.cpu.commit: Encountered a barrier or non-speculative instruction [sn:34] at the head of the ROB, PC (0x4010d9=>0x4010da).(2=>3).
 267000: system.cpu.commit: Waiting for all stores to writeback.
 267000: system.cpu.commit: Unable to commit head instruction PC:(0x4010d9=>0x4010da).(2=>3) [tid:0] [sn:34].
 267000: system.cpu.commit: [tid:0]: Instruction [sn:34] PC (0x4010d9=>0x4010da).(2=>3) is head of ROB and ready to commit
 267000: system.cpu.commit: [tid:0]: ROB has 1 insts & 191 free entries.
 267500: system.cpu.branchPred: [tid:0]: Committing branches until [sn:33].
 267500: system.cpu.fetch: Running stage.
 267500: system.cpu.fetch: There are no more threads available to fetch from.
 267500: system.cpu.fetch: [tid:0]: Fetch is waiting cache response!
 267500: system.cpu.iq: Attempting to schedule ready instructions from the IQ.
 267500: system.cpu.iq: Not able to schedule any instructions.
 267500: system.cpu.iew.lsq.thread0: Committing head load instruction, PC (0x4010d9=>0x4010da).(0=>1)
 267500: system.cpu.iq: [tid:0]: Committing instructions older than [sn:33]
 267500: system.cpu.commit: DefaultCommimt<Impl>::tick() begins
 267500: system.cpu.commit: Getting instructions from Rename stage.
 267500: system.cpu.commit: Trying to commit instructions in the ROB.
 267500: system.cpu.commit: Trying to commit head instruction, [sn:34] [tid:0]
 267500: system.cpu.commit: Encountered a barrier or non-speculative instruction [sn:34] at the head of the ROB, PC (0x4010d9=>0x4010da).(2=>3).
 267500: system.cpu.commit: Waiting for all stores to writeback.
 267500: system.cpu.commit: Unable to commit head instruction PC:(0x4010d9=>0x4010da).(2=>3) [tid:0] [sn:34].
 267500: system.cpu.commit: [tid:0]: Instruction [sn:34] PC (0x4010d9=>0x4010da).(2=>3) is head of ROB and ready to commit
 267500: system.cpu.commit: [tid:0]: ROB has 1 insts & 191 free entries.
 268000: system.cpu.fetch: Running stage.
 268000: system.cpu.fetch: There are no more threads available to fetch from.
 268000: system.cpu.fetch: [tid:0]: Fetch is waiting cache response!
 268000: system.cpu.iq: Attempting to schedule ready instructions from the IQ.
 268000: system.cpu.iq: Not able to schedule any instructions.
 268000: system.cpu.iew.lsq.thread0: LQ size: 33, #loads occupied: 0
 268000: system.cpu.iew.lsq.thread0: SQ size: 33, #stores occupied: 1
 268000: system.cpu.commit: DefaultCommimt<Impl>::tick() begins
 268000: system.cpu.commit: Getting instructions from Rename stage.
 268000: system.cpu.commit: Trying to commit instructions in the ROB.
 268000: system.cpu.commit: Trying to commit head instruction, [sn:34] [tid:0]
 268000: system.cpu.commit: Encountered a barrier or non-speculative instruction [sn:34] at the head of the ROB, PC (0x4010d9=>0x4010da).(2=>3).
 268000: system.cpu.commit: Waiting for all stores to writeback.
 268000: system.cpu.commit: Unable to commit head instruction PC:(0x4010d9=>0x4010da).(2=>3) [tid:0] [sn:34].
 268000: system.cpu.commit: [tid:0]: Instruction [sn:34] PC (0x4010d9=>0x4010da).(2=>3) is head of ROB and ready to commit
 268000: system.cpu.commit: [tid:0]: ROB has 1 insts & 191 free entries.
 268500: system.cpu.fetch: Running stage.
 268500: system.cpu.fetch: There are no more threads available to fetch from.
 268500: system.cpu.fetch: [tid:0]: Fetch is waiting cache response!
 268500: system.cpu.iq: Attempting to schedule ready instructions from the IQ.
 268500: system.cpu.iq: Not able to schedule any instructions.
 268500: system.cpu.commit: DefaultCommimt<Impl>::tick() begins
 268500: system.cpu.commit: Getting instructions from Rename stage.
 268500: system.cpu.commit: Trying to commit instructions in the ROB.
 268500: system.cpu.commit: Trying to commit head instruction, [sn:34] [tid:0]
 268500: system.cpu.commit: Encountered a barrier or non-speculative instruction [sn:34] at the head of the ROB, PC (0x4010d9=>0x4010da).(2=>3).
 268500: system.cpu.commit: Waiting for all stores to writeback.
 268500: system.cpu.commit: Unable to commit head instruction PC:(0x4010d9=>0x4010da).(2=>3) [tid:0] [sn:34].
 268500: system.cpu.commit: [tid:0]: Instruction [sn:34] PC (0x4010d9=>0x4010da).(2=>3) is head of ROB and ready to commit
 268500: system.cpu.commit: [tid:0]: ROB has 1 insts & 191 free entries.
 269000: system.cpu.fetch: Running stage.
 269000: system.cpu.fetch: There are no more threads available to fetch from.
 269000: system.cpu.fetch: [tid:0]: Fetch is waiting cache response!
 269000: system.cpu.iq: Attempting to schedule ready instructions from the IQ.
 269000: system.cpu.iq: Not able to schedule any instructions.
 269000: system.cpu.commit: DefaultCommimt<Impl>::tick() begins
 269000: system.cpu.commit: Getting instructions from Rename stage.
 269000: system.cpu.commit: Trying to commit instructions in the ROB.
 269000: system.cpu.commit: Trying to commit head instruction, [sn:34] [tid:0]
 269000: system.cpu.commit: Encountered a barrier or non-speculative instruction [sn:34] at the head of the ROB, PC (0x4010d9=>0x4010da).(2=>3).
 269000: system.cpu.commit: Waiting for all stores to writeback.
 269000: system.cpu.commit: Unable to commit head instruction PC:(0x4010d9=>0x4010da).(2=>3) [tid:0] [sn:34].
 269000: system.cpu.commit: [tid:0]: Instruction [sn:34] PC (0x4010d9=>0x4010da).(2=>3) is head of ROB and ready to commit
 269000: system.cpu.commit: [tid:0]: ROB has 1 insts & 191 free entries.
 269500: system.cpu.fetch: Running stage.
 269500: system.cpu.fetch: There are no more threads available to fetch from.
 269500: system.cpu.fetch: [tid:0]: Fetch is waiting cache response!
 269500: system.cpu.iq: Attempting to schedule ready instructions from the IQ.
 269500: system.cpu.iq: Not able to schedule any instructions.
 269500: system.cpu.commit: DefaultCommimt<Impl>::tick() begins
 269500: system.cpu.commit: Getting instructions from Rename stage.
 269500: system.cpu.commit: Trying to commit instructions in the ROB.
 269500: system.cpu.commit: Trying to commit head instruction, [sn:34] [tid:0]
 269500: system.cpu.commit: Encountered a barrier or non-speculative instruction [sn:34] at the head of the ROB, PC (0x4010d9=>0x4010da).(2=>3).
 269500: system.cpu.commit: Waiting for all stores to writeback.
 269500: system.cpu.commit: Unable to commit head instruction PC:(0x4010d9=>0x4010da).(2=>3) [tid:0] [sn:34].
 269500: system.cpu.commit: [tid:0]: Instruction [sn:34] PC (0x4010d9=>0x4010da).(2=>3) is head of ROB and ready to commit
 269500: system.cpu.commit: [tid:0]: ROB has 1 insts & 191 free entries.
 270000: system.cpu.fetch: Running stage.
 270000: system.cpu.fetch: There are no more threads available to fetch from.
 270000: system.cpu.fetch: [tid:0]: Fetch is waiting cache response!
 270000: system.cpu.iq: Attempting to schedule ready instructions from the IQ.
 270000: system.cpu.iq: Not able to schedule any instructions.
 270000: system.cpu.commit: DefaultCommimt<Impl>::tick() begins
 270000: system.cpu.commit: Getting instructions from Rename stage.
 270000: system.cpu.commit: Trying to commit instructions in the ROB.
 270000: system.cpu.commit: Trying to commit head instruction, [sn:34] [tid:0]
 270000: system.cpu.commit: Encountered a barrier or non-speculative instruction [sn:34] at the head of the ROB, PC (0x4010d9=>0x4010da).(2=>3).
 270000: system.cpu.commit: Waiting for all stores to writeback.
 270000: system.cpu.commit: Unable to commit head instruction PC:(0x4010d9=>0x4010da).(2=>3) [tid:0] [sn:34].
 270000: system.cpu.commit: [tid:0]: Instruction [sn:34] PC (0x4010d9=>0x4010da).(2=>3) is head of ROB and ready to commit
 270000: system.cpu.commit: [tid:0]: ROB has 1 insts & 191 free entries.
 270500: system.cpu.fetch: Running stage.
 270500: system.cpu.fetch: There are no more threads available to fetch from.
 270500: system.cpu.fetch: [tid:0]: Fetch is waiting cache response!
 270500: system.cpu.iq: Attempting to schedule ready instructions from the IQ.
 270500: system.cpu.iq: Not able to schedule any instructions.
 270500: system.cpu.commit: DefaultCommimt<Impl>::tick() begins
 270500: system.cpu.commit: Getting instructions from Rename stage.
 270500: system.cpu.commit: Trying to commit instructions in the ROB.
 270500: system.cpu.commit: Trying to commit head instruction, [sn:34] [tid:0]
 270500: system.cpu.commit: Encountered a barrier or non-speculative instruction [sn:34] at the head of the ROB, PC (0x4010d9=>0x4010da).(2=>3).
 270500: system.cpu.commit: Waiting for all stores to writeback.
 270500: system.cpu.commit: Unable to commit head instruction PC:(0x4010d9=>0x4010da).(2=>3) [tid:0] [sn:34].
 270500: system.cpu.commit: [tid:0]: Instruction [sn:34] PC (0x4010d9=>0x4010da).(2=>3) is head of ROB and ready to commit
 270500: system.cpu.commit: [tid:0]: ROB has 1 insts & 191 free entries.
 271000: system.cpu.fetch: Running stage.
 271000: system.cpu.fetch: There are no more threads available to fetch from.
 271000: system.cpu.fetch: [tid:0]: Fetch is waiting cache response!
 271000: system.cpu.iq: Attempting to schedule ready instructions from the IQ.
 271000: system.cpu.iq: Not able to schedule any instructions.
 271000: system.cpu.commit: DefaultCommimt<Impl>::tick() begins
 271000: system.cpu.commit: Getting instructions from Rename stage.
 271000: system.cpu.commit: Trying to commit instructions in the ROB.
 271000: system.cpu.commit: Trying to commit head instruction, [sn:34] [tid:0]
 271000: system.cpu.commit: Encountered a barrier or non-speculative instruction [sn:34] at the head of the ROB, PC (0x4010d9=>0x4010da).(2=>3).
 271000: system.cpu.commit: Waiting for all stores to writeback.
 271000: system.cpu.commit: Unable to commit head instruction PC:(0x4010d9=>0x4010da).(2=>3) [tid:0] [sn:34].
 271000: system.cpu.commit: [tid:0]: Instruction [sn:34] PC (0x4010d9=>0x4010da).(2=>3) is head of ROB and ready to commit
 271000: system.cpu.commit: [tid:0]: ROB has 1 insts & 191 free entries.
 271500: system.cpu.fetch: Running stage.
 271500: system.cpu.fetch: There are no more threads available to fetch from.
 271500: system.cpu.fetch: [tid:0]: Fetch is waiting cache response!
 271500: system.cpu.iq: Attempting to schedule ready instructions from the IQ.
 271500: system.cpu.iq: Not able to schedule any instructions.
 271500: system.cpu.commit: DefaultCommimt<Impl>::tick() begins
 271500: system.cpu.commit: Getting instructions from Rename stage.
 271500: system.cpu.commit: Trying to commit instructions in the ROB.
 271500: system.cpu.commit: Trying to commit head instruction, [sn:34] [tid:0]
 271500: system.cpu.commit: Encountered a barrier or non-speculative instruction [sn:34] at the head of the ROB, PC (0x4010d9=>0x4010da).(2=>3).
 271500: system.cpu.commit: Waiting for all stores to writeback.
 271500: system.cpu.commit: Unable to commit head instruction PC:(0x4010d9=>0x4010da).(2=>3) [tid:0] [sn:34].
 271500: system.cpu.commit: [tid:0]: Instruction [sn:34] PC (0x4010d9=>0x4010da).(2=>3) is head of ROB and ready to commit
 271500: system.cpu.commit: [tid:0]: ROB has 1 insts & 191 free entries.
 272000: system.cpu.fetch: Running stage.
 272000: system.cpu.fetch: There are no more threads available to fetch from.
 272000: system.cpu.fetch: [tid:0]: Fetch is waiting cache response!
 272000: system.cpu.iq: Attempting to schedule ready instructions from the IQ.
 272000: system.cpu.iq: Not able to schedule any instructions.
 272000: system.cpu.commit: DefaultCommimt<Impl>::tick() begins
 272000: system.cpu.commit: Getting instructions from Rename stage.
 272000: system.cpu.commit: Trying to commit instructions in the ROB.
 272000: system.cpu.commit: Trying to commit head instruction, [sn:34] [tid:0]
 272000: system.cpu.commit: Encountered a barrier or non-speculative instruction [sn:34] at the head of the ROB, PC (0x4010d9=>0x4010da).(2=>3).
 272000: system.cpu.commit: Waiting for all stores to writeback.
 272000: system.cpu.commit: Unable to commit head instruction PC:(0x4010d9=>0x4010da).(2=>3) [tid:0] [sn:34].
 272000: system.cpu.commit: [tid:0]: Instruction [sn:34] PC (0x4010d9=>0x4010da).(2=>3) is head of ROB and ready to commit
 272000: system.cpu.commit: [tid:0]: ROB has 1 insts & 191 free entries.
 272500: system.cpu.fetch: Running stage.
 272500: system.cpu.fetch: There are no more threads available to fetch from.
 272500: system.cpu.fetch: [tid:0]: Fetch is waiting cache response!
 272500: system.cpu.iq: Attempting to schedule ready instructions from the IQ.
 272500: system.cpu.iq: Not able to schedule any instructions.
 272500: system.cpu.commit: DefaultCommimt<Impl>::tick() begins
 272500: system.cpu.commit: Getting instructions from Rename stage.
 272500: system.cpu.commit: Trying to commit instructions in the ROB.
 272500: system.cpu.commit: Trying to commit head instruction, [sn:34] [tid:0]
 272500: system.cpu.commit: Encountered a barrier or non-speculative instruction [sn:34] at the head of the ROB, PC (0x4010d9=>0x4010da).(2=>3).
 272500: system.cpu.commit: Waiting for all stores to writeback.
 272500: system.cpu.commit: Unable to commit head instruction PC:(0x4010d9=>0x4010da).(2=>3) [tid:0] [sn:34].
 272500: system.cpu.commit: [tid:0]: Instruction [sn:34] PC (0x4010d9=>0x4010da).(2=>3) is head of ROB and ready to commit
 272500: system.cpu.commit: [tid:0]: ROB has 1 insts & 191 free entries.
 273000: system.cpu.fetch: Running stage.
 273000: system.cpu.fetch: There are no more threads available to fetch from.
 273000: system.cpu.fetch: [tid:0]: Fetch is waiting cache response!
 273000: system.cpu.iq: Attempting to schedule ready instructions from the IQ.
 273000: system.cpu.iq: Not able to schedule any instructions.
 273000: system.cpu.commit: DefaultCommimt<Impl>::tick() begins
 273000: system.cpu.commit: Getting instructions from Rename stage.
 273000: system.cpu.commit: Trying to commit instructions in the ROB.
 273000: system.cpu.commit: Trying to commit head instruction, [sn:34] [tid:0]
 273000: system.cpu.commit: Encountered a barrier or non-speculative instruction [sn:34] at the head of the ROB, PC (0x4010d9=>0x4010da).(2=>3).
 273000: system.cpu.commit: Waiting for all stores to writeback.
 273000: system.cpu.commit: Unable to commit head instruction PC:(0x4010d9=>0x4010da).(2=>3) [tid:0] [sn:34].
 273000: system.cpu.commit: [tid:0]: Instruction [sn:34] PC (0x4010d9=>0x4010da).(2=>3) is head of ROB and ready to commit
 273000: system.cpu.commit: [tid:0]: ROB has 1 insts & 191 free entries.
 273500: system.cpu.fetch: Running stage.
 273500: system.cpu.fetch: There are no more threads available to fetch from.
 273500: system.cpu.fetch: [tid:0]: Fetch is waiting cache response!
 273500: system.cpu.iq: Attempting to schedule ready instructions from the IQ.
 273500: system.cpu.iq: Not able to schedule any instructions.
 273500: system.cpu.commit: DefaultCommimt<Impl>::tick() begins
 273500: system.cpu.commit: Getting instructions from Rename stage.
 273500: system.cpu.commit: Trying to commit instructions in the ROB.
 273500: system.cpu.commit: Trying to commit head instruction, [sn:34] [tid:0]
 273500: system.cpu.commit: Encountered a barrier or non-speculative instruction [sn:34] at the head of the ROB, PC (0x4010d9=>0x4010da).(2=>3).
 273500: system.cpu.commit: Waiting for all stores to writeback.
 273500: system.cpu.commit: Unable to commit head instruction PC:(0x4010d9=>0x4010da).(2=>3) [tid:0] [sn:34].
 273500: system.cpu.commit: [tid:0]: Instruction [sn:34] PC (0x4010d9=>0x4010da).(2=>3) is head of ROB and ready to commit
 273500: system.cpu.commit: [tid:0]: ROB has 1 insts & 191 free entries.
 274000: system.cpu.fetch: Running stage.
 274000: system.cpu.fetch: There are no more threads available to fetch from.
 274000: system.cpu.fetch: [tid:0]: Fetch is waiting cache response!
 274000: system.cpu.iq: Attempting to schedule ready instructions from the IQ.
 274000: system.cpu.iq: Not able to schedule any instructions.
 274000: system.cpu.commit: DefaultCommimt<Impl>::tick() begins
 274000: system.cpu.commit: Getting instructions from Rename stage.
 274000: system.cpu.commit: Trying to commit instructions in the ROB.
 274000: system.cpu.commit: Trying to commit head instruction, [sn:34] [tid:0]
 274000: system.cpu.commit: Encountered a barrier or non-speculative instruction [sn:34] at the head of the ROB, PC (0x4010d9=>0x4010da).(2=>3).
 274000: system.cpu.commit: Waiting for all stores to writeback.
 274000: system.cpu.commit: Unable to commit head instruction PC:(0x4010d9=>0x4010da).(2=>3) [tid:0] [sn:34].
 274000: system.cpu.commit: [tid:0]: Instruction [sn:34] PC (0x4010d9=>0x4010da).(2=>3) is head of ROB and ready to commit
 274000: system.cpu.commit: [tid:0]: ROB has 1 insts & 191 free entries.
 274500: system.cpu.fetch: Running stage.
 274500: system.cpu.fetch: There are no more threads available to fetch from.
 274500: system.cpu.fetch: [tid:0]: Fetch is waiting cache response!
 274500: system.cpu.iq: Attempting to schedule ready instructions from the IQ.
 274500: system.cpu.iq: Not able to schedule any instructions.
 274500: system.cpu.commit: DefaultCommimt<Impl>::tick() begins
 274500: system.cpu.commit: Getting instructions from Rename stage.
 274500: system.cpu.commit: Trying to commit instructions in the ROB.
 274500: system.cpu.commit: Trying to commit head instruction, [sn:34] [tid:0]
 274500: system.cpu.commit: Encountered a barrier or non-speculative instruction [sn:34] at the head of the ROB, PC (0x4010d9=>0x4010da).(2=>3).
 274500: system.cpu.commit: Waiting for all stores to writeback.
 274500: system.cpu.commit: Unable to commit head instruction PC:(0x4010d9=>0x4010da).(2=>3) [tid:0] [sn:34].
 274500: system.cpu.commit: [tid:0]: Instruction [sn:34] PC (0x4010d9=>0x4010da).(2=>3) is head of ROB and ready to commit
 274500: system.cpu.commit: [tid:0]: ROB has 1 insts & 191 free entries.
 275000: system.cpu.fetch: Running stage.
 275000: system.cpu.fetch: There are no more threads available to fetch from.
 275000: system.cpu.fetch: [tid:0]: Fetch is waiting cache response!
 275000: system.cpu.iq: Attempting to schedule ready instructions from the IQ.
 275000: system.cpu.iq: Not able to schedule any instructions.
 275000: system.cpu.commit: DefaultCommimt<Impl>::tick() begins
 275000: system.cpu.commit: Getting instructions from Rename stage.
 275000: system.cpu.commit: Trying to commit instructions in the ROB.
 275000: system.cpu.commit: Trying to commit head instruction, [sn:34] [tid:0]
 275000: system.cpu.commit: Encountered a barrier or non-speculative instruction [sn:34] at the head of the ROB, PC (0x4010d9=>0x4010da).(2=>3).
 275000: system.cpu.commit: Waiting for all stores to writeback.
 275000: system.cpu.commit: Unable to commit head instruction PC:(0x4010d9=>0x4010da).(2=>3) [tid:0] [sn:34].
 275000: system.cpu.commit: [tid:0]: Instruction [sn:34] PC (0x4010d9=>0x4010da).(2=>3) is head of ROB and ready to commit
 275000: system.cpu.commit: [tid:0]: ROB has 1 insts & 191 free entries.
 275500: system.cpu.fetch: Running stage.
 275500: system.cpu.fetch: There are no more threads available to fetch from.
 275500: system.cpu.fetch: [tid:0]: Fetch is waiting cache response!
 275500: system.cpu.iq: Attempting to schedule ready instructions from the IQ.
 275500: system.cpu.iq: Not able to schedule any instructions.
 275500: system.cpu.commit: DefaultCommimt<Impl>::tick() begins
 275500: system.cpu.commit: Getting instructions from Rename stage.
 275500: system.cpu.commit: Trying to commit instructions in the ROB.
 275500: system.cpu.commit: Trying to commit head instruction, [sn:34] [tid:0]
 275500: system.cpu.commit: Encountered a barrier or non-speculative instruction [sn:34] at the head of the ROB, PC (0x4010d9=>0x4010da).(2=>3).
 275500: system.cpu.commit: Waiting for all stores to writeback.
 275500: system.cpu.commit: Unable to commit head instruction PC:(0x4010d9=>0x4010da).(2=>3) [tid:0] [sn:34].
 275500: system.cpu.commit: [tid:0]: Instruction [sn:34] PC (0x4010d9=>0x4010da).(2=>3) is head of ROB and ready to commit
 275500: system.cpu.commit: [tid:0]: ROB has 1 insts & 191 free entries.
 276000: system.cpu.fetch: Running stage.
 276000: system.cpu.fetch: There are no more threads available to fetch from.
 276000: system.cpu.fetch: [tid:0]: Fetch is waiting cache response!
 276000: system.cpu.iq: Attempting to schedule ready instructions from the IQ.
 276000: system.cpu.iq: Not able to schedule any instructions.
 276000: system.cpu.commit: DefaultCommimt<Impl>::tick() begins
 276000: system.cpu.commit: Getting instructions from Rename stage.
 276000: system.cpu.commit: Trying to commit instructions in the ROB.
 276000: system.cpu.commit: Trying to commit head instruction, [sn:34] [tid:0]
 276000: system.cpu.commit: Encountered a barrier or non-speculative instruction [sn:34] at the head of the ROB, PC (0x4010d9=>0x4010da).(2=>3).
 276000: system.cpu.commit: Waiting for all stores to writeback.
 276000: system.cpu.commit: Unable to commit head instruction PC:(0x4010d9=>0x4010da).(2=>3) [tid:0] [sn:34].
 276000: system.cpu.commit: [tid:0]: Instruction [sn:34] PC (0x4010d9=>0x4010da).(2=>3) is head of ROB and ready to commit
 276000: system.cpu.commit: [tid:0]: ROB has 1 insts & 191 free entries.
 276500: system.cpu.fetch: Running stage.
 276500: system.cpu.fetch: There are no more threads available to fetch from.
 276500: system.cpu.fetch: [tid:0]: Fetch is waiting cache response!
 276500: system.cpu.iq: Attempting to schedule ready instructions from the IQ.
 276500: system.cpu.iq: Not able to schedule any instructions.
 276500: system.cpu.commit: DefaultCommimt<Impl>::tick() begins
 276500: system.cpu.commit: Getting instructions from Rename stage.
 276500: system.cpu.commit: Trying to commit instructions in the ROB.
 276500: system.cpu.commit: Trying to commit head instruction, [sn:34] [tid:0]
 276500: system.cpu.commit: Encountered a barrier or non-speculative instruction [sn:34] at the head of the ROB, PC (0x4010d9=>0x4010da).(2=>3).
 276500: system.cpu.commit: Waiting for all stores to writeback.
 276500: system.cpu.commit: Unable to commit head instruction PC:(0x4010d9=>0x4010da).(2=>3) [tid:0] [sn:34].
 276500: system.cpu.commit: [tid:0]: Instruction [sn:34] PC (0x4010d9=>0x4010da).(2=>3) is head of ROB and ready to commit
 276500: system.cpu.commit: [tid:0]: ROB has 1 insts & 191 free entries.
 277000: system.cpu.fetch: Running stage.
 277000: system.cpu.fetch: There are no more threads available to fetch from.
 277000: system.cpu.fetch: [tid:0]: Fetch is waiting cache response!
 277000: system.cpu.iq: Attempting to schedule ready instructions from the IQ.
 277000: system.cpu.iq: Not able to schedule any instructions.
 277000: system.cpu.commit: DefaultCommimt<Impl>::tick() begins
 277000: system.cpu.commit: Getting instructions from Rename stage.
 277000: system.cpu.commit: Trying to commit instructions in the ROB.
 277000: system.cpu.commit: Trying to commit head instruction, [sn:34] [tid:0]
 277000: system.cpu.commit: Encountered a barrier or non-speculative instruction [sn:34] at the head of the ROB, PC (0x4010d9=>0x4010da).(2=>3).
 277000: system.cpu.commit: Waiting for all stores to writeback.
 277000: system.cpu.commit: Unable to commit head instruction PC:(0x4010d9=>0x4010da).(2=>3) [tid:0] [sn:34].
 277000: system.cpu.commit: [tid:0]: Instruction [sn:34] PC (0x4010d9=>0x4010da).(2=>3) is head of ROB and ready to commit
 277000: system.cpu.commit: [tid:0]: ROB has 1 insts & 191 free entries.
 277500: system.cpu.fetch: Running stage.
 277500: system.cpu.fetch: There are no more threads available to fetch from.
 277500: system.cpu.fetch: [tid:0]: Fetch is waiting cache response!
 277500: system.cpu.iq: Attempting to schedule ready instructions from the IQ.
 277500: system.cpu.iq: Not able to schedule any instructions.
 277500: system.cpu.commit: DefaultCommimt<Impl>::tick() begins
 277500: system.cpu.commit: Getting instructions from Rename stage.
 277500: system.cpu.commit: Trying to commit instructions in the ROB.
 277500: system.cpu.commit: Trying to commit head instruction, [sn:34] [tid:0]
 277500: system.cpu.commit: Encountered a barrier or non-speculative instruction [sn:34] at the head of the ROB, PC (0x4010d9=>0x4010da).(2=>3).
 277500: system.cpu.commit: Waiting for all stores to writeback.
 277500: system.cpu.commit: Unable to commit head instruction PC:(0x4010d9=>0x4010da).(2=>3) [tid:0] [sn:34].
 277500: system.cpu.commit: [tid:0]: Instruction [sn:34] PC (0x4010d9=>0x4010da).(2=>3) is head of ROB and ready to commit
 277500: system.cpu.commit: [tid:0]: ROB has 1 insts & 191 free entries.
 278000: system.cpu.fetch: Running stage.
 278000: system.cpu.fetch: There are no more threads available to fetch from.
 278000: system.cpu.fetch: [tid:0]: Fetch is waiting cache response!
 278000: system.cpu.iq: Attempting to schedule ready instructions from the IQ.
 278000: system.cpu.iq: Not able to schedule any instructions.
 278000: system.cpu.commit: DefaultCommimt<Impl>::tick() begins
 278000: system.cpu.commit: Getting instructions from Rename stage.
 278000: system.cpu.commit: Trying to commit instructions in the ROB.
 278000: system.cpu.commit: Trying to commit head instruction, [sn:34] [tid:0]
 278000: system.cpu.commit: Encountered a barrier or non-speculative instruction [sn:34] at the head of the ROB, PC (0x4010d9=>0x4010da).(2=>3).
 278000: system.cpu.commit: Waiting for all stores to writeback.
 278000: system.cpu.commit: Unable to commit head instruction PC:(0x4010d9=>0x4010da).(2=>3) [tid:0] [sn:34].
 278000: system.cpu.commit: [tid:0]: Instruction [sn:34] PC (0x4010d9=>0x4010da).(2=>3) is head of ROB and ready to commit
 278000: system.cpu.commit: [tid:0]: ROB has 1 insts & 191 free entries.
 278500: system.cpu.fetch: Running stage.
 278500: system.cpu.fetch: There are no more threads available to fetch from.
 278500: system.cpu.fetch: [tid:0]: Fetch is waiting cache response!
 278500: system.cpu.iq: Attempting to schedule ready instructions from the IQ.
 278500: system.cpu.iq: Not able to schedule any instructions.
 278500: system.cpu.commit: DefaultCommimt<Impl>::tick() begins
 278500: system.cpu.commit: Getting instructions from Rename stage.
 278500: system.cpu.commit: Trying to commit instructions in the ROB.
 278500: system.cpu.commit: Trying to commit head instruction, [sn:34] [tid:0]
 278500: system.cpu.commit: Encountered a barrier or non-speculative instruction [sn:34] at the head of the ROB, PC (0x4010d9=>0x4010da).(2=>3).
 278500: system.cpu.commit: Waiting for all stores to writeback.
 278500: system.cpu.commit: Unable to commit head instruction PC:(0x4010d9=>0x4010da).(2=>3) [tid:0] [sn:34].
 278500: system.cpu.commit: [tid:0]: Instruction [sn:34] PC (0x4010d9=>0x4010da).(2=>3) is head of ROB and ready to commit
 278500: system.cpu.commit: [tid:0]: ROB has 1 insts & 191 free entries.
 279000: system.cpu.fetch: Running stage.
 279000: system.cpu.fetch: There are no more threads available to fetch from.
 279000: system.cpu.fetch: [tid:0]: Fetch is waiting cache response!
 279000: system.cpu.iq: Attempting to schedule ready instructions from the IQ.
 279000: system.cpu.iq: Not able to schedule any instructions.
 279000: system.cpu.commit: DefaultCommimt<Impl>::tick() begins
 279000: system.cpu.commit: Getting instructions from Rename stage.
 279000: system.cpu.commit: Trying to commit instructions in the ROB.
 279000: system.cpu.commit: Trying to commit head instruction, [sn:34] [tid:0]
 279000: system.cpu.commit: Encountered a barrier or non-speculative instruction [sn:34] at the head of the ROB, PC (0x4010d9=>0x4010da).(2=>3).
 279000: system.cpu.commit: Waiting for all stores to writeback.
 279000: system.cpu.commit: Unable to commit head instruction PC:(0x4010d9=>0x4010da).(2=>3) [tid:0] [sn:34].
 279000: system.cpu.commit: [tid:0]: Instruction [sn:34] PC (0x4010d9=>0x4010da).(2=>3) is head of ROB and ready to commit
 279000: system.cpu.commit: [tid:0]: ROB has 1 insts & 191 free entries.
 279500: system.cpu.fetch: Running stage.
 279500: system.cpu.fetch: There are no more threads available to fetch from.
 279500: system.cpu.fetch: [tid:0]: Fetch is waiting cache response!
 279500: system.cpu.iq: Attempting to schedule ready instructions from the IQ.
 279500: system.cpu.iq: Not able to schedule any instructions.
 279500: system.cpu.commit: DefaultCommimt<Impl>::tick() begins
 279500: system.cpu.commit: Getting instructions from Rename stage.
 279500: system.cpu.commit: Trying to commit instructions in the ROB.
 279500: system.cpu.commit: Trying to commit head instruction, [sn:34] [tid:0]
 279500: system.cpu.commit: Encountered a barrier or non-speculative instruction [sn:34] at the head of the ROB, PC (0x4010d9=>0x4010da).(2=>3).
 279500: system.cpu.commit: Waiting for all stores to writeback.
 279500: system.cpu.commit: Unable to commit head instruction PC:(0x4010d9=>0x4010da).(2=>3) [tid:0] [sn:34].
 279500: system.cpu.commit: [tid:0]: Instruction [sn:34] PC (0x4010d9=>0x4010da).(2=>3) is head of ROB and ready to commit
 279500: system.cpu.commit: [tid:0]: ROB has 1 insts & 191 free entries.
 280000: system.cpu.fetch: Running stage.
 280000: system.cpu.fetch: There are no more threads available to fetch from.
 280000: system.cpu.fetch: [tid:0]: Fetch is waiting cache response!
 280000: system.cpu.iq: Attempting to schedule ready instructions from the IQ.
 280000: system.cpu.iq: Not able to schedule any instructions.
 280000: system.cpu.commit: DefaultCommimt<Impl>::tick() begins
 280000: system.cpu.commit: Getting instructions from Rename stage.
 280000: system.cpu.commit: Trying to commit instructions in the ROB.
 280000: system.cpu.commit: Trying to commit head instruction, [sn:34] [tid:0]
 280000: system.cpu.commit: Encountered a barrier or non-speculative instruction [sn:34] at the head of the ROB, PC (0x4010d9=>0x4010da).(2=>3).
 280000: system.cpu.commit: Waiting for all stores to writeback.
 280000: system.cpu.commit: Unable to commit head instruction PC:(0x4010d9=>0x4010da).(2=>3) [tid:0] [sn:34].
 280000: system.cpu.commit: [tid:0]: Instruction [sn:34] PC (0x4010d9=>0x4010da).(2=>3) is head of ROB and ready to commit
 280000: system.cpu.commit: [tid:0]: ROB has 1 insts & 191 free entries.
 280500: system.cpu.fetch: Running stage.
 280500: system.cpu.fetch: There are no more threads available to fetch from.
 280500: system.cpu.fetch: [tid:0]: Fetch is waiting cache response!
 280500: system.cpu.iq: Attempting to schedule ready instructions from the IQ.
 280500: system.cpu.iq: Not able to schedule any instructions.
 280500: system.cpu.commit: DefaultCommimt<Impl>::tick() begins
 280500: system.cpu.commit: Getting instructions from Rename stage.
 280500: system.cpu.commit: Trying to commit instructions in the ROB.
 280500: system.cpu.commit: Trying to commit head instruction, [sn:34] [tid:0]
 280500: system.cpu.commit: Encountered a barrier or non-speculative instruction [sn:34] at the head of the ROB, PC (0x4010d9=>0x4010da).(2=>3).
 280500: system.cpu.commit: Waiting for all stores to writeback.
 280500: system.cpu.commit: Unable to commit head instruction PC:(0x4010d9=>0x4010da).(2=>3) [tid:0] [sn:34].
 280500: system.cpu.commit: [tid:0]: Instruction [sn:34] PC (0x4010d9=>0x4010da).(2=>3) is head of ROB and ready to commit
 280500: system.cpu.commit: [tid:0]: ROB has 1 insts & 191 free entries.
 281000: system.cpu.fetch: Running stage.
 281000: system.cpu.fetch: There are no more threads available to fetch from.
 281000: system.cpu.fetch: [tid:0]: Fetch is waiting cache response!
 281000: system.cpu.iq: Attempting to schedule ready instructions from the IQ.
 281000: system.cpu.iq: Not able to schedule any instructions.
 281000: system.cpu.commit: DefaultCommimt<Impl>::tick() begins
 281000: system.cpu.commit: Getting instructions from Rename stage.
 281000: system.cpu.commit: Trying to commit instructions in the ROB.
 281000: system.cpu.commit: Trying to commit head instruction, [sn:34] [tid:0]
 281000: system.cpu.commit: Encountered a barrier or non-speculative instruction [sn:34] at the head of the ROB, PC (0x4010d9=>0x4010da).(2=>3).
 281000: system.cpu.commit: Waiting for all stores to writeback.
 281000: system.cpu.commit: Unable to commit head instruction PC:(0x4010d9=>0x4010da).(2=>3) [tid:0] [sn:34].
 281000: system.cpu.commit: [tid:0]: Instruction [sn:34] PC (0x4010d9=>0x4010da).(2=>3) is head of ROB and ready to commit
 281000: system.cpu.commit: [tid:0]: ROB has 1 insts & 191 free entries.
 281500: system.cpu.fetch: Running stage.
 281500: system.cpu.fetch: There are no more threads available to fetch from.
 281500: system.cpu.fetch: [tid:0]: Fetch is waiting cache response!
 281500: system.cpu.iq: Attempting to schedule ready instructions from the IQ.
 281500: system.cpu.iq: Not able to schedule any instructions.
 281500: system.cpu.commit: DefaultCommimt<Impl>::tick() begins
 281500: system.cpu.commit: Getting instructions from Rename stage.
 281500: system.cpu.commit: Trying to commit instructions in the ROB.
 281500: system.cpu.commit: Trying to commit head instruction, [sn:34] [tid:0]
 281500: system.cpu.commit: Encountered a barrier or non-speculative instruction [sn:34] at the head of the ROB, PC (0x4010d9=>0x4010da).(2=>3).
 281500: system.cpu.commit: Waiting for all stores to writeback.
 281500: system.cpu.commit: Unable to commit head instruction PC:(0x4010d9=>0x4010da).(2=>3) [tid:0] [sn:34].
 281500: system.cpu.commit: [tid:0]: Instruction [sn:34] PC (0x4010d9=>0x4010da).(2=>3) is head of ROB and ready to commit
 281500: system.cpu.commit: [tid:0]: ROB has 1 insts & 191 free entries.
 282000: system.cpu.fetch: Running stage.
 282000: system.cpu.fetch: There are no more threads available to fetch from.
 282000: system.cpu.fetch: [tid:0]: Fetch is waiting cache response!
 282000: system.cpu.iq: Attempting to schedule ready instructions from the IQ.
 282000: system.cpu.iq: Not able to schedule any instructions.
 282000: system.cpu.commit: DefaultCommimt<Impl>::tick() begins
 282000: system.cpu.commit: Getting instructions from Rename stage.
 282000: system.cpu.commit: Trying to commit instructions in the ROB.
 282000: system.cpu.commit: Trying to commit head instruction, [sn:34] [tid:0]
 282000: system.cpu.commit: Encountered a barrier or non-speculative instruction [sn:34] at the head of the ROB, PC (0x4010d9=>0x4010da).(2=>3).
 282000: system.cpu.commit: Waiting for all stores to writeback.
 282000: system.cpu.commit: Unable to commit head instruction PC:(0x4010d9=>0x4010da).(2=>3) [tid:0] [sn:34].
 282000: system.cpu.commit: [tid:0]: Instruction [sn:34] PC (0x4010d9=>0x4010da).(2=>3) is head of ROB and ready to commit
 282000: system.cpu.commit: [tid:0]: ROB has 1 insts & 191 free entries.
 282500: system.cpu.fetch: Running stage.
 282500: system.cpu.fetch: There are no more threads available to fetch from.
 282500: system.cpu.fetch: [tid:0]: Fetch is waiting cache response!
 282500: system.cpu.iq: Attempting to schedule ready instructions from the IQ.
 282500: system.cpu.iq: Not able to schedule any instructions.
 282500: system.cpu.commit: DefaultCommimt<Impl>::tick() begins
 282500: system.cpu.commit: Getting instructions from Rename stage.
 282500: system.cpu.commit: Trying to commit instructions in the ROB.
 282500: system.cpu.commit: Trying to commit head instruction, [sn:34] [tid:0]
 282500: system.cpu.commit: Encountered a barrier or non-speculative instruction [sn:34] at the head of the ROB, PC (0x4010d9=>0x4010da).(2=>3).
 282500: system.cpu.commit: Waiting for all stores to writeback.
 282500: system.cpu.commit: Unable to commit head instruction PC:(0x4010d9=>0x4010da).(2=>3) [tid:0] [sn:34].
 282500: system.cpu.commit: [tid:0]: Instruction [sn:34] PC (0x4010d9=>0x4010da).(2=>3) is head of ROB and ready to commit
 282500: system.cpu.commit: [tid:0]: ROB has 1 insts & 191 free entries.
 283000: system.cpu.fetch: Running stage.
 283000: system.cpu.fetch: There are no more threads available to fetch from.
 283000: system.cpu.fetch: [tid:0]: Fetch is waiting cache response!
 283000: system.cpu.iq: Attempting to schedule ready instructions from the IQ.
 283000: system.cpu.iq: Not able to schedule any instructions.
 283000: system.cpu.commit: DefaultCommimt<Impl>::tick() begins
 283000: system.cpu.commit: Getting instructions from Rename stage.
 283000: system.cpu.commit: Trying to commit instructions in the ROB.
 283000: system.cpu.commit: Trying to commit head instruction, [sn:34] [tid:0]
 283000: system.cpu.commit: Encountered a barrier or non-speculative instruction [sn:34] at the head of the ROB, PC (0x4010d9=>0x4010da).(2=>3).
 283000: system.cpu.commit: Waiting for all stores to writeback.
 283000: system.cpu.commit: Unable to commit head instruction PC:(0x4010d9=>0x4010da).(2=>3) [tid:0] [sn:34].
 283000: system.cpu.commit: [tid:0]: Instruction [sn:34] PC (0x4010d9=>0x4010da).(2=>3) is head of ROB and ready to commit
 283000: system.cpu.commit: [tid:0]: ROB has 1 insts & 191 free entries.
 283500: system.cpu.fetch: Running stage.
 283500: system.cpu.fetch: There are no more threads available to fetch from.
 283500: system.cpu.fetch: [tid:0]: Fetch is waiting cache response!
 283500: system.cpu.iq: Attempting to schedule ready instructions from the IQ.
 283500: system.cpu.iq: Not able to schedule any instructions.
 283500: system.cpu.commit: DefaultCommimt<Impl>::tick() begins
 283500: system.cpu.commit: Getting instructions from Rename stage.
 283500: system.cpu.commit: Trying to commit instructions in the ROB.
 283500: system.cpu.commit: Trying to commit head instruction, [sn:34] [tid:0]
 283500: system.cpu.commit: Encountered a barrier or non-speculative instruction [sn:34] at the head of the ROB, PC (0x4010d9=>0x4010da).(2=>3).
 283500: system.cpu.commit: Waiting for all stores to writeback.
 283500: system.cpu.commit: Unable to commit head instruction PC:(0x4010d9=>0x4010da).(2=>3) [tid:0] [sn:34].
 283500: system.cpu.commit: [tid:0]: Instruction [sn:34] PC (0x4010d9=>0x4010da).(2=>3) is head of ROB and ready to commit
 283500: system.cpu.commit: [tid:0]: ROB has 1 insts & 191 free entries.
 284000: system.cpu.fetch: Running stage.
 284000: system.cpu.fetch: There are no more threads available to fetch from.
 284000: system.cpu.fetch: [tid:0]: Fetch is waiting cache response!
 284000: system.cpu.iq: Attempting to schedule ready instructions from the IQ.
 284000: system.cpu.iq: Not able to schedule any instructions.
 284000: system.cpu.commit: DefaultCommimt<Impl>::tick() begins
 284000: system.cpu.commit: Getting instructions from Rename stage.
 284000: system.cpu.commit: Trying to commit instructions in the ROB.
 284000: system.cpu.commit: Trying to commit head instruction, [sn:34] [tid:0]
 284000: system.cpu.commit: Encountered a barrier or non-speculative instruction [sn:34] at the head of the ROB, PC (0x4010d9=>0x4010da).(2=>3).
 284000: system.cpu.commit: Waiting for all stores to writeback.
 284000: system.cpu.commit: Unable to commit head instruction PC:(0x4010d9=>0x4010da).(2=>3) [tid:0] [sn:34].
 284000: system.cpu.commit: [tid:0]: Instruction [sn:34] PC (0x4010d9=>0x4010da).(2=>3) is head of ROB and ready to commit
 284000: system.cpu.commit: [tid:0]: ROB has 1 insts & 191 free entries.
 284500: system.cpu.fetch: Running stage.
 284500: system.cpu.fetch: There are no more threads available to fetch from.
 284500: system.cpu.fetch: [tid:0]: Fetch is waiting cache response!
 284500: system.cpu.iq: Attempting to schedule ready instructions from the IQ.
 284500: system.cpu.iq: Not able to schedule any instructions.
 284500: system.cpu.commit: DefaultCommimt<Impl>::tick() begins
 284500: system.cpu.commit: Getting instructions from Rename stage.
 284500: system.cpu.commit: Trying to commit instructions in the ROB.
 284500: system.cpu.commit: Trying to commit head instruction, [sn:34] [tid:0]
 284500: system.cpu.commit: Encountered a barrier or non-speculative instruction [sn:34] at the head of the ROB, PC (0x4010d9=>0x4010da).(2=>3).
 284500: system.cpu.commit: Waiting for all stores to writeback.
 284500: system.cpu.commit: Unable to commit head instruction PC:(0x4010d9=>0x4010da).(2=>3) [tid:0] [sn:34].
 284500: system.cpu.commit: [tid:0]: Instruction [sn:34] PC (0x4010d9=>0x4010da).(2=>3) is head of ROB and ready to commit
 284500: system.cpu.commit: [tid:0]: ROB has 1 insts & 191 free entries.
 285000: system.cpu.fetch: Running stage.
 285000: system.cpu.fetch: There are no more threads available to fetch from.
 285000: system.cpu.fetch: [tid:0]: Fetch is waiting cache response!
 285000: system.cpu.iq: Attempting to schedule ready instructions from the IQ.
 285000: system.cpu.iq: Not able to schedule any instructions.
 285000: system.cpu.commit: DefaultCommimt<Impl>::tick() begins
 285000: system.cpu.commit: Getting instructions from Rename stage.
 285000: system.cpu.commit: Trying to commit instructions in the ROB.
 285000: system.cpu.commit: Trying to commit head instruction, [sn:34] [tid:0]
 285000: system.cpu.commit: Encountered a barrier or non-speculative instruction [sn:34] at the head of the ROB, PC (0x4010d9=>0x4010da).(2=>3).
 285000: system.cpu.commit: Waiting for all stores to writeback.
 285000: system.cpu.commit: Unable to commit head instruction PC:(0x4010d9=>0x4010da).(2=>3) [tid:0] [sn:34].
 285000: system.cpu.commit: [tid:0]: Instruction [sn:34] PC (0x4010d9=>0x4010da).(2=>3) is head of ROB and ready to commit
 285000: system.cpu.commit: [tid:0]: ROB has 1 insts & 191 free entries.
 285500: system.cpu.fetch: Running stage.
 285500: system.cpu.fetch: There are no more threads available to fetch from.
 285500: system.cpu.fetch: [tid:0]: Fetch is waiting cache response!
 285500: system.cpu.iq: Attempting to schedule ready instructions from the IQ.
 285500: system.cpu.iq: Not able to schedule any instructions.
 285500: system.cpu.commit: DefaultCommimt<Impl>::tick() begins
 285500: system.cpu.commit: Getting instructions from Rename stage.
 285500: system.cpu.commit: Trying to commit instructions in the ROB.
 285500: system.cpu.commit: Trying to commit head instruction, [sn:34] [tid:0]
 285500: system.cpu.commit: Encountered a barrier or non-speculative instruction [sn:34] at the head of the ROB, PC (0x4010d9=>0x4010da).(2=>3).
 285500: system.cpu.commit: Waiting for all stores to writeback.
 285500: system.cpu.commit: Unable to commit head instruction PC:(0x4010d9=>0x4010da).(2=>3) [tid:0] [sn:34].
 285500: system.cpu.commit: [tid:0]: Instruction [sn:34] PC (0x4010d9=>0x4010da).(2=>3) is head of ROB and ready to commit
 285500: system.cpu.commit: [tid:0]: ROB has 1 insts & 191 free entries.
 286000: system.cpu.fetch: Running stage.
 286000: system.cpu.fetch: There are no more threads available to fetch from.
 286000: system.cpu.fetch: [tid:0]: Fetch is waiting cache response!
 286000: system.cpu.iq: Attempting to schedule ready instructions from the IQ.
 286000: system.cpu.iq: Not able to schedule any instructions.
 286000: system.cpu.commit: DefaultCommimt<Impl>::tick() begins
 286000: system.cpu.commit: Getting instructions from Rename stage.
 286000: system.cpu.commit: Trying to commit instructions in the ROB.
 286000: system.cpu.commit: Trying to commit head instruction, [sn:34] [tid:0]
 286000: system.cpu.commit: Encountered a barrier or non-speculative instruction [sn:34] at the head of the ROB, PC (0x4010d9=>0x4010da).(2=>3).
 286000: system.cpu.commit: Waiting for all stores to writeback.
 286000: system.cpu.commit: Unable to commit head instruction PC:(0x4010d9=>0x4010da).(2=>3) [tid:0] [sn:34].
 286000: system.cpu.commit: [tid:0]: Instruction [sn:34] PC (0x4010d9=>0x4010da).(2=>3) is head of ROB and ready to commit
 286000: system.cpu.commit: [tid:0]: ROB has 1 insts & 191 free entries.
 286500: system.cpu.fetch: Running stage.
 286500: system.cpu.fetch: There are no more threads available to fetch from.
 286500: system.cpu.fetch: [tid:0]: Fetch is waiting cache response!
 286500: system.cpu.iq: Attempting to schedule ready instructions from the IQ.
 286500: system.cpu.iq: Not able to schedule any instructions.
 286500: system.cpu.commit: DefaultCommimt<Impl>::tick() begins
 286500: system.cpu.commit: Getting instructions from Rename stage.
 286500: system.cpu.commit: Trying to commit instructions in the ROB.
 286500: system.cpu.commit: Trying to commit head instruction, [sn:34] [tid:0]
 286500: system.cpu.commit: Encountered a barrier or non-speculative instruction [sn:34] at the head of the ROB, PC (0x4010d9=>0x4010da).(2=>3).
 286500: system.cpu.commit: Waiting for all stores to writeback.
 286500: system.cpu.commit: Unable to commit head instruction PC:(0x4010d9=>0x4010da).(2=>3) [tid:0] [sn:34].
 286500: system.cpu.commit: [tid:0]: Instruction [sn:34] PC (0x4010d9=>0x4010da).(2=>3) is head of ROB and ready to commit
 286500: system.cpu.commit: [tid:0]: ROB has 1 insts & 191 free entries.
 287000: system.cpu.fetch: Running stage.
 287000: system.cpu.fetch: There are no more threads available to fetch from.
 287000: system.cpu.fetch: [tid:0]: Fetch is waiting cache response!
 287000: system.cpu.iq: Attempting to schedule ready instructions from the IQ.
 287000: system.cpu.iq: Not able to schedule any instructions.
 287000: system.cpu.commit: DefaultCommimt<Impl>::tick() begins
 287000: system.cpu.commit: Getting instructions from Rename stage.
 287000: system.cpu.commit: Trying to commit instructions in the ROB.
 287000: system.cpu.commit: Trying to commit head instruction, [sn:34] [tid:0]
 287000: system.cpu.commit: Encountered a barrier or non-speculative instruction [sn:34] at the head of the ROB, PC (0x4010d9=>0x4010da).(2=>3).
 287000: system.cpu.commit: Waiting for all stores to writeback.
 287000: system.cpu.commit: Unable to commit head instruction PC:(0x4010d9=>0x4010da).(2=>3) [tid:0] [sn:34].
 287000: system.cpu.commit: [tid:0]: Instruction [sn:34] PC (0x4010d9=>0x4010da).(2=>3) is head of ROB and ready to commit
 287000: system.cpu.commit: [tid:0]: ROB has 1 insts & 191 free entries.
 287500: system.cpu.fetch: Running stage.
 287500: system.cpu.fetch: There are no more threads available to fetch from.
 287500: system.cpu.fetch: [tid:0]: Fetch is waiting cache response!
 287500: system.cpu.iq: Attempting to schedule ready instructions from the IQ.
 287500: system.cpu.iq: Not able to schedule any instructions.
 287500: system.cpu.commit: DefaultCommimt<Impl>::tick() begins
 287500: system.cpu.commit: Getting instructions from Rename stage.
 287500: system.cpu.commit: Trying to commit instructions in the ROB.
 287500: system.cpu.commit: Trying to commit head instruction, [sn:34] [tid:0]
 287500: system.cpu.commit: Encountered a barrier or non-speculative instruction [sn:34] at the head of the ROB, PC (0x4010d9=>0x4010da).(2=>3).
 287500: system.cpu.commit: Waiting for all stores to writeback.
 287500: system.cpu.commit: Unable to commit head instruction PC:(0x4010d9=>0x4010da).(2=>3) [tid:0] [sn:34].
 287500: system.cpu.commit: [tid:0]: Instruction [sn:34] PC (0x4010d9=>0x4010da).(2=>3) is head of ROB and ready to commit
 287500: system.cpu.commit: [tid:0]: ROB has 1 insts & 191 free entries.
 288000: system.cpu.fetch: Running stage.
 288000: system.cpu.fetch: There are no more threads available to fetch from.
 288000: system.cpu.fetch: [tid:0]: Fetch is waiting cache response!
 288000: system.cpu.iq: Attempting to schedule ready instructions from the IQ.
 288000: system.cpu.iq: Not able to schedule any instructions.
 288000: system.cpu.commit: DefaultCommimt<Impl>::tick() begins
 288000: system.cpu.commit: Getting instructions from Rename stage.
 288000: system.cpu.commit: Trying to commit instructions in the ROB.
 288000: system.cpu.commit: Trying to commit head instruction, [sn:34] [tid:0]
 288000: system.cpu.commit: Encountered a barrier or non-speculative instruction [sn:34] at the head of the ROB, PC (0x4010d9=>0x4010da).(2=>3).
 288000: system.cpu.commit: Waiting for all stores to writeback.
 288000: system.cpu.commit: Unable to commit head instruction PC:(0x4010d9=>0x4010da).(2=>3) [tid:0] [sn:34].
 288000: system.cpu.commit: [tid:0]: Instruction [sn:34] PC (0x4010d9=>0x4010da).(2=>3) is head of ROB and ready to commit
 288000: system.cpu.commit: [tid:0]: ROB has 1 insts & 191 free entries.
 288500: system.cpu.fetch: Running stage.
 288500: system.cpu.fetch: There are no more threads available to fetch from.
 288500: system.cpu.fetch: [tid:0]: Fetch is waiting cache response!
 288500: system.cpu.iq: Attempting to schedule ready instructions from the IQ.
 288500: system.cpu.iq: Not able to schedule any instructions.
 288500: system.cpu.commit: DefaultCommimt<Impl>::tick() begins
 288500: system.cpu.commit: Getting instructions from Rename stage.
 288500: system.cpu.commit: Trying to commit instructions in the ROB.
 288500: system.cpu.commit: Trying to commit head instruction, [sn:34] [tid:0]
 288500: system.cpu.commit: Encountered a barrier or non-speculative instruction [sn:34] at the head of the ROB, PC (0x4010d9=>0x4010da).(2=>3).
 288500: system.cpu.commit: Waiting for all stores to writeback.
 288500: system.cpu.commit: Unable to commit head instruction PC:(0x4010d9=>0x4010da).(2=>3) [tid:0] [sn:34].
 288500: system.cpu.commit: [tid:0]: Instruction [sn:34] PC (0x4010d9=>0x4010da).(2=>3) is head of ROB and ready to commit
 288500: system.cpu.commit: [tid:0]: ROB has 1 insts & 191 free entries.
 289000: system.cpu.fetch: Running stage.
 289000: system.cpu.fetch: There are no more threads available to fetch from.
 289000: system.cpu.fetch: [tid:0]: Fetch is waiting cache response!
 289000: system.cpu.iq: Attempting to schedule ready instructions from the IQ.
 289000: system.cpu.iq: Not able to schedule any instructions.
 289000: system.cpu.commit: DefaultCommimt<Impl>::tick() begins
 289000: system.cpu.commit: Getting instructions from Rename stage.
 289000: system.cpu.commit: Trying to commit instructions in the ROB.
 289000: system.cpu.commit: Trying to commit head instruction, [sn:34] [tid:0]
 289000: system.cpu.commit: Encountered a barrier or non-speculative instruction [sn:34] at the head of the ROB, PC (0x4010d9=>0x4010da).(2=>3).
 289000: system.cpu.commit: Waiting for all stores to writeback.
 289000: system.cpu.commit: Unable to commit head instruction PC:(0x4010d9=>0x4010da).(2=>3) [tid:0] [sn:34].
 289000: system.cpu.commit: [tid:0]: Instruction [sn:34] PC (0x4010d9=>0x4010da).(2=>3) is head of ROB and ready to commit
 289000: system.cpu.commit: [tid:0]: ROB has 1 insts & 191 free entries.
 289500: system.cpu.fetch: Running stage.
 289500: system.cpu.fetch: There are no more threads available to fetch from.
 289500: system.cpu.fetch: [tid:0]: Fetch is waiting cache response!
 289500: system.cpu.iq: Attempting to schedule ready instructions from the IQ.
 289500: system.cpu.iq: Not able to schedule any instructions.
 289500: system.cpu.commit: DefaultCommimt<Impl>::tick() begins
 289500: system.cpu.commit: Getting instructions from Rename stage.
 289500: system.cpu.commit: Trying to commit instructions in the ROB.
 289500: system.cpu.commit: Trying to commit head instruction, [sn:34] [tid:0]
 289500: system.cpu.commit: Encountered a barrier or non-speculative instruction [sn:34] at the head of the ROB, PC (0x4010d9=>0x4010da).(2=>3).
 289500: system.cpu.commit: Waiting for all stores to writeback.
 289500: system.cpu.commit: Unable to commit head instruction PC:(0x4010d9=>0x4010da).(2=>3) [tid:0] [sn:34].
 289500: system.cpu.commit: [tid:0]: Instruction [sn:34] PC (0x4010d9=>0x4010da).(2=>3) is head of ROB and ready to commit
 289500: system.cpu.commit: [tid:0]: ROB has 1 insts & 191 free entries.
 290000: system.cpu.fetch: Running stage.
 290000: system.cpu.fetch: There are no more threads available to fetch from.
 290000: system.cpu.fetch: [tid:0]: Fetch is waiting cache response!
 290000: system.cpu.iq: Attempting to schedule ready instructions from the IQ.
 290000: system.cpu.iq: Not able to schedule any instructions.
 290000: system.cpu.commit: DefaultCommimt<Impl>::tick() begins
 290000: system.cpu.commit: Getting instructions from Rename stage.
 290000: system.cpu.commit: Trying to commit instructions in the ROB.
 290000: system.cpu.commit: Trying to commit head instruction, [sn:34] [tid:0]
 290000: system.cpu.commit: Encountered a barrier or non-speculative instruction [sn:34] at the head of the ROB, PC (0x4010d9=>0x4010da).(2=>3).
 290000: system.cpu.commit: Waiting for all stores to writeback.
 290000: system.cpu.commit: Unable to commit head instruction PC:(0x4010d9=>0x4010da).(2=>3) [tid:0] [sn:34].
 290000: system.cpu.commit: [tid:0]: Instruction [sn:34] PC (0x4010d9=>0x4010da).(2=>3) is head of ROB and ready to commit
 290000: system.cpu.commit: [tid:0]: ROB has 1 insts & 191 free entries.
 290500: system.cpu.fetch: Running stage.
 290500: system.cpu.fetch: There are no more threads available to fetch from.
 290500: system.cpu.fetch: [tid:0]: Fetch is waiting cache response!
 290500: system.cpu.iq: Attempting to schedule ready instructions from the IQ.
 290500: system.cpu.iq: Not able to schedule any instructions.
 290500: system.cpu.commit: DefaultCommimt<Impl>::tick() begins
 290500: system.cpu.commit: Getting instructions from Rename stage.
 290500: system.cpu.commit: Trying to commit instructions in the ROB.
 290500: system.cpu.commit: Trying to commit head instruction, [sn:34] [tid:0]
 290500: system.cpu.commit: Encountered a barrier or non-speculative instruction [sn:34] at the head of the ROB, PC (0x4010d9=>0x4010da).(2=>3).
 290500: system.cpu.commit: Waiting for all stores to writeback.
 290500: system.cpu.commit: Unable to commit head instruction PC:(0x4010d9=>0x4010da).(2=>3) [tid:0] [sn:34].
 290500: system.cpu.commit: [tid:0]: Instruction [sn:34] PC (0x4010d9=>0x4010da).(2=>3) is head of ROB and ready to commit
 290500: system.cpu.commit: [tid:0]: ROB has 1 insts & 191 free entries.
 291000: system.cpu.fetch: Running stage.
 291000: system.cpu.fetch: There are no more threads available to fetch from.
 291000: system.cpu.fetch: [tid:0]: Fetch is waiting cache response!
 291000: system.cpu.iq: Attempting to schedule ready instructions from the IQ.
 291000: system.cpu.iq: Not able to schedule any instructions.
 291000: system.cpu.commit: DefaultCommimt<Impl>::tick() begins
 291000: system.cpu.commit: Getting instructions from Rename stage.
 291000: system.cpu.commit: Trying to commit instructions in the ROB.
 291000: system.cpu.commit: Trying to commit head instruction, [sn:34] [tid:0]
 291000: system.cpu.commit: Encountered a barrier or non-speculative instruction [sn:34] at the head of the ROB, PC (0x4010d9=>0x4010da).(2=>3).
 291000: system.cpu.commit: Waiting for all stores to writeback.
 291000: system.cpu.commit: Unable to commit head instruction PC:(0x4010d9=>0x4010da).(2=>3) [tid:0] [sn:34].
 291000: system.cpu.commit: [tid:0]: Instruction [sn:34] PC (0x4010d9=>0x4010da).(2=>3) is head of ROB and ready to commit
 291000: system.cpu.commit: [tid:0]: ROB has 1 insts & 191 free entries.
 291500: system.cpu.fetch: Running stage.
 291500: system.cpu.fetch: There are no more threads available to fetch from.
 291500: system.cpu.fetch: [tid:0]: Fetch is waiting cache response!
 291500: system.cpu.iq: Attempting to schedule ready instructions from the IQ.
 291500: system.cpu.iq: Not able to schedule any instructions.
 291500: system.cpu.commit: DefaultCommimt<Impl>::tick() begins
 291500: system.cpu.commit: Getting instructions from Rename stage.
 291500: system.cpu.commit: Trying to commit instructions in the ROB.
 291500: system.cpu.commit: Trying to commit head instruction, [sn:34] [tid:0]
 291500: system.cpu.commit: Encountered a barrier or non-speculative instruction [sn:34] at the head of the ROB, PC (0x4010d9=>0x4010da).(2=>3).
 291500: system.cpu.commit: Waiting for all stores to writeback.
 291500: system.cpu.commit: Unable to commit head instruction PC:(0x4010d9=>0x4010da).(2=>3) [tid:0] [sn:34].
 291500: system.cpu.commit: [tid:0]: Instruction [sn:34] PC (0x4010d9=>0x4010da).(2=>3) is head of ROB and ready to commit
 291500: system.cpu.commit: [tid:0]: ROB has 1 insts & 191 free entries.
 292000: system.cpu.fetch: Running stage.
 292000: system.cpu.fetch: There are no more threads available to fetch from.
 292000: system.cpu.fetch: [tid:0]: Fetch is waiting cache response!
 292000: system.cpu.iq: Attempting to schedule ready instructions from the IQ.
 292000: system.cpu.iq: Not able to schedule any instructions.
 292000: system.cpu.commit: DefaultCommimt<Impl>::tick() begins
 292000: system.cpu.commit: Getting instructions from Rename stage.
 292000: system.cpu.commit: Trying to commit instructions in the ROB.
 292000: system.cpu.commit: Trying to commit head instruction, [sn:34] [tid:0]
 292000: system.cpu.commit: Encountered a barrier or non-speculative instruction [sn:34] at the head of the ROB, PC (0x4010d9=>0x4010da).(2=>3).
 292000: system.cpu.commit: Waiting for all stores to writeback.
 292000: system.cpu.commit: Unable to commit head instruction PC:(0x4010d9=>0x4010da).(2=>3) [tid:0] [sn:34].
 292000: system.cpu.commit: [tid:0]: Instruction [sn:34] PC (0x4010d9=>0x4010da).(2=>3) is head of ROB and ready to commit
 292000: system.cpu.commit: [tid:0]: ROB has 1 insts & 191 free entries.
 292500: system.cpu.fetch: Running stage.
 292500: system.cpu.fetch: There are no more threads available to fetch from.
 292500: system.cpu.fetch: [tid:0]: Fetch is waiting cache response!
 292500: system.cpu.iq: Attempting to schedule ready instructions from the IQ.
 292500: system.cpu.iq: Not able to schedule any instructions.
 292500: system.cpu.commit: DefaultCommimt<Impl>::tick() begins
 292500: system.cpu.commit: Getting instructions from Rename stage.
 292500: system.cpu.commit: Trying to commit instructions in the ROB.
 292500: system.cpu.commit: Trying to commit head instruction, [sn:34] [tid:0]
 292500: system.cpu.commit: Encountered a barrier or non-speculative instruction [sn:34] at the head of the ROB, PC (0x4010d9=>0x4010da).(2=>3).
 292500: system.cpu.commit: Waiting for all stores to writeback.
 292500: system.cpu.commit: Unable to commit head instruction PC:(0x4010d9=>0x4010da).(2=>3) [tid:0] [sn:34].
 292500: system.cpu.commit: [tid:0]: Instruction [sn:34] PC (0x4010d9=>0x4010da).(2=>3) is head of ROB and ready to commit
 292500: system.cpu.commit: [tid:0]: ROB has 1 insts & 191 free entries.
 293000: system.cpu.fetch: Running stage.
 293000: system.cpu.fetch: There are no more threads available to fetch from.
 293000: system.cpu.fetch: [tid:0]: Fetch is waiting cache response!
 293000: system.cpu.iq: Attempting to schedule ready instructions from the IQ.
 293000: system.cpu.iq: Not able to schedule any instructions.
 293000: system.cpu.commit: DefaultCommimt<Impl>::tick() begins
 293000: system.cpu.commit: Getting instructions from Rename stage.
 293000: system.cpu.commit: Trying to commit instructions in the ROB.
 293000: system.cpu.commit: Trying to commit head instruction, [sn:34] [tid:0]
 293000: system.cpu.commit: Encountered a barrier or non-speculative instruction [sn:34] at the head of the ROB, PC (0x4010d9=>0x4010da).(2=>3).
 293000: system.cpu.commit: Waiting for all stores to writeback.
 293000: system.cpu.commit: Unable to commit head instruction PC:(0x4010d9=>0x4010da).(2=>3) [tid:0] [sn:34].
 293000: system.cpu.commit: [tid:0]: Instruction [sn:34] PC (0x4010d9=>0x4010da).(2=>3) is head of ROB and ready to commit
 293000: system.cpu.commit: [tid:0]: ROB has 1 insts & 191 free entries.
 293500: system.cpu.fetch: Running stage.
 293500: system.cpu.fetch: There are no more threads available to fetch from.
 293500: system.cpu.fetch: [tid:0]: Fetch is waiting cache response!
 293500: system.cpu.iq: Attempting to schedule ready instructions from the IQ.
 293500: system.cpu.iq: Not able to schedule any instructions.
 293500: system.cpu.commit: DefaultCommimt<Impl>::tick() begins
 293500: system.cpu.commit: Getting instructions from Rename stage.
 293500: system.cpu.commit: Trying to commit instructions in the ROB.
 293500: system.cpu.commit: Trying to commit head instruction, [sn:34] [tid:0]
 293500: system.cpu.commit: Encountered a barrier or non-speculative instruction [sn:34] at the head of the ROB, PC (0x4010d9=>0x4010da).(2=>3).
 293500: system.cpu.commit: Waiting for all stores to writeback.
 293500: system.cpu.commit: Unable to commit head instruction PC:(0x4010d9=>0x4010da).(2=>3) [tid:0] [sn:34].
 293500: system.cpu.commit: [tid:0]: Instruction [sn:34] PC (0x4010d9=>0x4010da).(2=>3) is head of ROB and ready to commit
 293500: system.cpu.commit: [tid:0]: ROB has 1 insts & 191 free entries.
 294000: system.cpu.fetch: Running stage.
 294000: system.cpu.fetch: There are no more threads available to fetch from.
 294000: system.cpu.fetch: [tid:0]: Fetch is waiting cache response!
 294000: system.cpu.iq: Attempting to schedule ready instructions from the IQ.
 294000: system.cpu.iq: Not able to schedule any instructions.
 294000: system.cpu.commit: DefaultCommimt<Impl>::tick() begins
 294000: system.cpu.commit: Getting instructions from Rename stage.
 294000: system.cpu.commit: Trying to commit instructions in the ROB.
 294000: system.cpu.commit: Trying to commit head instruction, [sn:34] [tid:0]
 294000: system.cpu.commit: Encountered a barrier or non-speculative instruction [sn:34] at the head of the ROB, PC (0x4010d9=>0x4010da).(2=>3).
 294000: system.cpu.commit: Waiting for all stores to writeback.
 294000: system.cpu.commit: Unable to commit head instruction PC:(0x4010d9=>0x4010da).(2=>3) [tid:0] [sn:34].
 294000: system.cpu.commit: [tid:0]: Instruction [sn:34] PC (0x4010d9=>0x4010da).(2=>3) is head of ROB and ready to commit
 294000: system.cpu.commit: [tid:0]: ROB has 1 insts & 191 free entries.
 294500: system.cpu.fetch: Running stage.
 294500: system.cpu.fetch: There are no more threads available to fetch from.
 294500: system.cpu.fetch: [tid:0]: Fetch is waiting cache response!
 294500: system.cpu.iq: Attempting to schedule ready instructions from the IQ.
 294500: system.cpu.iq: Not able to schedule any instructions.
 294500: system.cpu.commit: DefaultCommimt<Impl>::tick() begins
 294500: system.cpu.commit: Getting instructions from Rename stage.
 294500: system.cpu.commit: Trying to commit instructions in the ROB.
 294500: system.cpu.commit: Trying to commit head instruction, [sn:34] [tid:0]
 294500: system.cpu.commit: Encountered a barrier or non-speculative instruction [sn:34] at the head of the ROB, PC (0x4010d9=>0x4010da).(2=>3).
 294500: system.cpu.commit: Waiting for all stores to writeback.
 294500: system.cpu.commit: Unable to commit head instruction PC:(0x4010d9=>0x4010da).(2=>3) [tid:0] [sn:34].
 294500: system.cpu.commit: [tid:0]: Instruction [sn:34] PC (0x4010d9=>0x4010da).(2=>3) is head of ROB and ready to commit
 294500: system.cpu.commit: [tid:0]: ROB has 1 insts & 191 free entries.
 295000: system.cpu.fetch: Running stage.
 295000: system.cpu.fetch: There are no more threads available to fetch from.
 295000: system.cpu.fetch: [tid:0]: Fetch is waiting cache response!
 295000: system.cpu.iq: Attempting to schedule ready instructions from the IQ.
 295000: system.cpu.iq: Not able to schedule any instructions.
 295000: system.cpu.commit: DefaultCommimt<Impl>::tick() begins
 295000: system.cpu.commit: Getting instructions from Rename stage.
 295000: system.cpu.commit: Trying to commit instructions in the ROB.
 295000: system.cpu.commit: Trying to commit head instruction, [sn:34] [tid:0]
 295000: system.cpu.commit: Encountered a barrier or non-speculative instruction [sn:34] at the head of the ROB, PC (0x4010d9=>0x4010da).(2=>3).
 295000: system.cpu.commit: Waiting for all stores to writeback.
 295000: system.cpu.commit: Unable to commit head instruction PC:(0x4010d9=>0x4010da).(2=>3) [tid:0] [sn:34].
 295000: system.cpu.commit: [tid:0]: Instruction [sn:34] PC (0x4010d9=>0x4010da).(2=>3) is head of ROB and ready to commit
 295000: system.cpu.commit: [tid:0]: ROB has 1 insts & 191 free entries.
 295500: system.cpu.fetch: Running stage.
 295500: system.cpu.fetch: There are no more threads available to fetch from.
 295500: system.cpu.fetch: [tid:0]: Fetch is waiting cache response!
 295500: system.cpu.iq: Attempting to schedule ready instructions from the IQ.
 295500: system.cpu.iq: Not able to schedule any instructions.
 295500: system.cpu.commit: DefaultCommimt<Impl>::tick() begins
 295500: system.cpu.commit: Getting instructions from Rename stage.
 295500: system.cpu.commit: Trying to commit instructions in the ROB.
 295500: system.cpu.commit: Trying to commit head instruction, [sn:34] [tid:0]
 295500: system.cpu.commit: Encountered a barrier or non-speculative instruction [sn:34] at the head of the ROB, PC (0x4010d9=>0x4010da).(2=>3).
 295500: system.cpu.commit: Waiting for all stores to writeback.
 295500: system.cpu.commit: Unable to commit head instruction PC:(0x4010d9=>0x4010da).(2=>3) [tid:0] [sn:34].
 295500: system.cpu.commit: [tid:0]: Instruction [sn:34] PC (0x4010d9=>0x4010da).(2=>3) is head of ROB and ready to commit
 295500: system.cpu.commit: [tid:0]: ROB has 1 insts & 191 free entries.
 296000: system.cpu.fetch: Running stage.
 296000: system.cpu.fetch: There are no more threads available to fetch from.
 296000: system.cpu.fetch: [tid:0]: Fetch is waiting cache response!
 296000: system.cpu.iq: Attempting to schedule ready instructions from the IQ.
 296000: system.cpu.iq: Not able to schedule any instructions.
 296000: system.cpu.commit: DefaultCommimt<Impl>::tick() begins
 296000: system.cpu.commit: Getting instructions from Rename stage.
 296000: system.cpu.commit: Trying to commit instructions in the ROB.
 296000: system.cpu.commit: Trying to commit head instruction, [sn:34] [tid:0]
 296000: system.cpu.commit: Encountered a barrier or non-speculative instruction [sn:34] at the head of the ROB, PC (0x4010d9=>0x4010da).(2=>3).
 296000: system.cpu.commit: Waiting for all stores to writeback.
 296000: system.cpu.commit: Unable to commit head instruction PC:(0x4010d9=>0x4010da).(2=>3) [tid:0] [sn:34].
 296000: system.cpu.commit: [tid:0]: Instruction [sn:34] PC (0x4010d9=>0x4010da).(2=>3) is head of ROB and ready to commit
 296000: system.cpu.commit: [tid:0]: ROB has 1 insts & 191 free entries.
 296500: system.cpu.fetch: Running stage.
 296500: system.cpu.fetch: There are no more threads available to fetch from.
 296500: system.cpu.fetch: [tid:0]: Fetch is waiting cache response!
 296500: system.cpu.iq: Attempting to schedule ready instructions from the IQ.
 296500: system.cpu.iq: Not able to schedule any instructions.
 296500: system.cpu.commit: DefaultCommimt<Impl>::tick() begins
 296500: system.cpu.commit: Getting instructions from Rename stage.
 296500: system.cpu.commit: Trying to commit instructions in the ROB.
 296500: system.cpu.commit: Trying to commit head instruction, [sn:34] [tid:0]
 296500: system.cpu.commit: Encountered a barrier or non-speculative instruction [sn:34] at the head of the ROB, PC (0x4010d9=>0x4010da).(2=>3).
 296500: system.cpu.commit: Waiting for all stores to writeback.
 296500: system.cpu.commit: Unable to commit head instruction PC:(0x4010d9=>0x4010da).(2=>3) [tid:0] [sn:34].
 296500: system.cpu.commit: [tid:0]: Instruction [sn:34] PC (0x4010d9=>0x4010da).(2=>3) is head of ROB and ready to commit
 296500: system.cpu.commit: [tid:0]: ROB has 1 insts & 191 free entries.
 297000: system.cpu.fetch: Running stage.
 297000: system.cpu.fetch: There are no more threads available to fetch from.
 297000: system.cpu.fetch: [tid:0]: Fetch is waiting cache response!
 297000: system.cpu.iq: Attempting to schedule ready instructions from the IQ.
 297000: system.cpu.iq: Not able to schedule any instructions.
 297000: system.cpu.commit: DefaultCommimt<Impl>::tick() begins
 297000: system.cpu.commit: Getting instructions from Rename stage.
 297000: system.cpu.commit: Trying to commit instructions in the ROB.
 297000: system.cpu.commit: Trying to commit head instruction, [sn:34] [tid:0]
 297000: system.cpu.commit: Encountered a barrier or non-speculative instruction [sn:34] at the head of the ROB, PC (0x4010d9=>0x4010da).(2=>3).
 297000: system.cpu.commit: Waiting for all stores to writeback.
 297000: system.cpu.commit: Unable to commit head instruction PC:(0x4010d9=>0x4010da).(2=>3) [tid:0] [sn:34].
 297000: system.cpu.commit: [tid:0]: Instruction [sn:34] PC (0x4010d9=>0x4010da).(2=>3) is head of ROB and ready to commit
 297000: system.cpu.commit: [tid:0]: ROB has 1 insts & 191 free entries.
 297500: system.cpu.fetch: Running stage.
 297500: system.cpu.fetch: There are no more threads available to fetch from.
 297500: system.cpu.fetch: [tid:0]: Fetch is waiting cache response!
 297500: system.cpu.iq: Attempting to schedule ready instructions from the IQ.
 297500: system.cpu.iq: Not able to schedule any instructions.
 297500: system.cpu.commit: DefaultCommimt<Impl>::tick() begins
 297500: system.cpu.commit: Getting instructions from Rename stage.
 297500: system.cpu.commit: Trying to commit instructions in the ROB.
 297500: system.cpu.commit: Trying to commit head instruction, [sn:34] [tid:0]
 297500: system.cpu.commit: Encountered a barrier or non-speculative instruction [sn:34] at the head of the ROB, PC (0x4010d9=>0x4010da).(2=>3).
 297500: system.cpu.commit: Waiting for all stores to writeback.
 297500: system.cpu.commit: Unable to commit head instruction PC:(0x4010d9=>0x4010da).(2=>3) [tid:0] [sn:34].
 297500: system.cpu.commit: [tid:0]: Instruction [sn:34] PC (0x4010d9=>0x4010da).(2=>3) is head of ROB and ready to commit
 297500: system.cpu.commit: [tid:0]: ROB has 1 insts & 191 free entries.
 298000: system.cpu.fetch: Running stage.
 298000: system.cpu.fetch: There are no more threads available to fetch from.
 298000: system.cpu.fetch: [tid:0]: Fetch is waiting cache response!
 298000: system.cpu.iq: Attempting to schedule ready instructions from the IQ.
 298000: system.cpu.iq: Not able to schedule any instructions.
 298000: system.cpu.commit: DefaultCommimt<Impl>::tick() begins
 298000: system.cpu.commit: Getting instructions from Rename stage.
 298000: system.cpu.commit: Trying to commit instructions in the ROB.
 298000: system.cpu.commit: Trying to commit head instruction, [sn:34] [tid:0]
 298000: system.cpu.commit: Encountered a barrier or non-speculative instruction [sn:34] at the head of the ROB, PC (0x4010d9=>0x4010da).(2=>3).
 298000: system.cpu.commit: Waiting for all stores to writeback.
 298000: system.cpu.commit: Unable to commit head instruction PC:(0x4010d9=>0x4010da).(2=>3) [tid:0] [sn:34].
 298000: system.cpu.commit: [tid:0]: Instruction [sn:34] PC (0x4010d9=>0x4010da).(2=>3) is head of ROB and ready to commit
 298000: system.cpu.commit: [tid:0]: ROB has 1 insts & 191 free entries.
 298500: system.cpu.fetch: Running stage.
 298500: system.cpu.fetch: There are no more threads available to fetch from.
 298500: system.cpu.fetch: [tid:0]: Fetch is waiting cache response!
 298500: system.cpu.iq: Attempting to schedule ready instructions from the IQ.
 298500: system.cpu.iq: Not able to schedule any instructions.
 298500: system.cpu.commit: DefaultCommimt<Impl>::tick() begins
 298500: system.cpu.commit: Getting instructions from Rename stage.
 298500: system.cpu.commit: Trying to commit instructions in the ROB.
 298500: system.cpu.commit: Trying to commit head instruction, [sn:34] [tid:0]
 298500: system.cpu.commit: Encountered a barrier or non-speculative instruction [sn:34] at the head of the ROB, PC (0x4010d9=>0x4010da).(2=>3).
 298500: system.cpu.commit: Waiting for all stores to writeback.
 298500: system.cpu.commit: Unable to commit head instruction PC:(0x4010d9=>0x4010da).(2=>3) [tid:0] [sn:34].
 298500: system.cpu.commit: [tid:0]: Instruction [sn:34] PC (0x4010d9=>0x4010da).(2=>3) is head of ROB and ready to commit
 298500: system.cpu.commit: [tid:0]: ROB has 1 insts & 191 free entries.
 299000: system.cpu.fetch: Running stage.
 299000: system.cpu.fetch: There are no more threads available to fetch from.
 299000: system.cpu.fetch: [tid:0]: Fetch is waiting cache response!
 299000: system.cpu.iq: Attempting to schedule ready instructions from the IQ.
 299000: system.cpu.iq: Not able to schedule any instructions.
 299000: system.cpu.commit: DefaultCommimt<Impl>::tick() begins
 299000: system.cpu.commit: Getting instructions from Rename stage.
 299000: system.cpu.commit: Trying to commit instructions in the ROB.
 299000: system.cpu.commit: Trying to commit head instruction, [sn:34] [tid:0]
 299000: system.cpu.commit: Encountered a barrier or non-speculative instruction [sn:34] at the head of the ROB, PC (0x4010d9=>0x4010da).(2=>3).
 299000: system.cpu.commit: Waiting for all stores to writeback.
 299000: system.cpu.commit: Unable to commit head instruction PC:(0x4010d9=>0x4010da).(2=>3) [tid:0] [sn:34].
 299000: system.cpu.commit: [tid:0]: Instruction [sn:34] PC (0x4010d9=>0x4010da).(2=>3) is head of ROB and ready to commit
 299000: system.cpu.commit: [tid:0]: ROB has 1 insts & 191 free entries.
 299500: system.cpu.fetch: Running stage.
 299500: system.cpu.fetch: There are no more threads available to fetch from.
 299500: system.cpu.fetch: [tid:0]: Fetch is waiting cache response!
 299500: system.cpu.iq: Attempting to schedule ready instructions from the IQ.
 299500: system.cpu.iq: Not able to schedule any instructions.
 299500: system.cpu.commit: DefaultCommimt<Impl>::tick() begins
 299500: system.cpu.commit: Getting instructions from Rename stage.
 299500: system.cpu.commit: Trying to commit instructions in the ROB.
 299500: system.cpu.commit: Trying to commit head instruction, [sn:34] [tid:0]
 299500: system.cpu.commit: Encountered a barrier or non-speculative instruction [sn:34] at the head of the ROB, PC (0x4010d9=>0x4010da).(2=>3).
 299500: system.cpu.commit: Waiting for all stores to writeback.
 299500: system.cpu.commit: Unable to commit head instruction PC:(0x4010d9=>0x4010da).(2=>3) [tid:0] [sn:34].
 299500: system.cpu.commit: [tid:0]: Instruction [sn:34] PC (0x4010d9=>0x4010da).(2=>3) is head of ROB and ready to commit
 299500: system.cpu.commit: [tid:0]: ROB has 1 insts & 191 free entries.
 300000: system.cpu.fetch: Running stage.
 300000: system.cpu.fetch: There are no more threads available to fetch from.
 300000: system.cpu.fetch: [tid:0]: Fetch is waiting cache response!
 300000: system.cpu.iq: Attempting to schedule ready instructions from the IQ.
 300000: system.cpu.iq: Not able to schedule any instructions.
 300000: system.cpu.commit: DefaultCommimt<Impl>::tick() begins
 300000: system.cpu.commit: Getting instructions from Rename stage.
 300000: system.cpu.commit: Trying to commit instructions in the ROB.
 300000: system.cpu.commit: Trying to commit head instruction, [sn:34] [tid:0]
 300000: system.cpu.commit: Encountered a barrier or non-speculative instruction [sn:34] at the head of the ROB, PC (0x4010d9=>0x4010da).(2=>3).
 300000: system.cpu.commit: Waiting for all stores to writeback.
 300000: system.cpu.commit: Unable to commit head instruction PC:(0x4010d9=>0x4010da).(2=>3) [tid:0] [sn:34].
 300000: system.cpu.commit: [tid:0]: Instruction [sn:34] PC (0x4010d9=>0x4010da).(2=>3) is head of ROB and ready to commit
 300000: system.cpu.commit: [tid:0]: ROB has 1 insts & 191 free entries.
 300500: system.cpu.fetch: Running stage.
 300500: system.cpu.fetch: There are no more threads available to fetch from.
 300500: system.cpu.fetch: [tid:0]: Fetch is waiting cache response!
 300500: system.cpu.iq: Attempting to schedule ready instructions from the IQ.
 300500: system.cpu.iq: Not able to schedule any instructions.
 300500: system.cpu.commit: DefaultCommimt<Impl>::tick() begins
 300500: system.cpu.commit: Getting instructions from Rename stage.
 300500: system.cpu.commit: Trying to commit instructions in the ROB.
 300500: system.cpu.commit: Trying to commit head instruction, [sn:34] [tid:0]
 300500: system.cpu.commit: Encountered a barrier or non-speculative instruction [sn:34] at the head of the ROB, PC (0x4010d9=>0x4010da).(2=>3).
 300500: system.cpu.commit: Waiting for all stores to writeback.
 300500: system.cpu.commit: Unable to commit head instruction PC:(0x4010d9=>0x4010da).(2=>3) [tid:0] [sn:34].
 300500: system.cpu.commit: [tid:0]: Instruction [sn:34] PC (0x4010d9=>0x4010da).(2=>3) is head of ROB and ready to commit
 300500: system.cpu.commit: [tid:0]: ROB has 1 insts & 191 free entries.
 301000: system.cpu.fetch: Running stage.
 301000: system.cpu.fetch: There are no more threads available to fetch from.
 301000: system.cpu.fetch: [tid:0]: Fetch is waiting cache response!
 301000: system.cpu.iq: Attempting to schedule ready instructions from the IQ.
 301000: system.cpu.iq: Not able to schedule any instructions.
 301000: system.cpu.commit: DefaultCommimt<Impl>::tick() begins
 301000: system.cpu.commit: Getting instructions from Rename stage.
 301000: system.cpu.commit: Trying to commit instructions in the ROB.
 301000: system.cpu.commit: Trying to commit head instruction, [sn:34] [tid:0]
 301000: system.cpu.commit: Encountered a barrier or non-speculative instruction [sn:34] at the head of the ROB, PC (0x4010d9=>0x4010da).(2=>3).
 301000: system.cpu.commit: Waiting for all stores to writeback.
 301000: system.cpu.commit: Unable to commit head instruction PC:(0x4010d9=>0x4010da).(2=>3) [tid:0] [sn:34].
 301000: system.cpu.commit: [tid:0]: Instruction [sn:34] PC (0x4010d9=>0x4010da).(2=>3) is head of ROB and ready to commit
 301000: system.cpu.commit: [tid:0]: ROB has 1 insts & 191 free entries.
 301500: system.cpu.fetch: Running stage.
 301500: system.cpu.fetch: There are no more threads available to fetch from.
 301500: system.cpu.fetch: [tid:0]: Fetch is waiting cache response!
 301500: system.cpu.iq: Attempting to schedule ready instructions from the IQ.
 301500: system.cpu.iq: Not able to schedule any instructions.
 301500: system.cpu.commit: DefaultCommimt<Impl>::tick() begins
 301500: system.cpu.commit: Getting instructions from Rename stage.
 301500: system.cpu.commit: Trying to commit instructions in the ROB.
 301500: system.cpu.commit: Trying to commit head instruction, [sn:34] [tid:0]
 301500: system.cpu.commit: Encountered a barrier or non-speculative instruction [sn:34] at the head of the ROB, PC (0x4010d9=>0x4010da).(2=>3).
 301500: system.cpu.commit: Waiting for all stores to writeback.
 301500: system.cpu.commit: Unable to commit head instruction PC:(0x4010d9=>0x4010da).(2=>3) [tid:0] [sn:34].
 301500: system.cpu.commit: [tid:0]: Instruction [sn:34] PC (0x4010d9=>0x4010da).(2=>3) is head of ROB and ready to commit
 301500: system.cpu.commit: [tid:0]: ROB has 1 insts & 191 free entries.
 302000: system.cpu.fetch: Running stage.
 302000: system.cpu.fetch: There are no more threads available to fetch from.
 302000: system.cpu.fetch: [tid:0]: Fetch is waiting cache response!
 302000: system.cpu.iq: Attempting to schedule ready instructions from the IQ.
 302000: system.cpu.iq: Not able to schedule any instructions.
 302000: system.cpu.commit: DefaultCommimt<Impl>::tick() begins
 302000: system.cpu.commit: Getting instructions from Rename stage.
 302000: system.cpu.commit: Trying to commit instructions in the ROB.
 302000: system.cpu.commit: Trying to commit head instruction, [sn:34] [tid:0]
 302000: system.cpu.commit: Encountered a barrier or non-speculative instruction [sn:34] at the head of the ROB, PC (0x4010d9=>0x4010da).(2=>3).
 302000: system.cpu.commit: Waiting for all stores to writeback.
 302000: system.cpu.commit: Unable to commit head instruction PC:(0x4010d9=>0x4010da).(2=>3) [tid:0] [sn:34].
 302000: system.cpu.commit: [tid:0]: Instruction [sn:34] PC (0x4010d9=>0x4010da).(2=>3) is head of ROB and ready to commit
 302000: system.cpu.commit: [tid:0]: ROB has 1 insts & 191 free entries.
 302500: system.cpu.fetch: Running stage.
 302500: system.cpu.fetch: There are no more threads available to fetch from.
 302500: system.cpu.fetch: [tid:0]: Fetch is waiting cache response!
 302500: system.cpu.iq: Attempting to schedule ready instructions from the IQ.
 302500: system.cpu.iq: Not able to schedule any instructions.
 302500: system.cpu.commit: DefaultCommimt<Impl>::tick() begins
 302500: system.cpu.commit: Getting instructions from Rename stage.
 302500: system.cpu.commit: Trying to commit instructions in the ROB.
 302500: system.cpu.commit: Trying to commit head instruction, [sn:34] [tid:0]
 302500: system.cpu.commit: Encountered a barrier or non-speculative instruction [sn:34] at the head of the ROB, PC (0x4010d9=>0x4010da).(2=>3).
 302500: system.cpu.commit: Waiting for all stores to writeback.
 302500: system.cpu.commit: Unable to commit head instruction PC:(0x4010d9=>0x4010da).(2=>3) [tid:0] [sn:34].
 302500: system.cpu.commit: [tid:0]: Instruction [sn:34] PC (0x4010d9=>0x4010da).(2=>3) is head of ROB and ready to commit
 302500: system.cpu.commit: [tid:0]: ROB has 1 insts & 191 free entries.
 303000: system.cpu.fetch: Running stage.
 303000: system.cpu.fetch: There are no more threads available to fetch from.
 303000: system.cpu.fetch: [tid:0]: Fetch is waiting cache response!
 303000: system.cpu.iq: Attempting to schedule ready instructions from the IQ.
 303000: system.cpu.iq: Not able to schedule any instructions.
 303000: system.cpu.commit: DefaultCommimt<Impl>::tick() begins
 303000: system.cpu.commit: Getting instructions from Rename stage.
 303000: system.cpu.commit: Trying to commit instructions in the ROB.
 303000: system.cpu.commit: Trying to commit head instruction, [sn:34] [tid:0]
 303000: system.cpu.commit: Encountered a barrier or non-speculative instruction [sn:34] at the head of the ROB, PC (0x4010d9=>0x4010da).(2=>3).
 303000: system.cpu.commit: Waiting for all stores to writeback.
 303000: system.cpu.commit: Unable to commit head instruction PC:(0x4010d9=>0x4010da).(2=>3) [tid:0] [sn:34].
 303000: system.cpu.commit: [tid:0]: Instruction [sn:34] PC (0x4010d9=>0x4010da).(2=>3) is head of ROB and ready to commit
 303000: system.cpu.commit: [tid:0]: ROB has 1 insts & 191 free entries.
 303500: system.cpu.fetch: Running stage.
 303500: system.cpu.fetch: There are no more threads available to fetch from.
 303500: system.cpu.fetch: [tid:0]: Fetch is waiting cache response!
 303500: system.cpu.iq: Attempting to schedule ready instructions from the IQ.
 303500: system.cpu.iq: Not able to schedule any instructions.
 303500: system.cpu.commit: DefaultCommimt<Impl>::tick() begins
 303500: system.cpu.commit: Getting instructions from Rename stage.
 303500: system.cpu.commit: Trying to commit instructions in the ROB.
 303500: system.cpu.commit: Trying to commit head instruction, [sn:34] [tid:0]
 303500: system.cpu.commit: Encountered a barrier or non-speculative instruction [sn:34] at the head of the ROB, PC (0x4010d9=>0x4010da).(2=>3).
 303500: system.cpu.commit: Waiting for all stores to writeback.
 303500: system.cpu.commit: Unable to commit head instruction PC:(0x4010d9=>0x4010da).(2=>3) [tid:0] [sn:34].
 303500: system.cpu.commit: [tid:0]: Instruction [sn:34] PC (0x4010d9=>0x4010da).(2=>3) is head of ROB and ready to commit
 303500: system.cpu.commit: [tid:0]: ROB has 1 insts & 191 free entries.
 304000: system.cpu.fetch: Running stage.
 304000: system.cpu.fetch: There are no more threads available to fetch from.
 304000: system.cpu.fetch: [tid:0]: Fetch is waiting cache response!
 304000: system.cpu.iq: Attempting to schedule ready instructions from the IQ.
 304000: system.cpu.iq: Not able to schedule any instructions.
 304000: system.cpu.commit: DefaultCommimt<Impl>::tick() begins
 304000: system.cpu.commit: Getting instructions from Rename stage.
 304000: system.cpu.commit: Trying to commit instructions in the ROB.
 304000: system.cpu.commit: Trying to commit head instruction, [sn:34] [tid:0]
 304000: system.cpu.commit: Encountered a barrier or non-speculative instruction [sn:34] at the head of the ROB, PC (0x4010d9=>0x4010da).(2=>3).
 304000: system.cpu.commit: Waiting for all stores to writeback.
 304000: system.cpu.commit: Unable to commit head instruction PC:(0x4010d9=>0x4010da).(2=>3) [tid:0] [sn:34].
 304000: system.cpu.commit: [tid:0]: Instruction [sn:34] PC (0x4010d9=>0x4010da).(2=>3) is head of ROB and ready to commit
 304000: system.cpu.commit: [tid:0]: ROB has 1 insts & 191 free entries.
 304500: system.cpu.fetch: Running stage.
 304500: system.cpu.fetch: There are no more threads available to fetch from.
 304500: system.cpu.fetch: [tid:0]: Fetch is waiting cache response!
 304500: system.cpu.iq: Attempting to schedule ready instructions from the IQ.
 304500: system.cpu.iq: Not able to schedule any instructions.
 304500: system.cpu.commit: DefaultCommimt<Impl>::tick() begins
 304500: system.cpu.commit: Getting instructions from Rename stage.
 304500: system.cpu.commit: Trying to commit instructions in the ROB.
 304500: system.cpu.commit: Trying to commit head instruction, [sn:34] [tid:0]
 304500: system.cpu.commit: Encountered a barrier or non-speculative instruction [sn:34] at the head of the ROB, PC (0x4010d9=>0x4010da).(2=>3).
 304500: system.cpu.commit: Waiting for all stores to writeback.
 304500: system.cpu.commit: Unable to commit head instruction PC:(0x4010d9=>0x4010da).(2=>3) [tid:0] [sn:34].
 304500: system.cpu.commit: [tid:0]: Instruction [sn:34] PC (0x4010d9=>0x4010da).(2=>3) is head of ROB and ready to commit
 304500: system.cpu.commit: [tid:0]: ROB has 1 insts & 191 free entries.
 305000: system.cpu.fetch: Running stage.
 305000: system.cpu.fetch: There are no more threads available to fetch from.
 305000: system.cpu.fetch: [tid:0]: Fetch is waiting cache response!
 305000: system.cpu.iq: Attempting to schedule ready instructions from the IQ.
 305000: system.cpu.iq: Not able to schedule any instructions.
 305000: system.cpu.commit: DefaultCommimt<Impl>::tick() begins
 305000: system.cpu.commit: Getting instructions from Rename stage.
 305000: system.cpu.commit: Trying to commit instructions in the ROB.
 305000: system.cpu.commit: Trying to commit head instruction, [sn:34] [tid:0]
 305000: system.cpu.commit: Encountered a barrier or non-speculative instruction [sn:34] at the head of the ROB, PC (0x4010d9=>0x4010da).(2=>3).
 305000: system.cpu.commit: Waiting for all stores to writeback.
 305000: system.cpu.commit: Unable to commit head instruction PC:(0x4010d9=>0x4010da).(2=>3) [tid:0] [sn:34].
 305000: system.cpu.commit: [tid:0]: Instruction [sn:34] PC (0x4010d9=>0x4010da).(2=>3) is head of ROB and ready to commit
 305000: system.cpu.commit: [tid:0]: ROB has 1 insts & 191 free entries.
 305500: system.cpu.fetch: Running stage.
 305500: system.cpu.fetch: There are no more threads available to fetch from.
 305500: system.cpu.fetch: [tid:0]: Fetch is waiting cache response!
 305500: system.cpu.iq: Attempting to schedule ready instructions from the IQ.
 305500: system.cpu.iq: Not able to schedule any instructions.
 305500: system.cpu.commit: DefaultCommimt<Impl>::tick() begins
 305500: system.cpu.commit: Getting instructions from Rename stage.
 305500: system.cpu.commit: Trying to commit instructions in the ROB.
 305500: system.cpu.commit: Trying to commit head instruction, [sn:34] [tid:0]
 305500: system.cpu.commit: Encountered a barrier or non-speculative instruction [sn:34] at the head of the ROB, PC (0x4010d9=>0x4010da).(2=>3).
 305500: system.cpu.commit: Waiting for all stores to writeback.
 305500: system.cpu.commit: Unable to commit head instruction PC:(0x4010d9=>0x4010da).(2=>3) [tid:0] [sn:34].
 305500: system.cpu.commit: [tid:0]: Instruction [sn:34] PC (0x4010d9=>0x4010da).(2=>3) is head of ROB and ready to commit
 305500: system.cpu.commit: [tid:0]: ROB has 1 insts & 191 free entries.
 306000: system.cpu.fetch: Running stage.
 306000: system.cpu.fetch: There are no more threads available to fetch from.
 306000: system.cpu.fetch: [tid:0]: Fetch is waiting cache response!
 306000: system.cpu.iq: Attempting to schedule ready instructions from the IQ.
 306000: system.cpu.iq: Not able to schedule any instructions.
 306000: system.cpu.commit: DefaultCommimt<Impl>::tick() begins
 306000: system.cpu.commit: Getting instructions from Rename stage.
 306000: system.cpu.commit: Trying to commit instructions in the ROB.
 306000: system.cpu.commit: Trying to commit head instruction, [sn:34] [tid:0]
 306000: system.cpu.commit: Encountered a barrier or non-speculative instruction [sn:34] at the head of the ROB, PC (0x4010d9=>0x4010da).(2=>3).
 306000: system.cpu.commit: Waiting for all stores to writeback.
 306000: system.cpu.commit: Unable to commit head instruction PC:(0x4010d9=>0x4010da).(2=>3) [tid:0] [sn:34].
 306000: system.cpu.commit: [tid:0]: Instruction [sn:34] PC (0x4010d9=>0x4010da).(2=>3) is head of ROB and ready to commit
 306000: system.cpu.commit: [tid:0]: ROB has 1 insts & 191 free entries.
 306500: system.cpu.fetch: Running stage.
 306500: system.cpu.fetch: There are no more threads available to fetch from.
 306500: system.cpu.fetch: [tid:0]: Fetch is waiting cache response!
 306500: system.cpu.iq: Attempting to schedule ready instructions from the IQ.
 306500: system.cpu.iq: Not able to schedule any instructions.
 306500: system.cpu.commit: DefaultCommimt<Impl>::tick() begins
 306500: system.cpu.commit: Getting instructions from Rename stage.
 306500: system.cpu.commit: Trying to commit instructions in the ROB.
 306500: system.cpu.commit: Trying to commit head instruction, [sn:34] [tid:0]
 306500: system.cpu.commit: Encountered a barrier or non-speculative instruction [sn:34] at the head of the ROB, PC (0x4010d9=>0x4010da).(2=>3).
 306500: system.cpu.commit: Waiting for all stores to writeback.
 306500: system.cpu.commit: Unable to commit head instruction PC:(0x4010d9=>0x4010da).(2=>3) [tid:0] [sn:34].
 306500: system.cpu.commit: [tid:0]: Instruction [sn:34] PC (0x4010d9=>0x4010da).(2=>3) is head of ROB and ready to commit
 306500: system.cpu.commit: [tid:0]: ROB has 1 insts & 191 free entries.
 307000: system.cpu.fetch: Running stage.
 307000: system.cpu.fetch: There are no more threads available to fetch from.
 307000: system.cpu.fetch: [tid:0]: Fetch is waiting cache response!
 307000: system.cpu.iq: Attempting to schedule ready instructions from the IQ.
 307000: system.cpu.iq: Not able to schedule any instructions.
 307000: system.cpu.commit: DefaultCommimt<Impl>::tick() begins
 307000: system.cpu.commit: Getting instructions from Rename stage.
 307000: system.cpu.commit: Trying to commit instructions in the ROB.
 307000: system.cpu.commit: Trying to commit head instruction, [sn:34] [tid:0]
 307000: system.cpu.commit: Encountered a barrier or non-speculative instruction [sn:34] at the head of the ROB, PC (0x4010d9=>0x4010da).(2=>3).
 307000: system.cpu.commit: Waiting for all stores to writeback.
 307000: system.cpu.commit: Unable to commit head instruction PC:(0x4010d9=>0x4010da).(2=>3) [tid:0] [sn:34].
 307000: system.cpu.commit: [tid:0]: Instruction [sn:34] PC (0x4010d9=>0x4010da).(2=>3) is head of ROB and ready to commit
 307000: system.cpu.commit: [tid:0]: ROB has 1 insts & 191 free entries.
 307500: system.cpu.fetch: Running stage.
 307500: system.cpu.fetch: There are no more threads available to fetch from.
 307500: system.cpu.fetch: [tid:0]: Fetch is waiting cache response!
 307500: system.cpu.iq: Attempting to schedule ready instructions from the IQ.
 307500: system.cpu.iq: Not able to schedule any instructions.
 307500: system.cpu.commit: DefaultCommimt<Impl>::tick() begins
 307500: system.cpu.commit: Getting instructions from Rename stage.
 307500: system.cpu.commit: Trying to commit instructions in the ROB.
 307500: system.cpu.commit: Trying to commit head instruction, [sn:34] [tid:0]
 307500: system.cpu.commit: Encountered a barrier or non-speculative instruction [sn:34] at the head of the ROB, PC (0x4010d9=>0x4010da).(2=>3).
 307500: system.cpu.commit: Waiting for all stores to writeback.
 307500: system.cpu.commit: Unable to commit head instruction PC:(0x4010d9=>0x4010da).(2=>3) [tid:0] [sn:34].
 307500: system.cpu.commit: [tid:0]: Instruction [sn:34] PC (0x4010d9=>0x4010da).(2=>3) is head of ROB and ready to commit
 307500: system.cpu.commit: [tid:0]: ROB has 1 insts & 191 free entries.
 308000: system.cpu.fetch: Running stage.
 308000: system.cpu.fetch: There are no more threads available to fetch from.
 308000: system.cpu.fetch: [tid:0]: Fetch is waiting cache response!
 308000: system.cpu.iq: Attempting to schedule ready instructions from the IQ.
 308000: system.cpu.iq: Not able to schedule any instructions.
 308000: system.cpu.commit: DefaultCommimt<Impl>::tick() begins
 308000: system.cpu.commit: Getting instructions from Rename stage.
 308000: system.cpu.commit: Trying to commit instructions in the ROB.
 308000: system.cpu.commit: Trying to commit head instruction, [sn:34] [tid:0]
 308000: system.cpu.commit: Encountered a barrier or non-speculative instruction [sn:34] at the head of the ROB, PC (0x4010d9=>0x4010da).(2=>3).
 308000: system.cpu.commit: Waiting for all stores to writeback.
 308000: system.cpu.commit: Unable to commit head instruction PC:(0x4010d9=>0x4010da).(2=>3) [tid:0] [sn:34].
 308000: system.cpu.commit: [tid:0]: Instruction [sn:34] PC (0x4010d9=>0x4010da).(2=>3) is head of ROB and ready to commit
 308000: system.cpu.commit: [tid:0]: ROB has 1 insts & 191 free entries.
 308500: system.cpu.fetch: Running stage.
 308500: system.cpu.fetch: There are no more threads available to fetch from.
 308500: system.cpu.fetch: [tid:0]: Fetch is waiting cache response!
 308500: system.cpu.iq: Attempting to schedule ready instructions from the IQ.
 308500: system.cpu.iq: Not able to schedule any instructions.
 308500: system.cpu.commit: DefaultCommimt<Impl>::tick() begins
 308500: system.cpu.commit: Getting instructions from Rename stage.
 308500: system.cpu.commit: Trying to commit instructions in the ROB.
 308500: system.cpu.commit: Trying to commit head instruction, [sn:34] [tid:0]
 308500: system.cpu.commit: Encountered a barrier or non-speculative instruction [sn:34] at the head of the ROB, PC (0x4010d9=>0x4010da).(2=>3).
 308500: system.cpu.commit: Waiting for all stores to writeback.
 308500: system.cpu.commit: Unable to commit head instruction PC:(0x4010d9=>0x4010da).(2=>3) [tid:0] [sn:34].
 308500: system.cpu.commit: [tid:0]: Instruction [sn:34] PC (0x4010d9=>0x4010da).(2=>3) is head of ROB and ready to commit
 308500: system.cpu.commit: [tid:0]: ROB has 1 insts & 191 free entries.
 309000: system.cpu.fetch: Running stage.
 309000: system.cpu.fetch: There are no more threads available to fetch from.
 309000: system.cpu.fetch: [tid:0]: Fetch is waiting cache response!
 309000: system.cpu.iq: Attempting to schedule ready instructions from the IQ.
 309000: system.cpu.iq: Not able to schedule any instructions.
 309000: system.cpu.commit: DefaultCommimt<Impl>::tick() begins
 309000: system.cpu.commit: Getting instructions from Rename stage.
 309000: system.cpu.commit: Trying to commit instructions in the ROB.
 309000: system.cpu.commit: Trying to commit head instruction, [sn:34] [tid:0]
 309000: system.cpu.commit: Encountered a barrier or non-speculative instruction [sn:34] at the head of the ROB, PC (0x4010d9=>0x4010da).(2=>3).
 309000: system.cpu.commit: Waiting for all stores to writeback.
 309000: system.cpu.commit: Unable to commit head instruction PC:(0x4010d9=>0x4010da).(2=>3) [tid:0] [sn:34].
 309000: system.cpu.commit: [tid:0]: Instruction [sn:34] PC (0x4010d9=>0x4010da).(2=>3) is head of ROB and ready to commit
 309000: system.cpu.commit: [tid:0]: ROB has 1 insts & 191 free entries.
 309500: system.cpu.fetch: Running stage.
 309500: system.cpu.fetch: There are no more threads available to fetch from.
 309500: system.cpu.fetch: [tid:0]: Fetch is waiting cache response!
 309500: system.cpu.iq: Attempting to schedule ready instructions from the IQ.
 309500: system.cpu.iq: Not able to schedule any instructions.
 309500: system.cpu.commit: DefaultCommimt<Impl>::tick() begins
 309500: system.cpu.commit: Getting instructions from Rename stage.
 309500: system.cpu.commit: Trying to commit instructions in the ROB.
 309500: system.cpu.commit: Trying to commit head instruction, [sn:34] [tid:0]
 309500: system.cpu.commit: Encountered a barrier or non-speculative instruction [sn:34] at the head of the ROB, PC (0x4010d9=>0x4010da).(2=>3).
 309500: system.cpu.commit: Waiting for all stores to writeback.
 309500: system.cpu.commit: Unable to commit head instruction PC:(0x4010d9=>0x4010da).(2=>3) [tid:0] [sn:34].
 309500: system.cpu.commit: [tid:0]: Instruction [sn:34] PC (0x4010d9=>0x4010da).(2=>3) is head of ROB and ready to commit
 309500: system.cpu.commit: [tid:0]: ROB has 1 insts & 191 free entries.
 310000: system.cpu.fetch: Running stage.
 310000: system.cpu.fetch: There are no more threads available to fetch from.
 310000: system.cpu.fetch: [tid:0]: Fetch is waiting cache response!
 310000: system.cpu.iq: Attempting to schedule ready instructions from the IQ.
 310000: system.cpu.iq: Not able to schedule any instructions.
 310000: system.cpu.commit: DefaultCommimt<Impl>::tick() begins
 310000: system.cpu.commit: Getting instructions from Rename stage.
 310000: system.cpu.commit: Trying to commit instructions in the ROB.
 310000: system.cpu.commit: Trying to commit head instruction, [sn:34] [tid:0]
 310000: system.cpu.commit: Encountered a barrier or non-speculative instruction [sn:34] at the head of the ROB, PC (0x4010d9=>0x4010da).(2=>3).
 310000: system.cpu.commit: Waiting for all stores to writeback.
 310000: system.cpu.commit: Unable to commit head instruction PC:(0x4010d9=>0x4010da).(2=>3) [tid:0] [sn:34].
 310000: system.cpu.commit: [tid:0]: Instruction [sn:34] PC (0x4010d9=>0x4010da).(2=>3) is head of ROB and ready to commit
 310000: system.cpu.commit: [tid:0]: ROB has 1 insts & 191 free entries.
 310500: system.cpu.fetch: Running stage.
 310500: system.cpu.fetch: There are no more threads available to fetch from.
 310500: system.cpu.fetch: [tid:0]: Fetch is waiting cache response!
 310500: system.cpu.iq: Attempting to schedule ready instructions from the IQ.
 310500: system.cpu.iq: Not able to schedule any instructions.
 310500: system.cpu.commit: DefaultCommimt<Impl>::tick() begins
 310500: system.cpu.commit: Getting instructions from Rename stage.
 310500: system.cpu.commit: Trying to commit instructions in the ROB.
 310500: system.cpu.commit: Trying to commit head instruction, [sn:34] [tid:0]
 310500: system.cpu.commit: Encountered a barrier or non-speculative instruction [sn:34] at the head of the ROB, PC (0x4010d9=>0x4010da).(2=>3).
 310500: system.cpu.commit: Waiting for all stores to writeback.
 310500: system.cpu.commit: Unable to commit head instruction PC:(0x4010d9=>0x4010da).(2=>3) [tid:0] [sn:34].
 310500: system.cpu.commit: [tid:0]: Instruction [sn:34] PC (0x4010d9=>0x4010da).(2=>3) is head of ROB and ready to commit
 310500: system.cpu.commit: [tid:0]: ROB has 1 insts & 191 free entries.
 311000: system.cpu.fetch: Running stage.
 311000: system.cpu.fetch: There are no more threads available to fetch from.
 311000: system.cpu.fetch: [tid:0]: Fetch is waiting cache response!
 311000: system.cpu.iq: Attempting to schedule ready instructions from the IQ.
 311000: system.cpu.iq: Not able to schedule any instructions.
 311000: system.cpu.commit: DefaultCommimt<Impl>::tick() begins
 311000: system.cpu.commit: Getting instructions from Rename stage.
 311000: system.cpu.commit: Trying to commit instructions in the ROB.
 311000: system.cpu.commit: Trying to commit head instruction, [sn:34] [tid:0]
 311000: system.cpu.commit: Encountered a barrier or non-speculative instruction [sn:34] at the head of the ROB, PC (0x4010d9=>0x4010da).(2=>3).
 311000: system.cpu.commit: Waiting for all stores to writeback.
 311000: system.cpu.commit: Unable to commit head instruction PC:(0x4010d9=>0x4010da).(2=>3) [tid:0] [sn:34].
 311000: system.cpu.commit: [tid:0]: Instruction [sn:34] PC (0x4010d9=>0x4010da).(2=>3) is head of ROB and ready to commit
 311000: system.cpu.commit: [tid:0]: ROB has 1 insts & 191 free entries.
 311500: system.cpu.fetch: Running stage.
 311500: system.cpu.fetch: There are no more threads available to fetch from.
 311500: system.cpu.fetch: [tid:0]: Fetch is waiting cache response!
 311500: system.cpu.iq: Attempting to schedule ready instructions from the IQ.
 311500: system.cpu.iq: Not able to schedule any instructions.
 311500: system.cpu.commit: DefaultCommimt<Impl>::tick() begins
 311500: system.cpu.commit: Getting instructions from Rename stage.
 311500: system.cpu.commit: Trying to commit instructions in the ROB.
 311500: system.cpu.commit: Trying to commit head instruction, [sn:34] [tid:0]
 311500: system.cpu.commit: Encountered a barrier or non-speculative instruction [sn:34] at the head of the ROB, PC (0x4010d9=>0x4010da).(2=>3).
 311500: system.cpu.commit: Waiting for all stores to writeback.
 311500: system.cpu.commit: Unable to commit head instruction PC:(0x4010d9=>0x4010da).(2=>3) [tid:0] [sn:34].
 311500: system.cpu.commit: [tid:0]: Instruction [sn:34] PC (0x4010d9=>0x4010da).(2=>3) is head of ROB and ready to commit
 311500: system.cpu.commit: [tid:0]: ROB has 1 insts & 191 free entries.
 312000: system.cpu.fetch: Running stage.
 312000: system.cpu.fetch: There are no more threads available to fetch from.
 312000: system.cpu.fetch: [tid:0]: Fetch is waiting cache response!
 312000: system.cpu.iq: Attempting to schedule ready instructions from the IQ.
 312000: system.cpu.iq: Not able to schedule any instructions.
 312000: system.cpu.commit: DefaultCommimt<Impl>::tick() begins
 312000: system.cpu.commit: Getting instructions from Rename stage.
 312000: system.cpu.commit: Trying to commit instructions in the ROB.
 312000: system.cpu.commit: Trying to commit head instruction, [sn:34] [tid:0]
 312000: system.cpu.commit: Encountered a barrier or non-speculative instruction [sn:34] at the head of the ROB, PC (0x4010d9=>0x4010da).(2=>3).
 312000: system.cpu.commit: Waiting for all stores to writeback.
 312000: system.cpu.commit: Unable to commit head instruction PC:(0x4010d9=>0x4010da).(2=>3) [tid:0] [sn:34].
 312000: system.cpu.commit: [tid:0]: Instruction [sn:34] PC (0x4010d9=>0x4010da).(2=>3) is head of ROB and ready to commit
 312000: system.cpu.commit: [tid:0]: ROB has 1 insts & 191 free entries.
 312500: system.cpu.fetch: Running stage.
 312500: system.cpu.fetch: There are no more threads available to fetch from.
 312500: system.cpu.fetch: [tid:0]: Fetch is waiting cache response!
 312500: system.cpu.iq: Attempting to schedule ready instructions from the IQ.
 312500: system.cpu.iq: Not able to schedule any instructions.
 312500: system.cpu.commit: DefaultCommimt<Impl>::tick() begins
 312500: system.cpu.commit: Getting instructions from Rename stage.
 312500: system.cpu.commit: Trying to commit instructions in the ROB.
 312500: system.cpu.commit: Trying to commit head instruction, [sn:34] [tid:0]
 312500: system.cpu.commit: Encountered a barrier or non-speculative instruction [sn:34] at the head of the ROB, PC (0x4010d9=>0x4010da).(2=>3).
 312500: system.cpu.commit: Waiting for all stores to writeback.
 312500: system.cpu.commit: Unable to commit head instruction PC:(0x4010d9=>0x4010da).(2=>3) [tid:0] [sn:34].
 312500: system.cpu.commit: [tid:0]: Instruction [sn:34] PC (0x4010d9=>0x4010da).(2=>3) is head of ROB and ready to commit
 312500: system.cpu.commit: [tid:0]: ROB has 1 insts & 191 free entries.
 313000: system.cpu.fetch: Running stage.
 313000: system.cpu.fetch: There are no more threads available to fetch from.
 313000: system.cpu.fetch: [tid:0]: Fetch is waiting cache response!
 313000: system.cpu.iq: Attempting to schedule ready instructions from the IQ.
 313000: system.cpu.iq: Not able to schedule any instructions.
 313000: system.cpu.commit: DefaultCommimt<Impl>::tick() begins
 313000: system.cpu.commit: Getting instructions from Rename stage.
 313000: system.cpu.commit: Trying to commit instructions in the ROB.
 313000: system.cpu.commit: Trying to commit head instruction, [sn:34] [tid:0]
 313000: system.cpu.commit: Encountered a barrier or non-speculative instruction [sn:34] at the head of the ROB, PC (0x4010d9=>0x4010da).(2=>3).
 313000: system.cpu.commit: Waiting for all stores to writeback.
 313000: system.cpu.commit: Unable to commit head instruction PC:(0x4010d9=>0x4010da).(2=>3) [tid:0] [sn:34].
 313000: system.cpu.commit: [tid:0]: Instruction [sn:34] PC (0x4010d9=>0x4010da).(2=>3) is head of ROB and ready to commit
 313000: system.cpu.commit: [tid:0]: ROB has 1 insts & 191 free entries.
 313500: system.cpu.fetch: Running stage.
 313500: system.cpu.fetch: There are no more threads available to fetch from.
 313500: system.cpu.fetch: [tid:0]: Fetch is waiting cache response!
 313500: system.cpu.iq: Attempting to schedule ready instructions from the IQ.
 313500: system.cpu.iq: Not able to schedule any instructions.
 313500: system.cpu.commit: DefaultCommimt<Impl>::tick() begins
 313500: system.cpu.commit: Getting instructions from Rename stage.
 313500: system.cpu.commit: Trying to commit instructions in the ROB.
 313500: system.cpu.commit: Trying to commit head instruction, [sn:34] [tid:0]
 313500: system.cpu.commit: Encountered a barrier or non-speculative instruction [sn:34] at the head of the ROB, PC (0x4010d9=>0x4010da).(2=>3).
 313500: system.cpu.commit: Waiting for all stores to writeback.
 313500: system.cpu.commit: Unable to commit head instruction PC:(0x4010d9=>0x4010da).(2=>3) [tid:0] [sn:34].
 313500: system.cpu.commit: [tid:0]: Instruction [sn:34] PC (0x4010d9=>0x4010da).(2=>3) is head of ROB and ready to commit
 313500: system.cpu.commit: [tid:0]: ROB has 1 insts & 191 free entries.
 314000: system.cpu.fetch: Running stage.
 314000: system.cpu.fetch: There are no more threads available to fetch from.
 314000: system.cpu.fetch: [tid:0]: Fetch is waiting cache response!
 314000: system.cpu.iq: Attempting to schedule ready instructions from the IQ.
 314000: system.cpu.iq: Not able to schedule any instructions.
 314000: system.cpu.commit: DefaultCommimt<Impl>::tick() begins
 314000: system.cpu.commit: Getting instructions from Rename stage.
 314000: system.cpu.commit: Trying to commit instructions in the ROB.
 314000: system.cpu.commit: Trying to commit head instruction, [sn:34] [tid:0]
 314000: system.cpu.commit: Encountered a barrier or non-speculative instruction [sn:34] at the head of the ROB, PC (0x4010d9=>0x4010da).(2=>3).
 314000: system.cpu.commit: Waiting for all stores to writeback.
 314000: system.cpu.commit: Unable to commit head instruction PC:(0x4010d9=>0x4010da).(2=>3) [tid:0] [sn:34].
 314000: system.cpu.commit: [tid:0]: Instruction [sn:34] PC (0x4010d9=>0x4010da).(2=>3) is head of ROB and ready to commit
 314000: system.cpu.commit: [tid:0]: ROB has 1 insts & 191 free entries.
 314500: system.cpu.fetch: Running stage.
 314500: system.cpu.fetch: There are no more threads available to fetch from.
 314500: system.cpu.fetch: [tid:0]: Fetch is waiting cache response!
 314500: system.cpu.iq: Attempting to schedule ready instructions from the IQ.
 314500: system.cpu.iq: Not able to schedule any instructions.
 314500: system.cpu.commit: DefaultCommimt<Impl>::tick() begins
 314500: system.cpu.commit: Getting instructions from Rename stage.
 314500: system.cpu.commit: Trying to commit instructions in the ROB.
 314500: system.cpu.commit: Trying to commit head instruction, [sn:34] [tid:0]
 314500: system.cpu.commit: Encountered a barrier or non-speculative instruction [sn:34] at the head of the ROB, PC (0x4010d9=>0x4010da).(2=>3).
 314500: system.cpu.commit: Waiting for all stores to writeback.
 314500: system.cpu.commit: Unable to commit head instruction PC:(0x4010d9=>0x4010da).(2=>3) [tid:0] [sn:34].
 314500: system.cpu.commit: [tid:0]: Instruction [sn:34] PC (0x4010d9=>0x4010da).(2=>3) is head of ROB and ready to commit
 314500: system.cpu.commit: [tid:0]: ROB has 1 insts & 191 free entries.
 315000: system.cpu.fetch: Running stage.
 315000: system.cpu.fetch: There are no more threads available to fetch from.
 315000: system.cpu.fetch: [tid:0]: Fetch is waiting cache response!
 315000: system.cpu.iq: Attempting to schedule ready instructions from the IQ.
 315000: system.cpu.iq: Not able to schedule any instructions.
 315000: system.cpu.commit: DefaultCommimt<Impl>::tick() begins
 315000: system.cpu.commit: Getting instructions from Rename stage.
 315000: system.cpu.commit: Trying to commit instructions in the ROB.
 315000: system.cpu.commit: Trying to commit head instruction, [sn:34] [tid:0]
 315000: system.cpu.commit: Encountered a barrier or non-speculative instruction [sn:34] at the head of the ROB, PC (0x4010d9=>0x4010da).(2=>3).
 315000: system.cpu.commit: Waiting for all stores to writeback.
 315000: system.cpu.commit: Unable to commit head instruction PC:(0x4010d9=>0x4010da).(2=>3) [tid:0] [sn:34].
 315000: system.cpu.commit: [tid:0]: Instruction [sn:34] PC (0x4010d9=>0x4010da).(2=>3) is head of ROB and ready to commit
 315000: system.cpu.commit: [tid:0]: ROB has 1 insts & 191 free entries.
 315500: system.cpu.fetch: Running stage.
 315500: system.cpu.fetch: There are no more threads available to fetch from.
 315500: system.cpu.fetch: [tid:0]: Fetch is waiting cache response!
 315500: system.cpu.iq: Attempting to schedule ready instructions from the IQ.
 315500: system.cpu.iq: Not able to schedule any instructions.
 315500: system.cpu.commit: DefaultCommimt<Impl>::tick() begins
 315500: system.cpu.commit: Getting instructions from Rename stage.
 315500: system.cpu.commit: Trying to commit instructions in the ROB.
 315500: system.cpu.commit: Trying to commit head instruction, [sn:34] [tid:0]
 315500: system.cpu.commit: Encountered a barrier or non-speculative instruction [sn:34] at the head of the ROB, PC (0x4010d9=>0x4010da).(2=>3).
 315500: system.cpu.commit: Waiting for all stores to writeback.
 315500: system.cpu.commit: Unable to commit head instruction PC:(0x4010d9=>0x4010da).(2=>3) [tid:0] [sn:34].
 315500: system.cpu.commit: [tid:0]: Instruction [sn:34] PC (0x4010d9=>0x4010da).(2=>3) is head of ROB and ready to commit
 315500: system.cpu.commit: [tid:0]: ROB has 1 insts & 191 free entries.
 316000: system.cpu.fetch: Running stage.
 316000: system.cpu.fetch: There are no more threads available to fetch from.
 316000: system.cpu.fetch: [tid:0]: Fetch is waiting cache response!
 316000: system.cpu.iq: Attempting to schedule ready instructions from the IQ.
 316000: system.cpu.iq: Not able to schedule any instructions.
 316000: system.cpu.commit: DefaultCommimt<Impl>::tick() begins
 316000: system.cpu.commit: Getting instructions from Rename stage.
 316000: system.cpu.commit: Trying to commit instructions in the ROB.
 316000: system.cpu.commit: Trying to commit head instruction, [sn:34] [tid:0]
 316000: system.cpu.commit: Encountered a barrier or non-speculative instruction [sn:34] at the head of the ROB, PC (0x4010d9=>0x4010da).(2=>3).
 316000: system.cpu.commit: Waiting for all stores to writeback.
 316000: system.cpu.commit: Unable to commit head instruction PC:(0x4010d9=>0x4010da).(2=>3) [tid:0] [sn:34].
 316000: system.cpu.commit: [tid:0]: Instruction [sn:34] PC (0x4010d9=>0x4010da).(2=>3) is head of ROB and ready to commit
 316000: system.cpu.commit: [tid:0]: ROB has 1 insts & 191 free entries.
 316500: system.cpu.fetch: Running stage.
 316500: system.cpu.fetch: There are no more threads available to fetch from.
 316500: system.cpu.fetch: [tid:0]: Fetch is waiting cache response!
 316500: system.cpu.iq: Attempting to schedule ready instructions from the IQ.
 316500: system.cpu.iq: Not able to schedule any instructions.
 316500: system.cpu.commit: DefaultCommimt<Impl>::tick() begins
 316500: system.cpu.commit: Getting instructions from Rename stage.
 316500: system.cpu.commit: Trying to commit instructions in the ROB.
 316500: system.cpu.commit: Trying to commit head instruction, [sn:34] [tid:0]
 316500: system.cpu.commit: Encountered a barrier or non-speculative instruction [sn:34] at the head of the ROB, PC (0x4010d9=>0x4010da).(2=>3).
 316500: system.cpu.commit: Waiting for all stores to writeback.
 316500: system.cpu.commit: Unable to commit head instruction PC:(0x4010d9=>0x4010da).(2=>3) [tid:0] [sn:34].
 316500: system.cpu.commit: [tid:0]: Instruction [sn:34] PC (0x4010d9=>0x4010da).(2=>3) is head of ROB and ready to commit
 316500: system.cpu.commit: [tid:0]: ROB has 1 insts & 191 free entries.
 317000: system.cpu.fetch: Running stage.
 317000: system.cpu.fetch: There are no more threads available to fetch from.
 317000: system.cpu.fetch: [tid:0]: Fetch is waiting cache response!
 317000: system.cpu.iq: Attempting to schedule ready instructions from the IQ.
 317000: system.cpu.iq: Not able to schedule any instructions.
 317000: system.cpu.commit: DefaultCommimt<Impl>::tick() begins
 317000: system.cpu.commit: Getting instructions from Rename stage.
 317000: system.cpu.commit: Trying to commit instructions in the ROB.
 317000: system.cpu.commit: Trying to commit head instruction, [sn:34] [tid:0]
 317000: system.cpu.commit: Encountered a barrier or non-speculative instruction [sn:34] at the head of the ROB, PC (0x4010d9=>0x4010da).(2=>3).
 317000: system.cpu.commit: Waiting for all stores to writeback.
 317000: system.cpu.commit: Unable to commit head instruction PC:(0x4010d9=>0x4010da).(2=>3) [tid:0] [sn:34].
 317000: system.cpu.commit: [tid:0]: Instruction [sn:34] PC (0x4010d9=>0x4010da).(2=>3) is head of ROB and ready to commit
 317000: system.cpu.commit: [tid:0]: ROB has 1 insts & 191 free entries.
 317500: system.cpu.fetch: Running stage.
 317500: system.cpu.fetch: There are no more threads available to fetch from.
 317500: system.cpu.fetch: [tid:0]: Fetch is waiting cache response!
 317500: system.cpu.iq: Attempting to schedule ready instructions from the IQ.
 317500: system.cpu.iq: Not able to schedule any instructions.
 317500: system.cpu.commit: DefaultCommimt<Impl>::tick() begins
 317500: system.cpu.commit: Getting instructions from Rename stage.
 317500: system.cpu.commit: Trying to commit instructions in the ROB.
 317500: system.cpu.commit: Trying to commit head instruction, [sn:34] [tid:0]
 317500: system.cpu.commit: Encountered a barrier or non-speculative instruction [sn:34] at the head of the ROB, PC (0x4010d9=>0x4010da).(2=>3).
 317500: system.cpu.commit: Waiting for all stores to writeback.
 317500: system.cpu.commit: Unable to commit head instruction PC:(0x4010d9=>0x4010da).(2=>3) [tid:0] [sn:34].
 317500: system.cpu.commit: [tid:0]: Instruction [sn:34] PC (0x4010d9=>0x4010da).(2=>3) is head of ROB and ready to commit
 317500: system.cpu.commit: [tid:0]: ROB has 1 insts & 191 free entries.
 318000: system.cpu.fetch: Running stage.
 318000: system.cpu.fetch: There are no more threads available to fetch from.
 318000: system.cpu.fetch: [tid:0]: Fetch is waiting cache response!
 318000: system.cpu.iq: Attempting to schedule ready instructions from the IQ.
 318000: system.cpu.iq: Not able to schedule any instructions.
 318000: system.cpu.commit: DefaultCommimt<Impl>::tick() begins
 318000: system.cpu.commit: Getting instructions from Rename stage.
 318000: system.cpu.commit: Trying to commit instructions in the ROB.
 318000: system.cpu.commit: Trying to commit head instruction, [sn:34] [tid:0]
 318000: system.cpu.commit: Encountered a barrier or non-speculative instruction [sn:34] at the head of the ROB, PC (0x4010d9=>0x4010da).(2=>3).
 318000: system.cpu.commit: Waiting for all stores to writeback.
 318000: system.cpu.commit: Unable to commit head instruction PC:(0x4010d9=>0x4010da).(2=>3) [tid:0] [sn:34].
 318000: system.cpu.commit: [tid:0]: Instruction [sn:34] PC (0x4010d9=>0x4010da).(2=>3) is head of ROB and ready to commit
 318000: system.cpu.commit: [tid:0]: ROB has 1 insts & 191 free entries.
 318500: system.cpu.fetch: Running stage.
 318500: system.cpu.fetch: There are no more threads available to fetch from.
 318500: system.cpu.fetch: [tid:0]: Fetch is waiting cache response!
 318500: system.cpu.iq: Attempting to schedule ready instructions from the IQ.
 318500: system.cpu.iq: Not able to schedule any instructions.
 318500: system.cpu.commit: DefaultCommimt<Impl>::tick() begins
 318500: system.cpu.commit: Getting instructions from Rename stage.
 318500: system.cpu.commit: Trying to commit instructions in the ROB.
 318500: system.cpu.commit: Trying to commit head instruction, [sn:34] [tid:0]
 318500: system.cpu.commit: Encountered a barrier or non-speculative instruction [sn:34] at the head of the ROB, PC (0x4010d9=>0x4010da).(2=>3).
 318500: system.cpu.commit: Waiting for all stores to writeback.
 318500: system.cpu.commit: Unable to commit head instruction PC:(0x4010d9=>0x4010da).(2=>3) [tid:0] [sn:34].
 318500: system.cpu.commit: [tid:0]: Instruction [sn:34] PC (0x4010d9=>0x4010da).(2=>3) is head of ROB and ready to commit
 318500: system.cpu.commit: [tid:0]: ROB has 1 insts & 191 free entries.
 319000: system.cpu.fetch: Running stage.
 319000: system.cpu.fetch: There are no more threads available to fetch from.
 319000: system.cpu.fetch: [tid:0]: Fetch is waiting cache response!
 319000: system.cpu.iq: Attempting to schedule ready instructions from the IQ.
 319000: system.cpu.iq: Not able to schedule any instructions.
 319000: system.cpu.commit: DefaultCommimt<Impl>::tick() begins
 319000: system.cpu.commit: Getting instructions from Rename stage.
 319000: system.cpu.commit: Trying to commit instructions in the ROB.
 319000: system.cpu.commit: Trying to commit head instruction, [sn:34] [tid:0]
 319000: system.cpu.commit: Encountered a barrier or non-speculative instruction [sn:34] at the head of the ROB, PC (0x4010d9=>0x4010da).(2=>3).
 319000: system.cpu.commit: Waiting for all stores to writeback.
 319000: system.cpu.commit: Unable to commit head instruction PC:(0x4010d9=>0x4010da).(2=>3) [tid:0] [sn:34].
 319000: system.cpu.commit: [tid:0]: Instruction [sn:34] PC (0x4010d9=>0x4010da).(2=>3) is head of ROB and ready to commit
 319000: system.cpu.commit: [tid:0]: ROB has 1 insts & 191 free entries.
 319500: system.cpu.fetch: Running stage.
 319500: system.cpu.fetch: There are no more threads available to fetch from.
 319500: system.cpu.fetch: [tid:0]: Fetch is waiting cache response!
 319500: system.cpu.iq: Attempting to schedule ready instructions from the IQ.
 319500: system.cpu.iq: Not able to schedule any instructions.
 319500: system.cpu.commit: DefaultCommimt<Impl>::tick() begins
 319500: system.cpu.commit: Getting instructions from Rename stage.
 319500: system.cpu.commit: Trying to commit instructions in the ROB.
 319500: system.cpu.commit: Trying to commit head instruction, [sn:34] [tid:0]
 319500: system.cpu.commit: Encountered a barrier or non-speculative instruction [sn:34] at the head of the ROB, PC (0x4010d9=>0x4010da).(2=>3).
 319500: system.cpu.commit: Waiting for all stores to writeback.
 319500: system.cpu.commit: Unable to commit head instruction PC:(0x4010d9=>0x4010da).(2=>3) [tid:0] [sn:34].
 319500: system.cpu.commit: [tid:0]: Instruction [sn:34] PC (0x4010d9=>0x4010da).(2=>3) is head of ROB and ready to commit
 319500: system.cpu.commit: [tid:0]: ROB has 1 insts & 191 free entries.
 320000: system.cpu.fetch: Running stage.
 320000: system.cpu.fetch: There are no more threads available to fetch from.
 320000: system.cpu.fetch: [tid:0]: Fetch is waiting cache response!
 320000: system.cpu.iq: Attempting to schedule ready instructions from the IQ.
 320000: system.cpu.iq: Not able to schedule any instructions.
 320000: system.cpu.commit: DefaultCommimt<Impl>::tick() begins
 320000: system.cpu.commit: Getting instructions from Rename stage.
 320000: system.cpu.commit: Trying to commit instructions in the ROB.
 320000: system.cpu.commit: Trying to commit head instruction, [sn:34] [tid:0]
 320000: system.cpu.commit: Encountered a barrier or non-speculative instruction [sn:34] at the head of the ROB, PC (0x4010d9=>0x4010da).(2=>3).
 320000: system.cpu.commit: Waiting for all stores to writeback.
 320000: system.cpu.commit: Unable to commit head instruction PC:(0x4010d9=>0x4010da).(2=>3) [tid:0] [sn:34].
 320000: system.cpu.commit: [tid:0]: Instruction [sn:34] PC (0x4010d9=>0x4010da).(2=>3) is head of ROB and ready to commit
 320000: system.cpu.commit: [tid:0]: ROB has 1 insts & 191 free entries.
 320500: system.cpu.fetch: Running stage.
 320500: system.cpu.fetch: There are no more threads available to fetch from.
 320500: system.cpu.fetch: [tid:0]: Fetch is waiting cache response!
 320500: system.cpu.iq: Attempting to schedule ready instructions from the IQ.
 320500: system.cpu.iq: Not able to schedule any instructions.
 320500: system.cpu.commit: DefaultCommimt<Impl>::tick() begins
 320500: system.cpu.commit: Getting instructions from Rename stage.
 320500: system.cpu.commit: Trying to commit instructions in the ROB.
 320500: system.cpu.commit: Trying to commit head instruction, [sn:34] [tid:0]
 320500: system.cpu.commit: Encountered a barrier or non-speculative instruction [sn:34] at the head of the ROB, PC (0x4010d9=>0x4010da).(2=>3).
 320500: system.cpu.commit: Waiting for all stores to writeback.
 320500: system.cpu.commit: Unable to commit head instruction PC:(0x4010d9=>0x4010da).(2=>3) [tid:0] [sn:34].
 320500: system.cpu.commit: [tid:0]: Instruction [sn:34] PC (0x4010d9=>0x4010da).(2=>3) is head of ROB and ready to commit
 320500: system.cpu.commit: [tid:0]: ROB has 1 insts & 191 free entries.
 321000: system.cpu.fetch: Running stage.
 321000: system.cpu.fetch: There are no more threads available to fetch from.
 321000: system.cpu.fetch: [tid:0]: Fetch is waiting cache response!
 321000: system.cpu.iq: Attempting to schedule ready instructions from the IQ.
 321000: system.cpu.iq: Not able to schedule any instructions.
 321000: system.cpu.commit: DefaultCommimt<Impl>::tick() begins
 321000: system.cpu.commit: Getting instructions from Rename stage.
 321000: system.cpu.commit: Trying to commit instructions in the ROB.
 321000: system.cpu.commit: Trying to commit head instruction, [sn:34] [tid:0]
 321000: system.cpu.commit: Encountered a barrier or non-speculative instruction [sn:34] at the head of the ROB, PC (0x4010d9=>0x4010da).(2=>3).
 321000: system.cpu.commit: Waiting for all stores to writeback.
 321000: system.cpu.commit: Unable to commit head instruction PC:(0x4010d9=>0x4010da).(2=>3) [tid:0] [sn:34].
 321000: system.cpu.commit: [tid:0]: Instruction [sn:34] PC (0x4010d9=>0x4010da).(2=>3) is head of ROB and ready to commit
 321000: system.cpu.commit: [tid:0]: ROB has 1 insts & 191 free entries.
 321500: system.cpu.fetch: Running stage.
 321500: system.cpu.fetch: There are no more threads available to fetch from.
 321500: system.cpu.fetch: [tid:0]: Fetch is waiting cache response!
 321500: system.cpu.iq: Attempting to schedule ready instructions from the IQ.
 321500: system.cpu.iq: Not able to schedule any instructions.
 321500: system.cpu.commit: DefaultCommimt<Impl>::tick() begins
 321500: system.cpu.commit: Getting instructions from Rename stage.
 321500: system.cpu.commit: Trying to commit instructions in the ROB.
 321500: system.cpu.commit: Trying to commit head instruction, [sn:34] [tid:0]
 321500: system.cpu.commit: Encountered a barrier or non-speculative instruction [sn:34] at the head of the ROB, PC (0x4010d9=>0x4010da).(2=>3).
 321500: system.cpu.commit: Waiting for all stores to writeback.
 321500: system.cpu.commit: Unable to commit head instruction PC:(0x4010d9=>0x4010da).(2=>3) [tid:0] [sn:34].
 321500: system.cpu.commit: [tid:0]: Instruction [sn:34] PC (0x4010d9=>0x4010da).(2=>3) is head of ROB and ready to commit
 321500: system.cpu.commit: [tid:0]: ROB has 1 insts & 191 free entries.
 322000: system.cpu.fetch: Running stage.
 322000: system.cpu.fetch: There are no more threads available to fetch from.
 322000: system.cpu.fetch: [tid:0]: Fetch is waiting cache response!
 322000: system.cpu.iq: Attempting to schedule ready instructions from the IQ.
 322000: system.cpu.iq: Not able to schedule any instructions.
 322000: system.cpu.commit: DefaultCommimt<Impl>::tick() begins
 322000: system.cpu.commit: Getting instructions from Rename stage.
 322000: system.cpu.commit: Trying to commit instructions in the ROB.
 322000: system.cpu.commit: Trying to commit head instruction, [sn:34] [tid:0]
 322000: system.cpu.commit: Encountered a barrier or non-speculative instruction [sn:34] at the head of the ROB, PC (0x4010d9=>0x4010da).(2=>3).
 322000: system.cpu.commit: Waiting for all stores to writeback.
 322000: system.cpu.commit: Unable to commit head instruction PC:(0x4010d9=>0x4010da).(2=>3) [tid:0] [sn:34].
 322000: system.cpu.commit: [tid:0]: Instruction [sn:34] PC (0x4010d9=>0x4010da).(2=>3) is head of ROB and ready to commit
 322000: system.cpu.commit: [tid:0]: ROB has 1 insts & 191 free entries.
 322500: system.cpu.fetch: Running stage.
 322500: system.cpu.fetch: There are no more threads available to fetch from.
 322500: system.cpu.fetch: [tid:0]: Fetch is waiting cache response!
 322500: system.cpu.iq: Attempting to schedule ready instructions from the IQ.
 322500: system.cpu.iq: Not able to schedule any instructions.
 322500: system.cpu.commit: DefaultCommimt<Impl>::tick() begins
 322500: system.cpu.commit: Getting instructions from Rename stage.
 322500: system.cpu.commit: Trying to commit instructions in the ROB.
 322500: system.cpu.commit: Trying to commit head instruction, [sn:34] [tid:0]
 322500: system.cpu.commit: Encountered a barrier or non-speculative instruction [sn:34] at the head of the ROB, PC (0x4010d9=>0x4010da).(2=>3).
 322500: system.cpu.commit: Waiting for all stores to writeback.
 322500: system.cpu.commit: Unable to commit head instruction PC:(0x4010d9=>0x4010da).(2=>3) [tid:0] [sn:34].
 322500: system.cpu.commit: [tid:0]: Instruction [sn:34] PC (0x4010d9=>0x4010da).(2=>3) is head of ROB and ready to commit
 322500: system.cpu.commit: [tid:0]: ROB has 1 insts & 191 free entries.
 323000: system.cpu.fetch: Running stage.
 323000: system.cpu.fetch: There are no more threads available to fetch from.
 323000: system.cpu.fetch: [tid:0]: Fetch is waiting cache response!
 323000: system.cpu.iq: Attempting to schedule ready instructions from the IQ.
 323000: system.cpu.iq: Not able to schedule any instructions.
 323000: system.cpu.commit: DefaultCommimt<Impl>::tick() begins
 323000: system.cpu.commit: Getting instructions from Rename stage.
 323000: system.cpu.commit: Trying to commit instructions in the ROB.
 323000: system.cpu.commit: Trying to commit head instruction, [sn:34] [tid:0]
 323000: system.cpu.commit: Encountered a barrier or non-speculative instruction [sn:34] at the head of the ROB, PC (0x4010d9=>0x4010da).(2=>3).
 323000: system.cpu.commit: Waiting for all stores to writeback.
 323000: system.cpu.commit: Unable to commit head instruction PC:(0x4010d9=>0x4010da).(2=>3) [tid:0] [sn:34].
 323000: system.cpu.commit: [tid:0]: Instruction [sn:34] PC (0x4010d9=>0x4010da).(2=>3) is head of ROB and ready to commit
 323000: system.cpu.commit: [tid:0]: ROB has 1 insts & 191 free entries.
 323500: system.cpu.fetch: Running stage.
 323500: system.cpu.fetch: There are no more threads available to fetch from.
 323500: system.cpu.fetch: [tid:0]: Fetch is waiting cache response!
 323500: system.cpu.iq: Attempting to schedule ready instructions from the IQ.
 323500: system.cpu.iq: Not able to schedule any instructions.
 323500: system.cpu.commit: DefaultCommimt<Impl>::tick() begins
 323500: system.cpu.commit: Getting instructions from Rename stage.
 323500: system.cpu.commit: Trying to commit instructions in the ROB.
 323500: system.cpu.commit: Trying to commit head instruction, [sn:34] [tid:0]
 323500: system.cpu.commit: Encountered a barrier or non-speculative instruction [sn:34] at the head of the ROB, PC (0x4010d9=>0x4010da).(2=>3).
 323500: system.cpu.commit: Waiting for all stores to writeback.
 323500: system.cpu.commit: Unable to commit head instruction PC:(0x4010d9=>0x4010da).(2=>3) [tid:0] [sn:34].
 323500: system.cpu.commit: [tid:0]: Instruction [sn:34] PC (0x4010d9=>0x4010da).(2=>3) is head of ROB and ready to commit
 323500: system.cpu.commit: [tid:0]: ROB has 1 insts & 191 free entries.
 324000: system.cpu.fetch: Running stage.
 324000: system.cpu.fetch: There are no more threads available to fetch from.
 324000: system.cpu.fetch: [tid:0]: Fetch is waiting cache response!
 324000: system.cpu.iq: Attempting to schedule ready instructions from the IQ.
 324000: system.cpu.iq: Not able to schedule any instructions.
 324000: system.cpu.commit: DefaultCommimt<Impl>::tick() begins
 324000: system.cpu.commit: Getting instructions from Rename stage.
 324000: system.cpu.commit: Trying to commit instructions in the ROB.
 324000: system.cpu.commit: Trying to commit head instruction, [sn:34] [tid:0]
 324000: system.cpu.commit: Encountered a barrier or non-speculative instruction [sn:34] at the head of the ROB, PC (0x4010d9=>0x4010da).(2=>3).
 324000: system.cpu.commit: Waiting for all stores to writeback.
 324000: system.cpu.commit: Unable to commit head instruction PC:(0x4010d9=>0x4010da).(2=>3) [tid:0] [sn:34].
 324000: system.cpu.commit: [tid:0]: Instruction [sn:34] PC (0x4010d9=>0x4010da).(2=>3) is head of ROB and ready to commit
 324000: system.cpu.commit: [tid:0]: ROB has 1 insts & 191 free entries.
 324500: system.cpu.fetch: Running stage.
 324500: system.cpu.fetch: There are no more threads available to fetch from.
 324500: system.cpu.fetch: [tid:0]: Fetch is waiting cache response!
 324500: system.cpu.iq: Attempting to schedule ready instructions from the IQ.
 324500: system.cpu.iq: Not able to schedule any instructions.
 324500: system.cpu.commit: DefaultCommimt<Impl>::tick() begins
 324500: system.cpu.commit: Getting instructions from Rename stage.
 324500: system.cpu.commit: Trying to commit instructions in the ROB.
 324500: system.cpu.commit: Trying to commit head instruction, [sn:34] [tid:0]
 324500: system.cpu.commit: Encountered a barrier or non-speculative instruction [sn:34] at the head of the ROB, PC (0x4010d9=>0x4010da).(2=>3).
 324500: system.cpu.commit: Waiting for all stores to writeback.
 324500: system.cpu.commit: Unable to commit head instruction PC:(0x4010d9=>0x4010da).(2=>3) [tid:0] [sn:34].
 324500: system.cpu.commit: [tid:0]: Instruction [sn:34] PC (0x4010d9=>0x4010da).(2=>3) is head of ROB and ready to commit
 324500: system.cpu.commit: [tid:0]: ROB has 1 insts & 191 free entries.
 324501: system.cpu.fetch: [tid:0] Waking up from cache miss.
 325000: system.cpu.fetch: Running stage.
 325000: system.cpu.fetch: Attempting to fetch from [tid:0]
 325000: system.cpu.fetch: [tid:0]: Icache miss is complete.
 325000: system.cpu.fetch: [tid:0]: Adding instructions to queue to decode.
 325000: system.cpu.fetch: [tid:0]: Instruction PC 0x401100 (0) created [sn:43].
 325000: system.cpu.fetch: [tid:0]: Instruction is:   AND_R_I : limm   t1, 0x7e0
 325000: system.cpu.fetch: [tid:0]: Fetch queue entry created (1/32).
 325000: system.cpu.fetch: [tid:0]: Instruction PC 0x401100 (1) created [sn:44].
 325000: system.cpu.fetch: [tid:0]: Instruction is:   AND_R_I : and   rbx, rbx, t1
 325000: system.cpu.fetch: [tid:0]: Fetch queue entry created (2/32).
 325000: system.cpu.fetch: [tid:0]: Instruction PC 0x401107 (0) created [sn:45].
 325000: system.cpu.fetch: [tid:0]: Instruction is:   MOV_R_M : ld   rbx, DS:[rbx + rax]
 325000: system.cpu.fetch: [tid:0]: Fetch queue entry created (3/32).
 325000: system.cpu.fetch: [tid:0]: Instruction PC 0x40110b (0) created [sn:46].
 325000: system.cpu.fetch: [tid:0]: Instruction is:   AND_R_I : limm   t1, 0x7e0
 325000: system.cpu.fetch: [tid:0]: Fetch queue entry created (4/32).
 325000: system.cpu.fetch: [tid:0]: Instruction PC 0x40110b (1) created [sn:47].
 325000: system.cpu.fetch: [tid:0]: Instruction is:   AND_R_I : and   rbx, rbx, t1
 325000: system.cpu.fetch: [tid:0]: Fetch queue entry created (5/32).
 325000: system.cpu.fetch: [tid:0]: Instruction PC 0x401112 (0) created [sn:48].
 325000: system.cpu.fetch: [tid:0]: Instruction is:   MOV_R_M : ld   rbx, DS:[rbx + rax]
 325000: system.cpu.fetch: [tid:0]: Fetch queue entry created (6/32).
 325000: system.cpu.fetch: [tid:0]: Instruction PC 0x401116 (0) created [sn:49].
 325000: system.cpu.fetch: [tid:0]: Instruction is:   AND_R_I : limm   t1, 0x7e0
 325000: system.cpu.fetch: [tid:0]: Fetch queue entry created (7/32).
 325000: system.cpu.fetch: [tid:0]: Instruction PC 0x401116 (1) created [sn:50].
 325000: system.cpu.fetch: [tid:0]: Instruction is:   AND_R_I : and   rbx, rbx, t1
 325000: system.cpu.fetch: [tid:0]: Fetch queue entry created (8/32).
 325000: system.cpu.fetch: [tid:0]: Done fetching, reached fetch bandwidth for this cycle.
 325000: system.cpu.iq: Attempting to schedule ready instructions from the IQ.
 325000: system.cpu.iq: Not able to schedule any instructions.
 325000: system.cpu.commit: DefaultCommimt<Impl>::tick() begins
 325000: system.cpu.commit: Getting instructions from Rename stage.
 325000: system.cpu.commit: Trying to commit instructions in the ROB.
 325000: system.cpu.commit: Trying to commit head instruction, [sn:34] [tid:0]
 325000: system.cpu.commit: Encountered a barrier or non-speculative instruction [sn:34] at the head of the ROB, PC (0x4010d9=>0x4010da).(2=>3).
 325000: system.cpu.commit: Waiting for all stores to writeback.
 325000: system.cpu.commit: Unable to commit head instruction PC:(0x4010d9=>0x4010da).(2=>3) [tid:0] [sn:34].
 325000: system.cpu.commit: [tid:0]: Instruction [sn:34] PC (0x4010d9=>0x4010da).(2=>3) is head of ROB and ready to commit
 325000: system.cpu.commit: [tid:0]: ROB has 1 insts & 191 free entries.
 325500: system.cpu.fetch: Running stage.
 325500: system.cpu.fetch: Attempting to fetch from [tid:0]
 325500: system.cpu.fetch: [tid:0]: Adding instructions to queue to decode.
 325500: system.cpu.fetch: [tid:0]: Instruction PC 0x40111d (0) created [sn:51].
 325500: system.cpu.fetch: [tid:0]: Instruction is:   MOV_R_M : ld   rbx, DS:[rbx + rax]
 325500: system.cpu.fetch: [tid:0]: Fetch queue entry created (9/32).
 325500: system.cpu.fetch: [tid:0]: Instruction PC 0x401121 (0) created [sn:52].
 325500: system.cpu.fetch: [tid:0]: Instruction is:   AND_R_I : limm   t1, 0x40
 325500: system.cpu.fetch: [tid:0]: Fetch queue entry created (10/32).
 325500: system.cpu.fetch: [tid:0]: Instruction PC 0x401121 (1) created [sn:53].
 325500: system.cpu.fetch: [tid:0]: Instruction is:   AND_R_I : and   rbx, rbx, t1
 325500: system.cpu.fetch: [tid:0]: Fetch queue entry created (11/32).
 325500: system.cpu.fetch: [tid:0]: Instruction PC 0x401125 (0) created [sn:54].
 325500: system.cpu.fetch: [tid:0]: Instruction is:   CMP_R_I : limm   t1, 0
 325500: system.cpu.fetch: [tid:0]: Fetch queue entry created (12/32).
 325500: system.cpu.fetch: [tid:0]: Instruction PC 0x401125 (1) created [sn:55].
 325500: system.cpu.fetch: [tid:0]: Instruction is:   CMP_R_I : sub   t0, rbx, t1
 325500: system.cpu.fetch: [tid:0]: Fetch queue entry created (13/32).
 325500: system.cpu.fetch: [tid:0]: Instruction PC 0x401129 (0) created [sn:56].
 325500: system.cpu.fetch: [tid:0]: Instruction is:   JZ_I : rdip   t1, %ctrl153, 
 325500: system.cpu.fetch: [tid:0]: Fetch queue entry created (14/32).
 325500: system.cpu.fetch: [tid:0]: Instruction PC 0x401129 (1) created [sn:57].
 325500: system.cpu.fetch: [tid:0]: Instruction is:   JZ_I : limm   t2, 0x15
 325500: system.cpu.fetch: [tid:0]: Fetch queue entry created (15/32).
 325500: system.cpu.fetch: [tid:0]: Instruction PC 0x401129 (2) created [sn:58].
 325500: system.cpu.fetch: [tid:0]: Instruction is:   JZ_I : wrip   , t1, t2
 325500: system.cpu.fetch: [tid:0]: Fetch queue entry created (16/32).
 325500: system.cpu.branchPred: [tid:0]: [sn:58] Branch predictor predicted 0 for PC (0x401129=>0x40112b).(2=>3)
 325500: system.cpu.branchPred: [tid:0]: [sn:58] Creating prediction history for PC (0x401129=>0x40112b).(2=>3)
 325500: system.cpu.branchPred: [tid:0]: [sn:58]: History entry added.predHist.size(): 1
 325500: system.cpu.fetch: [tid:0]: [sn:58]:Branch predicted to be not taken.
 325500: system.cpu.fetch: [tid:0]: [sn:58] Branch predicted to go to (0x40112b=>0x401133).(0=>1).
 325500: system.cpu.fetch: [tid:0]: Done fetching, reached fetch bandwidth for this cycle.
 325500: system.cpu.iq: Attempting to schedule ready instructions from the IQ.
 325500: system.cpu.iq: Not able to schedule any instructions.
 325500: system.cpu.commit: DefaultCommimt<Impl>::tick() begins
 325500: system.cpu.commit: Getting instructions from Rename stage.
 325500: system.cpu.commit: Trying to commit instructions in the ROB.
 325500: system.cpu.commit: Trying to commit head instruction, [sn:34] [tid:0]
 325500: system.cpu.commit: Encountered a barrier or non-speculative instruction [sn:34] at the head of the ROB, PC (0x4010d9=>0x4010da).(2=>3).
 325500: system.cpu.commit: Waiting for all stores to writeback.
 325500: system.cpu.commit: Unable to commit head instruction PC:(0x4010d9=>0x4010da).(2=>3) [tid:0] [sn:34].
 325500: system.cpu.commit: [tid:0]: Instruction [sn:34] PC (0x4010d9=>0x4010da).(2=>3) is head of ROB and ready to commit
 325500: system.cpu.commit: [tid:0]: ROB has 1 insts & 191 free entries.
 326000: system.cpu.fetch: Running stage.
 326000: system.cpu.fetch: Attempting to fetch from [tid:0]
 326000: system.cpu.fetch: [tid:0]: Adding instructions to queue to decode.
 326000: system.cpu.fetch: [tid:0]: Instruction PC 0x40112b (0) created [sn:59].
 326000: system.cpu.fetch: [tid:0]: Instruction is:   MOV_R_M : ld   rax, DS:[r14 + 0x1462]
 326000: system.cpu.fetch: [tid:0]: Fetch queue entry created (17/32).
 326000: system.cpu.fetch: [tid:0]: Instruction PC 0x401132 (0) created [sn:60].
 326000: system.cpu.fetch: [tid:0]: Instruction is:   SAL_R_I : slli   rax, rax, 0x2
 326000: system.cpu.fetch: [tid:0]: Fetch queue entry created (18/32).
 326000: system.cpu.fetch: [tid:0]: Instruction PC 0x401136 (0) created [sn:61].
 326000: system.cpu.fetch: [tid:0]: Instruction is:   AND_R_I : limm   t1, 0x1fc0
 326000: system.cpu.fetch: [tid:0]: Fetch queue entry created (19/32).
 326000: system.cpu.fetch: [tid:0]: Instruction PC 0x401136 (1) created [sn:62].
 326000: system.cpu.fetch: [tid:0]: Instruction is:   AND_R_I : and   rax, rax, t1
 326000: system.cpu.fetch: [tid:0]: Fetch queue entry created (20/32).
 326000: system.cpu.fetch: [tid:0]: Instruction PC 0x40113c (0) created [sn:63].
 326000: system.cpu.fetch: [tid:0]: Instruction is:   MOV_R_M : ld   rax, DS:[rax + r14]
 326000: system.cpu.fetch: [tid:0]: Fetch queue entry created (21/32).
 326000: system.cpu.fetch: [tid:0]: Issuing a pipelined I-cache access, starting at PC (0x401140=>0x401148).(0=>1).
 326000: system.cpu.fetch: [tid:0] Fetching cache line 0x401140 for addr 0x401140
 326000: system.cpu.itb: Translating vaddr 0x401140.
 326000: system.cpu.itb: In protected mode.
 326000: system.cpu.itb: Paging enabled.
 326000: system.cpu.itb: Entry found with paddr 0x1000, doing protection checks.
 326000: system.cpu.itb: Translated 0x401140 -> 0x1140.
 326000: system.cpu.fetch: Fetch: Doing instruction read.
 326000: system.cpu.fetch: [tid:0]: Doing Icache access.
 326000: system.cpu.iq: Attempting to schedule ready instructions from the IQ.
 326000: system.cpu.iq: Not able to schedule any instructions.
 326000: system.cpu.commit: DefaultCommimt<Impl>::tick() begins
 326000: system.cpu.commit: Getting instructions from Rename stage.
 326000: system.cpu.commit: Trying to commit instructions in the ROB.
 326000: system.cpu.commit: Trying to commit head instruction, [sn:34] [tid:0]
 326000: system.cpu.commit: Encountered a barrier or non-speculative instruction [sn:34] at the head of the ROB, PC (0x4010d9=>0x4010da).(2=>3).
 326000: system.cpu.commit: Waiting for all stores to writeback.
 326000: system.cpu.commit: Unable to commit head instruction PC:(0x4010d9=>0x4010da).(2=>3) [tid:0] [sn:34].
 326000: system.cpu.commit: [tid:0]: Instruction [sn:34] PC (0x4010d9=>0x4010da).(2=>3) is head of ROB and ready to commit
 326000: system.cpu.commit: [tid:0]: ROB has 1 insts & 191 free entries.
 326500: system.cpu.fetch: Running stage.
 326500: system.cpu.fetch: There are no more threads available to fetch from.
 326500: system.cpu.fetch: [tid:0]: Fetch is waiting cache response!
 326500: system.cpu.iq: Attempting to schedule ready instructions from the IQ.
 326500: system.cpu.iq: Not able to schedule any instructions.
 326500: system.cpu.commit: DefaultCommimt<Impl>::tick() begins
 326500: system.cpu.commit: Getting instructions from Rename stage.
 326500: system.cpu.commit: Trying to commit instructions in the ROB.
 326500: system.cpu.commit: Trying to commit head instruction, [sn:34] [tid:0]
 326500: system.cpu.commit: Encountered a barrier or non-speculative instruction [sn:34] at the head of the ROB, PC (0x4010d9=>0x4010da).(2=>3).
 326500: system.cpu.commit: Waiting for all stores to writeback.
 326500: system.cpu.commit: Unable to commit head instruction PC:(0x4010d9=>0x4010da).(2=>3) [tid:0] [sn:34].
 326500: system.cpu.commit: [tid:0]: Instruction [sn:34] PC (0x4010d9=>0x4010da).(2=>3) is head of ROB and ready to commit
 326500: system.cpu.commit: [tid:0]: ROB has 1 insts & 191 free entries.
 327000: system.cpu.fetch: Running stage.
 327000: system.cpu.fetch: There are no more threads available to fetch from.
 327000: system.cpu.fetch: [tid:0]: Fetch is waiting cache response!
 327000: system.cpu.iq: Attempting to schedule ready instructions from the IQ.
 327000: system.cpu.iq: Not able to schedule any instructions.
 327000: system.cpu.commit: DefaultCommimt<Impl>::tick() begins
 327000: system.cpu.commit: Getting instructions from Rename stage.
 327000: system.cpu.commit: Trying to commit instructions in the ROB.
 327000: system.cpu.commit: Trying to commit head instruction, [sn:34] [tid:0]
 327000: system.cpu.commit: Encountered a barrier or non-speculative instruction [sn:34] at the head of the ROB, PC (0x4010d9=>0x4010da).(2=>3).
 327000: system.cpu.commit: Waiting for all stores to writeback.
 327000: system.cpu.commit: Unable to commit head instruction PC:(0x4010d9=>0x4010da).(2=>3) [tid:0] [sn:34].
 327000: system.cpu.commit: [tid:0]: Instruction [sn:34] PC (0x4010d9=>0x4010da).(2=>3) is head of ROB and ready to commit
 327000: system.cpu.commit: [tid:0]: ROB has 1 insts & 191 free entries.
 327500: system.cpu.fetch: Running stage.
 327500: system.cpu.fetch: There are no more threads available to fetch from.
 327500: system.cpu.fetch: [tid:0]: Fetch is waiting cache response!
 327500: system.cpu.iq: Attempting to schedule ready instructions from the IQ.
 327500: system.cpu.iq: Not able to schedule any instructions.
 327500: system.cpu.commit: DefaultCommimt<Impl>::tick() begins
 327500: system.cpu.commit: Getting instructions from Rename stage.
 327500: system.cpu.commit: Trying to commit instructions in the ROB.
 327500: system.cpu.commit: Trying to commit head instruction, [sn:34] [tid:0]
 327500: system.cpu.commit: Encountered a barrier or non-speculative instruction [sn:34] at the head of the ROB, PC (0x4010d9=>0x4010da).(2=>3).
 327500: system.cpu.commit: Waiting for all stores to writeback.
 327500: system.cpu.commit: Unable to commit head instruction PC:(0x4010d9=>0x4010da).(2=>3) [tid:0] [sn:34].
 327500: system.cpu.commit: [tid:0]: Instruction [sn:34] PC (0x4010d9=>0x4010da).(2=>3) is head of ROB and ready to commit
 327500: system.cpu.commit: [tid:0]: ROB has 1 insts & 191 free entries.
 328000: system.cpu.fetch: Running stage.
 328000: system.cpu.fetch: There are no more threads available to fetch from.
 328000: system.cpu.fetch: [tid:0]: Fetch is waiting cache response!
 328000: system.cpu.iq: Attempting to schedule ready instructions from the IQ.
 328000: system.cpu.iq: Not able to schedule any instructions.
 328000: system.cpu.commit: DefaultCommimt<Impl>::tick() begins
 328000: system.cpu.commit: Getting instructions from Rename stage.
 328000: system.cpu.commit: Trying to commit instructions in the ROB.
 328000: system.cpu.commit: Trying to commit head instruction, [sn:34] [tid:0]
 328000: system.cpu.commit: Encountered a barrier or non-speculative instruction [sn:34] at the head of the ROB, PC (0x4010d9=>0x4010da).(2=>3).
 328000: system.cpu.commit: Waiting for all stores to writeback.
 328000: system.cpu.commit: Unable to commit head instruction PC:(0x4010d9=>0x4010da).(2=>3) [tid:0] [sn:34].
 328000: system.cpu.commit: [tid:0]: Instruction [sn:34] PC (0x4010d9=>0x4010da).(2=>3) is head of ROB and ready to commit
 328000: system.cpu.commit: [tid:0]: ROB has 1 insts & 191 free entries.
 328500: system.cpu.fetch: Running stage.
 328500: system.cpu.fetch: There are no more threads available to fetch from.
 328500: system.cpu.fetch: [tid:0]: Fetch is waiting cache response!
 328500: system.cpu.iq: Attempting to schedule ready instructions from the IQ.
 328500: system.cpu.iq: Not able to schedule any instructions.
 328500: system.cpu.commit: DefaultCommimt<Impl>::tick() begins
 328500: system.cpu.commit: Getting instructions from Rename stage.
 328500: system.cpu.commit: Trying to commit instructions in the ROB.
 328500: system.cpu.commit: Trying to commit head instruction, [sn:34] [tid:0]
 328500: system.cpu.commit: Encountered a barrier or non-speculative instruction [sn:34] at the head of the ROB, PC (0x4010d9=>0x4010da).(2=>3).
 328500: system.cpu.commit: Waiting for all stores to writeback.
 328500: system.cpu.commit: Unable to commit head instruction PC:(0x4010d9=>0x4010da).(2=>3) [tid:0] [sn:34].
 328500: system.cpu.commit: [tid:0]: Instruction [sn:34] PC (0x4010d9=>0x4010da).(2=>3) is head of ROB and ready to commit
 328500: system.cpu.commit: [tid:0]: ROB has 1 insts & 191 free entries.
 329000: system.cpu.fetch: Running stage.
 329000: system.cpu.fetch: There are no more threads available to fetch from.
 329000: system.cpu.fetch: [tid:0]: Fetch is waiting cache response!
 329000: system.cpu.iq: Attempting to schedule ready instructions from the IQ.
 329000: system.cpu.iq: Not able to schedule any instructions.
 329000: system.cpu.commit: DefaultCommimt<Impl>::tick() begins
 329000: system.cpu.commit: Getting instructions from Rename stage.
 329000: system.cpu.commit: Trying to commit instructions in the ROB.
 329000: system.cpu.commit: Trying to commit head instruction, [sn:34] [tid:0]
 329000: system.cpu.commit: Encountered a barrier or non-speculative instruction [sn:34] at the head of the ROB, PC (0x4010d9=>0x4010da).(2=>3).
 329000: system.cpu.commit: Waiting for all stores to writeback.
 329000: system.cpu.commit: Unable to commit head instruction PC:(0x4010d9=>0x4010da).(2=>3) [tid:0] [sn:34].
 329000: system.cpu.commit: [tid:0]: Instruction [sn:34] PC (0x4010d9=>0x4010da).(2=>3) is head of ROB and ready to commit
 329000: system.cpu.commit: [tid:0]: ROB has 1 insts & 191 free entries.
 329500: system.cpu.fetch: Running stage.
 329500: system.cpu.fetch: There are no more threads available to fetch from.
 329500: system.cpu.fetch: [tid:0]: Fetch is waiting cache response!
 329500: system.cpu.iq: Attempting to schedule ready instructions from the IQ.
 329500: system.cpu.iq: Not able to schedule any instructions.
 329500: system.cpu.commit: DefaultCommimt<Impl>::tick() begins
 329500: system.cpu.commit: Getting instructions from Rename stage.
 329500: system.cpu.commit: Trying to commit instructions in the ROB.
 329500: system.cpu.commit: Trying to commit head instruction, [sn:34] [tid:0]
 329500: system.cpu.commit: Encountered a barrier or non-speculative instruction [sn:34] at the head of the ROB, PC (0x4010d9=>0x4010da).(2=>3).
 329500: system.cpu.commit: Waiting for all stores to writeback.
 329500: system.cpu.commit: Unable to commit head instruction PC:(0x4010d9=>0x4010da).(2=>3) [tid:0] [sn:34].
 329500: system.cpu.commit: [tid:0]: Instruction [sn:34] PC (0x4010d9=>0x4010da).(2=>3) is head of ROB and ready to commit
 329500: system.cpu.commit: [tid:0]: ROB has 1 insts & 191 free entries.
 330000: system.cpu.fetch: Running stage.
 330000: system.cpu.fetch: There are no more threads available to fetch from.
 330000: system.cpu.fetch: [tid:0]: Fetch is waiting cache response!
 330000: system.cpu.iq: Attempting to schedule ready instructions from the IQ.
 330000: system.cpu.iq: Not able to schedule any instructions.
 330000: system.cpu.commit: DefaultCommimt<Impl>::tick() begins
 330000: system.cpu.commit: Getting instructions from Rename stage.
 330000: system.cpu.commit: Trying to commit instructions in the ROB.
 330000: system.cpu.commit: Trying to commit head instruction, [sn:34] [tid:0]
 330000: system.cpu.commit: Encountered a barrier or non-speculative instruction [sn:34] at the head of the ROB, PC (0x4010d9=>0x4010da).(2=>3).
 330000: system.cpu.commit: Waiting for all stores to writeback.
 330000: system.cpu.commit: Unable to commit head instruction PC:(0x4010d9=>0x4010da).(2=>3) [tid:0] [sn:34].
 330000: system.cpu.commit: [tid:0]: Instruction [sn:34] PC (0x4010d9=>0x4010da).(2=>3) is head of ROB and ready to commit
 330000: system.cpu.commit: [tid:0]: ROB has 1 insts & 191 free entries.
 330500: system.cpu.fetch: Running stage.
 330500: system.cpu.fetch: There are no more threads available to fetch from.
 330500: system.cpu.fetch: [tid:0]: Fetch is waiting cache response!
 330500: system.cpu.iq: Attempting to schedule ready instructions from the IQ.
 330500: system.cpu.iq: Not able to schedule any instructions.
 330500: system.cpu.commit: DefaultCommimt<Impl>::tick() begins
 330500: system.cpu.commit: Getting instructions from Rename stage.
 330500: system.cpu.commit: Trying to commit instructions in the ROB.
 330500: system.cpu.commit: Trying to commit head instruction, [sn:34] [tid:0]
 330500: system.cpu.commit: Encountered a barrier or non-speculative instruction [sn:34] at the head of the ROB, PC (0x4010d9=>0x4010da).(2=>3).
 330500: system.cpu.commit: Waiting for all stores to writeback.
 330500: system.cpu.commit: Unable to commit head instruction PC:(0x4010d9=>0x4010da).(2=>3) [tid:0] [sn:34].
 330500: system.cpu.commit: [tid:0]: Instruction [sn:34] PC (0x4010d9=>0x4010da).(2=>3) is head of ROB and ready to commit
 330500: system.cpu.commit: [tid:0]: ROB has 1 insts & 191 free entries.
 331000: system.cpu.fetch: Running stage.
 331000: system.cpu.fetch: There are no more threads available to fetch from.
 331000: system.cpu.fetch: [tid:0]: Fetch is waiting cache response!
 331000: system.cpu.iq: Attempting to schedule ready instructions from the IQ.
 331000: system.cpu.iq: Not able to schedule any instructions.
 331000: system.cpu.commit: DefaultCommimt<Impl>::tick() begins
 331000: system.cpu.commit: Getting instructions from Rename stage.
 331000: system.cpu.commit: Trying to commit instructions in the ROB.
 331000: system.cpu.commit: Trying to commit head instruction, [sn:34] [tid:0]
 331000: system.cpu.commit: Encountered a barrier or non-speculative instruction [sn:34] at the head of the ROB, PC (0x4010d9=>0x4010da).(2=>3).
 331000: system.cpu.commit: Waiting for all stores to writeback.
 331000: system.cpu.commit: Unable to commit head instruction PC:(0x4010d9=>0x4010da).(2=>3) [tid:0] [sn:34].
 331000: system.cpu.commit: [tid:0]: Instruction [sn:34] PC (0x4010d9=>0x4010da).(2=>3) is head of ROB and ready to commit
 331000: system.cpu.commit: [tid:0]: ROB has 1 insts & 191 free entries.
 331500: system.cpu.fetch: Running stage.
 331500: system.cpu.fetch: There are no more threads available to fetch from.
 331500: system.cpu.fetch: [tid:0]: Fetch is waiting cache response!
 331500: system.cpu.iq: Attempting to schedule ready instructions from the IQ.
 331500: system.cpu.iq: Not able to schedule any instructions.
 331500: system.cpu.commit: DefaultCommimt<Impl>::tick() begins
 331500: system.cpu.commit: Getting instructions from Rename stage.
 331500: system.cpu.commit: Trying to commit instructions in the ROB.
 331500: system.cpu.commit: Trying to commit head instruction, [sn:34] [tid:0]
 331500: system.cpu.commit: Encountered a barrier or non-speculative instruction [sn:34] at the head of the ROB, PC (0x4010d9=>0x4010da).(2=>3).
 331500: system.cpu.commit: Waiting for all stores to writeback.
 331500: system.cpu.commit: Unable to commit head instruction PC:(0x4010d9=>0x4010da).(2=>3) [tid:0] [sn:34].
 331500: system.cpu.commit: [tid:0]: Instruction [sn:34] PC (0x4010d9=>0x4010da).(2=>3) is head of ROB and ready to commit
 331500: system.cpu.commit: [tid:0]: ROB has 1 insts & 191 free entries.
 332000: system.cpu.fetch: Running stage.
 332000: system.cpu.fetch: There are no more threads available to fetch from.
 332000: system.cpu.fetch: [tid:0]: Fetch is waiting cache response!
 332000: system.cpu.iq: Attempting to schedule ready instructions from the IQ.
 332000: system.cpu.iq: Not able to schedule any instructions.
 332000: system.cpu.commit: DefaultCommimt<Impl>::tick() begins
 332000: system.cpu.commit: Getting instructions from Rename stage.
 332000: system.cpu.commit: Trying to commit instructions in the ROB.
 332000: system.cpu.commit: Trying to commit head instruction, [sn:34] [tid:0]
 332000: system.cpu.commit: Encountered a barrier or non-speculative instruction [sn:34] at the head of the ROB, PC (0x4010d9=>0x4010da).(2=>3).
 332000: system.cpu.commit: Waiting for all stores to writeback.
 332000: system.cpu.commit: Unable to commit head instruction PC:(0x4010d9=>0x4010da).(2=>3) [tid:0] [sn:34].
 332000: system.cpu.commit: [tid:0]: Instruction [sn:34] PC (0x4010d9=>0x4010da).(2=>3) is head of ROB and ready to commit
 332000: system.cpu.commit: [tid:0]: ROB has 1 insts & 191 free entries.
 332500: system.cpu.fetch: Running stage.
 332500: system.cpu.fetch: There are no more threads available to fetch from.
 332500: system.cpu.fetch: [tid:0]: Fetch is waiting cache response!
 332500: system.cpu.iq: Attempting to schedule ready instructions from the IQ.
 332500: system.cpu.iq: Not able to schedule any instructions.
 332500: system.cpu.commit: DefaultCommimt<Impl>::tick() begins
 332500: system.cpu.commit: Getting instructions from Rename stage.
 332500: system.cpu.commit: Trying to commit instructions in the ROB.
 332500: system.cpu.commit: Trying to commit head instruction, [sn:34] [tid:0]
 332500: system.cpu.commit: Encountered a barrier or non-speculative instruction [sn:34] at the head of the ROB, PC (0x4010d9=>0x4010da).(2=>3).
 332500: system.cpu.commit: Waiting for all stores to writeback.
 332500: system.cpu.commit: Unable to commit head instruction PC:(0x4010d9=>0x4010da).(2=>3) [tid:0] [sn:34].
 332500: system.cpu.commit: [tid:0]: Instruction [sn:34] PC (0x4010d9=>0x4010da).(2=>3) is head of ROB and ready to commit
 332500: system.cpu.commit: [tid:0]: ROB has 1 insts & 191 free entries.
 333000: system.cpu.fetch: Running stage.
 333000: system.cpu.fetch: There are no more threads available to fetch from.
 333000: system.cpu.fetch: [tid:0]: Fetch is waiting cache response!
 333000: system.cpu.iq: Attempting to schedule ready instructions from the IQ.
 333000: system.cpu.iq: Not able to schedule any instructions.
 333000: system.cpu.commit: DefaultCommimt<Impl>::tick() begins
 333000: system.cpu.commit: Getting instructions from Rename stage.
 333000: system.cpu.commit: Trying to commit instructions in the ROB.
 333000: system.cpu.commit: Trying to commit head instruction, [sn:34] [tid:0]
 333000: system.cpu.commit: Encountered a barrier or non-speculative instruction [sn:34] at the head of the ROB, PC (0x4010d9=>0x4010da).(2=>3).
 333000: system.cpu.commit: Waiting for all stores to writeback.
 333000: system.cpu.commit: Unable to commit head instruction PC:(0x4010d9=>0x4010da).(2=>3) [tid:0] [sn:34].
 333000: system.cpu.commit: [tid:0]: Instruction [sn:34] PC (0x4010d9=>0x4010da).(2=>3) is head of ROB and ready to commit
 333000: system.cpu.commit: [tid:0]: ROB has 1 insts & 191 free entries.
 333500: system.cpu.fetch: Running stage.
 333500: system.cpu.fetch: There are no more threads available to fetch from.
 333500: system.cpu.fetch: [tid:0]: Fetch is waiting cache response!
 333500: system.cpu.iq: Attempting to schedule ready instructions from the IQ.
 333500: system.cpu.iq: Not able to schedule any instructions.
 333500: system.cpu.commit: DefaultCommimt<Impl>::tick() begins
 333500: system.cpu.commit: Getting instructions from Rename stage.
 333500: system.cpu.commit: Trying to commit instructions in the ROB.
 333500: system.cpu.commit: Trying to commit head instruction, [sn:34] [tid:0]
 333500: system.cpu.commit: Encountered a barrier or non-speculative instruction [sn:34] at the head of the ROB, PC (0x4010d9=>0x4010da).(2=>3).
 333500: system.cpu.commit: Waiting for all stores to writeback.
 333500: system.cpu.commit: Unable to commit head instruction PC:(0x4010d9=>0x4010da).(2=>3) [tid:0] [sn:34].
 333500: system.cpu.commit: [tid:0]: Instruction [sn:34] PC (0x4010d9=>0x4010da).(2=>3) is head of ROB and ready to commit
 333500: system.cpu.commit: [tid:0]: ROB has 1 insts & 191 free entries.
 334000: system.cpu.fetch: Running stage.
 334000: system.cpu.fetch: There are no more threads available to fetch from.
 334000: system.cpu.fetch: [tid:0]: Fetch is waiting cache response!
 334000: system.cpu.iq: Attempting to schedule ready instructions from the IQ.
 334000: system.cpu.iq: Not able to schedule any instructions.
 334000: system.cpu.commit: DefaultCommimt<Impl>::tick() begins
 334000: system.cpu.commit: Getting instructions from Rename stage.
 334000: system.cpu.commit: Trying to commit instructions in the ROB.
 334000: system.cpu.commit: Trying to commit head instruction, [sn:34] [tid:0]
 334000: system.cpu.commit: Encountered a barrier or non-speculative instruction [sn:34] at the head of the ROB, PC (0x4010d9=>0x4010da).(2=>3).
 334000: system.cpu.commit: Waiting for all stores to writeback.
 334000: system.cpu.commit: Unable to commit head instruction PC:(0x4010d9=>0x4010da).(2=>3) [tid:0] [sn:34].
 334000: system.cpu.commit: [tid:0]: Instruction [sn:34] PC (0x4010d9=>0x4010da).(2=>3) is head of ROB and ready to commit
 334000: system.cpu.commit: [tid:0]: ROB has 1 insts & 191 free entries.
 334500: system.cpu.fetch: Running stage.
 334500: system.cpu.fetch: There are no more threads available to fetch from.
 334500: system.cpu.fetch: [tid:0]: Fetch is waiting cache response!
 334500: system.cpu.iq: Attempting to schedule ready instructions from the IQ.
 334500: system.cpu.iq: Not able to schedule any instructions.
 334500: system.cpu.commit: DefaultCommimt<Impl>::tick() begins
 334500: system.cpu.commit: Getting instructions from Rename stage.
 334500: system.cpu.commit: Trying to commit instructions in the ROB.
 334500: system.cpu.commit: Trying to commit head instruction, [sn:34] [tid:0]
 334500: system.cpu.commit: Encountered a barrier or non-speculative instruction [sn:34] at the head of the ROB, PC (0x4010d9=>0x4010da).(2=>3).
 334500: system.cpu.commit: Waiting for all stores to writeback.
 334500: system.cpu.commit: Unable to commit head instruction PC:(0x4010d9=>0x4010da).(2=>3) [tid:0] [sn:34].
 334500: system.cpu.commit: [tid:0]: Instruction [sn:34] PC (0x4010d9=>0x4010da).(2=>3) is head of ROB and ready to commit
 334500: system.cpu.commit: [tid:0]: ROB has 1 insts & 191 free entries.
 335000: system.cpu.fetch: Running stage.
 335000: system.cpu.fetch: There are no more threads available to fetch from.
 335000: system.cpu.fetch: [tid:0]: Fetch is waiting cache response!
 335000: system.cpu.iq: Attempting to schedule ready instructions from the IQ.
 335000: system.cpu.iq: Not able to schedule any instructions.
 335000: system.cpu.commit: DefaultCommimt<Impl>::tick() begins
 335000: system.cpu.commit: Getting instructions from Rename stage.
 335000: system.cpu.commit: Trying to commit instructions in the ROB.
 335000: system.cpu.commit: Trying to commit head instruction, [sn:34] [tid:0]
 335000: system.cpu.commit: Encountered a barrier or non-speculative instruction [sn:34] at the head of the ROB, PC (0x4010d9=>0x4010da).(2=>3).
 335000: system.cpu.commit: Waiting for all stores to writeback.
 335000: system.cpu.commit: Unable to commit head instruction PC:(0x4010d9=>0x4010da).(2=>3) [tid:0] [sn:34].
 335000: system.cpu.commit: [tid:0]: Instruction [sn:34] PC (0x4010d9=>0x4010da).(2=>3) is head of ROB and ready to commit
 335000: system.cpu.commit: [tid:0]: ROB has 1 insts & 191 free entries.
 335500: system.cpu.fetch: Running stage.
 335500: system.cpu.fetch: There are no more threads available to fetch from.
 335500: system.cpu.fetch: [tid:0]: Fetch is waiting cache response!
 335500: system.cpu.iq: Attempting to schedule ready instructions from the IQ.
 335500: system.cpu.iq: Not able to schedule any instructions.
 335500: system.cpu.commit: DefaultCommimt<Impl>::tick() begins
 335500: system.cpu.commit: Getting instructions from Rename stage.
 335500: system.cpu.commit: Trying to commit instructions in the ROB.
 335500: system.cpu.commit: Trying to commit head instruction, [sn:34] [tid:0]
 335500: system.cpu.commit: Encountered a barrier or non-speculative instruction [sn:34] at the head of the ROB, PC (0x4010d9=>0x4010da).(2=>3).
 335500: system.cpu.commit: Waiting for all stores to writeback.
 335500: system.cpu.commit: Unable to commit head instruction PC:(0x4010d9=>0x4010da).(2=>3) [tid:0] [sn:34].
 335500: system.cpu.commit: [tid:0]: Instruction [sn:34] PC (0x4010d9=>0x4010da).(2=>3) is head of ROB and ready to commit
 335500: system.cpu.commit: [tid:0]: ROB has 1 insts & 191 free entries.
 336000: system.cpu.fetch: Running stage.
 336000: system.cpu.fetch: There are no more threads available to fetch from.
 336000: system.cpu.fetch: [tid:0]: Fetch is waiting cache response!
 336000: system.cpu.iq: Attempting to schedule ready instructions from the IQ.
 336000: system.cpu.iq: Not able to schedule any instructions.
 336000: system.cpu.commit: DefaultCommimt<Impl>::tick() begins
 336000: system.cpu.commit: Getting instructions from Rename stage.
 336000: system.cpu.commit: Trying to commit instructions in the ROB.
 336000: system.cpu.commit: Trying to commit head instruction, [sn:34] [tid:0]
 336000: system.cpu.commit: Encountered a barrier or non-speculative instruction [sn:34] at the head of the ROB, PC (0x4010d9=>0x4010da).(2=>3).
 336000: system.cpu.commit: Waiting for all stores to writeback.
 336000: system.cpu.commit: Unable to commit head instruction PC:(0x4010d9=>0x4010da).(2=>3) [tid:0] [sn:34].
 336000: system.cpu.commit: [tid:0]: Instruction [sn:34] PC (0x4010d9=>0x4010da).(2=>3) is head of ROB and ready to commit
 336000: system.cpu.commit: [tid:0]: ROB has 1 insts & 191 free entries.
 336500: system.cpu.fetch: Running stage.
 336500: system.cpu.fetch: There are no more threads available to fetch from.
 336500: system.cpu.fetch: [tid:0]: Fetch is waiting cache response!
 336500: system.cpu.iq: Attempting to schedule ready instructions from the IQ.
 336500: system.cpu.iq: Not able to schedule any instructions.
 336500: system.cpu.commit: DefaultCommimt<Impl>::tick() begins
 336500: system.cpu.commit: Getting instructions from Rename stage.
 336500: system.cpu.commit: Trying to commit instructions in the ROB.
 336500: system.cpu.commit: Trying to commit head instruction, [sn:34] [tid:0]
 336500: system.cpu.commit: Encountered a barrier or non-speculative instruction [sn:34] at the head of the ROB, PC (0x4010d9=>0x4010da).(2=>3).
 336500: system.cpu.commit: Waiting for all stores to writeback.
 336500: system.cpu.commit: Unable to commit head instruction PC:(0x4010d9=>0x4010da).(2=>3) [tid:0] [sn:34].
 336500: system.cpu.commit: [tid:0]: Instruction [sn:34] PC (0x4010d9=>0x4010da).(2=>3) is head of ROB and ready to commit
 336500: system.cpu.commit: [tid:0]: ROB has 1 insts & 191 free entries.
 337000: system.cpu.fetch: Running stage.
 337000: system.cpu.fetch: There are no more threads available to fetch from.
 337000: system.cpu.fetch: [tid:0]: Fetch is waiting cache response!
 337000: system.cpu.iq: Attempting to schedule ready instructions from the IQ.
 337000: system.cpu.iq: Not able to schedule any instructions.
 337000: system.cpu.commit: DefaultCommimt<Impl>::tick() begins
 337000: system.cpu.commit: Getting instructions from Rename stage.
 337000: system.cpu.commit: Trying to commit instructions in the ROB.
 337000: system.cpu.commit: Trying to commit head instruction, [sn:34] [tid:0]
 337000: system.cpu.commit: Encountered a barrier or non-speculative instruction [sn:34] at the head of the ROB, PC (0x4010d9=>0x4010da).(2=>3).
 337000: system.cpu.commit: Waiting for all stores to writeback.
 337000: system.cpu.commit: Unable to commit head instruction PC:(0x4010d9=>0x4010da).(2=>3) [tid:0] [sn:34].
 337000: system.cpu.commit: [tid:0]: Instruction [sn:34] PC (0x4010d9=>0x4010da).(2=>3) is head of ROB and ready to commit
 337000: system.cpu.commit: [tid:0]: ROB has 1 insts & 191 free entries.
 337500: system.cpu.fetch: Running stage.
 337500: system.cpu.fetch: There are no more threads available to fetch from.
 337500: system.cpu.fetch: [tid:0]: Fetch is waiting cache response!
 337500: system.cpu.iq: Attempting to schedule ready instructions from the IQ.
 337500: system.cpu.iq: Not able to schedule any instructions.
 337500: system.cpu.commit: DefaultCommimt<Impl>::tick() begins
 337500: system.cpu.commit: Getting instructions from Rename stage.
 337500: system.cpu.commit: Trying to commit instructions in the ROB.
 337500: system.cpu.commit: Trying to commit head instruction, [sn:34] [tid:0]
 337500: system.cpu.commit: Encountered a barrier or non-speculative instruction [sn:34] at the head of the ROB, PC (0x4010d9=>0x4010da).(2=>3).
 337500: system.cpu.commit: Waiting for all stores to writeback.
 337500: system.cpu.commit: Unable to commit head instruction PC:(0x4010d9=>0x4010da).(2=>3) [tid:0] [sn:34].
 337500: system.cpu.commit: [tid:0]: Instruction [sn:34] PC (0x4010d9=>0x4010da).(2=>3) is head of ROB and ready to commit
 337500: system.cpu.commit: [tid:0]: ROB has 1 insts & 191 free entries.
 338000: system.cpu.fetch: Running stage.
 338000: system.cpu.fetch: There are no more threads available to fetch from.
 338000: system.cpu.fetch: [tid:0]: Fetch is waiting cache response!
 338000: system.cpu.iq: Attempting to schedule ready instructions from the IQ.
 338000: system.cpu.iq: Not able to schedule any instructions.
 338000: system.cpu.commit: DefaultCommimt<Impl>::tick() begins
 338000: system.cpu.commit: Getting instructions from Rename stage.
 338000: system.cpu.commit: Trying to commit instructions in the ROB.
 338000: system.cpu.commit: Trying to commit head instruction, [sn:34] [tid:0]
 338000: system.cpu.commit: Encountered a barrier or non-speculative instruction [sn:34] at the head of the ROB, PC (0x4010d9=>0x4010da).(2=>3).
 338000: system.cpu.commit: Waiting for all stores to writeback.
 338000: system.cpu.commit: Unable to commit head instruction PC:(0x4010d9=>0x4010da).(2=>3) [tid:0] [sn:34].
 338000: system.cpu.commit: [tid:0]: Instruction [sn:34] PC (0x4010d9=>0x4010da).(2=>3) is head of ROB and ready to commit
 338000: system.cpu.commit: [tid:0]: ROB has 1 insts & 191 free entries.
 338001: system.cpu.iew.lsq: Received D$ response for packet addr 0x4ff8, block addr 0x4fc0
 338001: system.cpu.iew.lsq.thread0: Completing store [sn:30], idx:0, store head idx:1
 338500: system.cpu.fetch: Running stage.
 338500: system.cpu.fetch: There are no more threads available to fetch from.
 338500: system.cpu.fetch: [tid:0]: Fetch is waiting cache response!
 338500: system.cpu.iq: Attempting to schedule ready instructions from the IQ.
 338500: system.cpu.iq: Not able to schedule any instructions.
 338500: system.cpu.iew.lsq.thread0: LQ size: 33, #loads occupied: 0
 338500: system.cpu.iew.lsq.thread0: SQ size: 33, #stores occupied: 0
 338500: system.cpu.commit: DefaultCommimt<Impl>::tick() begins
 338500: system.cpu.commit: Getting instructions from Rename stage.
 338500: system.cpu.commit: Trying to commit instructions in the ROB.
 338500: system.cpu.commit: Trying to commit head instruction, [sn:34] [tid:0]
 338500: system.cpu.commit: Encountered a barrier or non-speculative instruction [sn:34] at the head of the ROB, PC (0x4010d9=>0x4010da).(2=>3).
 338500: system.cpu.commit: Unable to commit head instruction PC:(0x4010d9=>0x4010da).(2=>3) [tid:0] [sn:34].
 338500: system.cpu.commit: [tid:0]: Can't commit, Instruction [sn:34] PC (0x4010d9=>0x4010da).(2=>3) is head of ROB and not ready
 338500: system.cpu.commit: [tid:0]: ROB has 1 insts & 191 free entries.
 339000: system.cpu.fetch: Running stage.
 339000: system.cpu.fetch: There are no more threads available to fetch from.
 339000: system.cpu.fetch: [tid:0]: Fetch is waiting cache response!
 339000: system.cpu.iq: Attempting to schedule ready instructions from the IQ.
 339000: system.cpu.iq: Not able to schedule any instructions.
 339000: system.cpu.iq: Marking nonspeculative instruction [sn:34] as ready to execute.
 339000: system.cpu.iq: (addIfReady, regular) Instruction is ready to issue, putting it onto the ready list, PC (0x4010d9=>0x4010da).(2=>3) opclass:1 [sn:34].
 339000: system.cpu.commit: DefaultCommimt<Impl>::tick() begins
 339000: system.cpu.commit: Getting instructions from Rename stage.
 339000: system.cpu.commit: Trying to commit instructions in the ROB.
 339000: system.cpu.commit: [tid:0]: Can't commit, Instruction [sn:34] PC (0x4010d9=>0x4010da).(2=>3) is head of ROB and not ready
 339000: system.cpu.commit: [tid:0]: ROB has 1 insts & 191 free entries.
 339500: system.cpu.fetch: Running stage.
 339500: system.cpu.fetch: There are no more threads available to fetch from.
 339500: system.cpu.fetch: [tid:0]: Fetch is waiting cache response!
 339500: system.cpu.iq: Attempting to schedule ready instructions from the IQ.
 339500: system.cpu.iq: Thread 0: Issuing instruction PC (0x4010d9=>0x4010da).(2=>3) [sn:34]
 339500: system.cpu.commit: DefaultCommimt<Impl>::tick() begins
 339500: system.cpu.commit: Getting instructions from Rename stage.
 339500: system.cpu.commit: Trying to commit instructions in the ROB.
 339500: system.cpu.commit: [tid:0]: Can't commit, Instruction [sn:34] PC (0x4010d9=>0x4010da).(2=>3) is head of ROB and not ready
 339500: system.cpu.commit: [tid:0]: ROB has 1 insts & 191 free entries.
 340000: system.cpu.fetch: Running stage.
 340000: system.cpu.fetch: There are no more threads available to fetch from.
 340000: system.cpu.fetch: [tid:0]: Fetch is waiting cache response!
 340000: system.cpu.iq: Waking dependents of completed instruction [sn:34].
 340000: system.cpu.iq: Waking any dependents on register 17 (CCRegClass).
 340000: system.cpu.iq: Waking any dependents on register 18 (CCRegClass).
 340000: system.cpu.iq: Waking any dependents on register 19 (CCRegClass).
 340000: system.cpu.iq: Waking any dependents on register 20 (CCRegClass).
 340000: system.cpu.iq: Waking any dependents on register 21 (CCRegClass).
 340000: system.cpu.iq: Reg 24 [MiscRegClass] is part of a fix mapping, skipping
 340000: system.cpu.iq: Attempting to schedule ready instructions from the IQ.
 340000: system.cpu.iq: Not able to schedule any instructions.
 340000: system.cpu.iew.lsq.thread0: LQ size: 33, #loads occupied: 0
 340000: system.cpu.iew.lsq.thread0: SQ size: 33, #stores occupied: 0
 340000: system.cpu.commit: DefaultCommimt<Impl>::tick() begins
 340000: system.cpu.commit: Getting instructions from Rename stage.
 340000: system.cpu.commit: Trying to commit instructions in the ROB.
 340000: system.cpu.commit: [tid:0]: Can't commit, Instruction [sn:34] PC (0x4010d9=>0x4010da).(2=>3) is head of ROB and not ready
 340000: system.cpu.commit: [tid:0]: ROB has 1 insts & 191 free entries.
 340500: system.cpu.fetch: Running stage.
 340500: system.cpu.fetch: There are no more threads available to fetch from.
 340500: system.cpu.fetch: [tid:0]: Fetch is waiting cache response!
 340500: system.cpu.iq: Attempting to schedule ready instructions from the IQ.
 340500: system.cpu.iq: Not able to schedule any instructions.
 340500: system.cpu.commit: DefaultCommimt<Impl>::tick() begins
 340500: system.cpu.commit: Getting instructions from Rename stage.
 340500: system.cpu.commit: Trying to commit instructions in the ROB.
 340500: system.cpu.commit: get the inst [num:0]
 340500: system.cpu.commit: [tid:0]: Marking PC (0x4010d9=>0x4010da).(2=>3), [sn:34] ready within ROB.
 340500: system.cpu.commit: [tid:0]: Instruction [sn:34] PC (0x4010d9=>0x4010da).(2=>3) is head of ROB and ready to commit
 340500: system.cpu.commit: [tid:0]: ROB has 1 insts & 191 free entries.
 341000: system.cpu.fetch: Running stage.
 341000: system.cpu.fetch: There are no more threads available to fetch from.
 341000: system.cpu.fetch: [tid:0]: Fetch is waiting cache response!
 341000: system.cpu.iq: Attempting to schedule ready instructions from the IQ.
 341000: system.cpu.iq: Not able to schedule any instructions.
 341000: system.cpu.commit: DefaultCommimt<Impl>::tick() begins
 341000: system.cpu.commit: Getting instructions from Rename stage.
 341000: system.cpu.commit: Trying to commit instructions in the ROB.
 341000: system.cpu.commit: Trying to commit head instruction, [sn:34] [tid:0]
 341000: system.cpu.commit: Committing instruction with [sn:34] PC (0x4010d9=>0x4010da).(2=>3)
 341000: system.cpu.rob: [tid:0]: Retiring head instruction, instruction PC (0x4010d9=>0x4010da).(2=>3), [sn:34]
 341000: system.cpu.commit: [tid:0]: ROB has 0 insts & 192 free entries.
 341500: system.cpu.branchPred: [tid:0]: Committing branches until [sn:34].
 341500: system.cpu.fetch: Running stage.
 341500: system.cpu.fetch: There are no more threads available to fetch from.
 341500: system.cpu.fetch: [tid:0]: Fetch is waiting cache response!
 341500: global: [sn:38] has 1 ready out of 3 sources. RTI 0)
 341500: global: [sn:38] has 2 ready out of 3 sources. RTI 0)
 341500: global: [sn:38] has 3 ready out of 3 sources. RTI 0)
 341500: global: [sn:39] has 1 ready out of 3 sources. RTI 0)
 341500: global: [sn:39] has 2 ready out of 3 sources. RTI 0)
 341500: global: [sn:42] has 1 ready out of 3 sources. RTI 0)
 341500: system.cpu.iq: Attempting to schedule ready instructions from the IQ.
 341500: system.cpu.iq: Not able to schedule any instructions.
 341500: system.cpu.iq: [tid:0]: Committing instructions older than [sn:34]
 341500: system.cpu.commit: DefaultCommimt<Impl>::tick() begins
 341500: system.cpu.commit: Getting instructions from Rename stage.
 341500: system.cpu.commit: Trying to commit instructions in the ROB.
 341500: system.cpu.commit: [tid:0]: ROB has 0 insts & 192 free entries.
 342000: system.cpu.fetch: Running stage.
 342000: system.cpu.fetch: There are no more threads available to fetch from.
 342000: system.cpu.fetch: [tid:0]: Fetch is waiting cache response!
 342000: system.cpu.iq: Attempting to schedule ready instructions from the IQ.
 342000: system.cpu.iq: Not able to schedule any instructions.
 342000: system.cpu.iew.lsq.thread0: LQ size: 33, #loads occupied: 0
 342000: system.cpu.iew.lsq.thread0: SQ size: 33, #stores occupied: 0
 342000: system.cpu.commit: DefaultCommimt<Impl>::tick() begins
 342000: system.cpu.commit: Getting instructions from Rename stage.
 342000: system.cpu.commit: Inserting PC (0x4010da=>0x4010e1).(0=>1) [sn:35] [tid:0] into ROB.
 342000: system.cpu.rob: Adding inst PC (0x4010da=>0x4010e1).(0=>1) to the ROB.
 342000: system.cpu.rob: [tid:0] Now has 1 instructions.
 342000: system.cpu.commit: Inserting PC (0x4010e1=>0x4010e8).(0=>1) [sn:36] [tid:0] into ROB.
 342000: system.cpu.rob: Adding inst PC (0x4010e1=>0x4010e8).(0=>1) to the ROB.
 342000: system.cpu.rob: [tid:0] Now has 2 instructions.
 342000: system.cpu.commit: Inserting PC (0x4010e8=>0x4010eb).(0=>1) [sn:37] [tid:0] into ROB.
 342000: system.cpu.rob: Adding inst PC (0x4010e8=>0x4010eb).(0=>1) to the ROB.
 342000: system.cpu.rob: [tid:0] Now has 3 instructions.
 342000: system.cpu.commit: Inserting PC (0x4010eb=>0x4010ee).(0=>1) [sn:38] [tid:0] into ROB.
 342000: system.cpu.rob: Adding inst PC (0x4010eb=>0x4010ee).(0=>1) to the ROB.
 342000: system.cpu.rob: [tid:0] Now has 4 instructions.
 342000: system.cpu.commit: Inserting PC (0x4010ee=>0x4010f5).(0=>1) [sn:39] [tid:0] into ROB.
 342000: system.cpu.rob: Adding inst PC (0x4010ee=>0x4010f5).(0=>1) to the ROB.
 342000: system.cpu.rob: [tid:0] Now has 5 instructions.
 342000: system.cpu.commit: Inserting PC (0x4010f5=>0x4010fc).(0=>1) [sn:40] [tid:0] into ROB.
 342000: system.cpu.rob: Adding inst PC (0x4010f5=>0x4010fc).(0=>1) to the ROB.
 342000: system.cpu.rob: [tid:0] Now has 6 instructions.
 342000: system.cpu.commit: Inserting PC (0x4010f5=>0x4010fc).(1=>2) [sn:41] [tid:0] into ROB.
 342000: system.cpu.rob: Adding inst PC (0x4010f5=>0x4010fc).(1=>2) to the ROB.
 342000: system.cpu.rob: [tid:0] Now has 7 instructions.
 342000: system.cpu.commit: Inserting PC (0x4010fc=>0x401100).(0=>1) [sn:42] [tid:0] into ROB.
 342000: system.cpu.rob: Adding inst PC (0x4010fc=>0x401100).(0=>1) to the ROB.
 342000: system.cpu.rob: [tid:0] Now has 8 instructions.
 342000: system.cpu.commit: Trying to commit instructions in the ROB.
 342000: system.cpu.commit: [tid:0]: Can't commit, Instruction [sn:35] PC (0x4010da=>0x4010e1).(0=>1) is head of ROB and not ready
 342000: system.cpu.commit: [tid:0]: ROB has 8 insts & 184 free entries.
 342500: system.cpu.fetch: Running stage.
 342500: system.cpu.fetch: There are no more threads available to fetch from.
 342500: system.cpu.fetch: [tid:0]: Fetch is waiting cache response!
 342500: system.cpu.fetch: [tid:0][sn:43]: Sending instruction to decode from fetch queue. Fetch queue size: 21.
 342500: system.cpu.fetch: [tid:0][sn:44]: Sending instruction to decode from fetch queue. Fetch queue size: 20.
 342500: system.cpu.fetch: [tid:0][sn:45]: Sending instruction to decode from fetch queue. Fetch queue size: 19.
 342500: system.cpu.fetch: [tid:0][sn:46]: Sending instruction to decode from fetch queue. Fetch queue size: 18.
 342500: system.cpu.fetch: [tid:0][sn:47]: Sending instruction to decode from fetch queue. Fetch queue size: 17.
 342500: system.cpu.fetch: [tid:0][sn:48]: Sending instruction to decode from fetch queue. Fetch queue size: 16.
 342500: system.cpu.fetch: [tid:0][sn:49]: Sending instruction to decode from fetch queue. Fetch queue size: 15.
 342500: system.cpu.fetch: [tid:0][sn:50]: Sending instruction to decode from fetch queue. Fetch queue size: 14.
 342500: system.cpu.iq: Adding instruction [sn:35] PC (0x4010da=>0x4010e1).(0=>1) to the IQ.
 342500: system.cpu.iq: (addIfReady, regular) Instruction is ready to issue, putting it onto the ready list, PC (0x4010da=>0x4010e1).(0=>1) opclass:1 [sn:35].
 342500: system.cpu.iq: Adding instruction [sn:36] PC (0x4010e1=>0x4010e8).(0=>1) to the IQ.
 342500: system.cpu.iq: (addIfReady, regular) Instruction is ready to issue, putting it onto the ready list, PC (0x4010e1=>0x4010e8).(0=>1) opclass:1 [sn:36].
 342500: system.cpu.iq: Adding instruction [sn:37] PC (0x4010e8=>0x4010eb).(0=>1) to the IQ.
 342500: system.cpu.iq: (addIfReady, regular) Instruction is ready to issue, putting it onto the ready list, PC (0x4010e8=>0x4010eb).(0=>1) opclass:1 [sn:37].
 342500: system.cpu.iq: Adding instruction [sn:38] PC (0x4010eb=>0x4010ee).(0=>1) to the IQ.
 342500: system.cpu.iq: (addIfReady, regular) Instruction is ready to issue, putting it onto the ready list, PC (0x4010eb=>0x4010ee).(0=>1) opclass:1 [sn:38].
 342500: system.cpu.iew.lsq.thread0: Inserting load PC (0x4010ee=>0x4010f5).(0=>1), idx:1 [sn:39]
 342500: system.cpu.iq: Adding instruction [sn:39] PC (0x4010ee=>0x4010f5).(0=>1) to the IQ.
 342500: system.cpu.iq: Instruction PC (0x4010ee=>0x4010f5).(0=>1) has src reg 72 (IntRegClass) that is being added to the dependency chain.
 342500: system.cpu.memDep0: Insert instruction PC (0x4010ee=>0x4010f5).(0=>1) [sn:39] to memDep Hash
 342500: system.cpu.memDep0: No dependency for inst PC (0x4010ee=>0x4010f5).(0=>1) [sn:39].
 342500: system.cpu.iq: Adding instruction [sn:40] PC (0x4010f5=>0x4010fc).(0=>1) to the IQ.
 342500: system.cpu.iq: (addIfReady, regular) Instruction is ready to issue, putting it onto the ready list, PC (0x4010f5=>0x4010fc).(0=>1) opclass:1 [sn:40].
 342500: system.cpu.iq: Adding instruction [sn:41] PC (0x4010f5=>0x4010fc).(1=>2) to the IQ.
 342500: system.cpu.iq: Instruction PC (0x4010f5=>0x4010fc).(1=>2) has src reg 73 (IntRegClass) that is being added to the dependency chain.
 342500: system.cpu.iq: Instruction PC (0x4010f5=>0x4010fc).(1=>2) has src reg 74 (IntRegClass) that is being added to the dependency chain.
 342500: system.cpu.iew.lsq.thread0: Inserting load PC (0x4010fc=>0x401100).(0=>1), idx:2 [sn:42]
 342500: system.cpu.iq: Adding instruction [sn:42] PC (0x4010fc=>0x401100).(0=>1) to the IQ.
 342500: system.cpu.iq: Instruction PC (0x4010fc=>0x401100).(0=>1) has src reg 75 (IntRegClass) that is being added to the dependency chain.
 342500: system.cpu.iq: Instruction PC (0x4010fc=>0x401100).(0=>1) has src reg 72 (IntRegClass) that is being added to the dependency chain.
 342500: system.cpu.memDep0: Insert instruction PC (0x4010fc=>0x401100).(0=>1) [sn:42] to memDep Hash
 342500: system.cpu.memDep0: No dependency for inst PC (0x4010fc=>0x401100).(0=>1) [sn:42].
 342500: system.cpu.iq: Attempting to schedule ready instructions from the IQ.
 342500: system.cpu.iq: Thread 0: Issuing instruction PC (0x4010da=>0x4010e1).(0=>1) [sn:35]
 342500: system.cpu.iq: Thread 0: Issuing instruction PC (0x4010e1=>0x4010e8).(0=>1) [sn:36]
 342500: system.cpu.iq: Thread 0: Issuing instruction PC (0x4010e8=>0x4010eb).(0=>1) [sn:37]
 342500: system.cpu.iq: Thread 0: Issuing instruction PC (0x4010eb=>0x4010ee).(0=>1) [sn:38]
 342500: system.cpu.iq: Thread 0: Issuing instruction PC (0x4010f5=>0x4010fc).(0=>1) [sn:40]
 342500: system.cpu.commit: DefaultCommimt<Impl>::tick() begins
 342500: system.cpu.commit: Getting instructions from Rename stage.
 342500: system.cpu.commit: Trying to commit instructions in the ROB.
 342500: system.cpu.commit: [tid:0]: Can't commit, Instruction [sn:35] PC (0x4010da=>0x4010e1).(0=>1) is head of ROB and not ready
 342500: system.cpu.commit: [tid:0]: ROB has 8 insts & 184 free entries.
 343000: system.cpu.fetch: Running stage.
 343000: system.cpu.fetch: There are no more threads available to fetch from.
 343000: system.cpu.fetch: [tid:0]: Fetch is waiting cache response!
 343000: system.cpu.fetch: [tid:0][sn:51]: Sending instruction to decode from fetch queue. Fetch queue size: 13.
 343000: system.cpu.fetch: [tid:0][sn:52]: Sending instruction to decode from fetch queue. Fetch queue size: 12.
 343000: system.cpu.fetch: [tid:0][sn:53]: Sending instruction to decode from fetch queue. Fetch queue size: 11.
 343000: system.cpu.fetch: [tid:0][sn:54]: Sending instruction to decode from fetch queue. Fetch queue size: 10.
 343000: system.cpu.fetch: [tid:0][sn:55]: Sending instruction to decode from fetch queue. Fetch queue size: 9.
 343000: system.cpu.fetch: [tid:0][sn:56]: Sending instruction to decode from fetch queue. Fetch queue size: 8.
 343000: system.cpu.fetch: [tid:0][sn:57]: Sending instruction to decode from fetch queue. Fetch queue size: 7.
 343000: system.cpu.fetch: [tid:0][sn:58]: Sending instruction to decode from fetch queue. Fetch queue size: 6.
 343000: system.cpu.iq: Waking dependents of completed instruction [sn:35].
 343000: system.cpu.iq: Waking any dependents on register 70 (IntRegClass).
 343000: system.cpu.iq: Waking dependents of completed instruction [sn:36].
 343000: system.cpu.iq: Waking any dependents on register 71 (IntRegClass).
 343000: system.cpu.iq: Waking dependents of completed instruction [sn:37].
 343000: system.cpu.iq: Waking dependents of completed instruction [sn:38].
 343000: system.cpu.iq: Waking any dependents on register 72 (IntRegClass).
 343000: system.cpu.iq: Waking up a dependent instruction, [sn:42] PC (0x4010fc=>0x401100).(0=>1).
 343000: global: [sn:42] has 2 ready out of 3 sources. RTI 0)
 343000: system.cpu.iq: Waking up a dependent instruction, [sn:39] PC (0x4010ee=>0x4010f5).(0=>1).
 343000: global: [sn:39] has 3 ready out of 3 sources. RTI 0)
 343000: system.cpu.iq: (regular) Checking if memory instruction [sn:39] can issue.
 343000: system.cpu.memDep0: Marking registers as ready for instruction PC (0x4010ee=>0x4010f5).(0=>1) [sn:39].
 343000: system.cpu.memDep0: Instruction has its memory dependencies resolved, adding it to the ready list.
 343000: system.cpu.memDep0: Adding instruction [sn:39] to the ready list.
 343000: system.cpu.iq: (addReadyMemInst) Instruction is ready to issue, putting it onto the ready list, PC (0x4010ee=>0x4010f5).(0=>1) opclass:32 [sn:39].
 343000: system.cpu.iq: Waking dependents of completed instruction [sn:40].
 343000: system.cpu.iq: Waking any dependents on register 74 (IntRegClass).
 343000: system.cpu.iq: Waking up a dependent instruction, [sn:41] PC (0x4010f5=>0x4010fc).(1=>2).
 343000: global: [sn:41] has 1 ready out of 2 sources. RTI 0)
 343000: system.cpu.iq: Attempting to schedule ready instructions from the IQ.
 343000: system.cpu.iq: Thread 0: Issuing instruction PC (0x4010ee=>0x4010f5).(0=>1) [sn:39]
 343000: system.cpu.memDep0: Issuing instruction PC 0x4010ee [sn:39].
 343000: system.cpu.iew.lsq.thread0: LQ size: 33, #loads occupied: 2
 343000: system.cpu.iew.lsq.thread0: SQ size: 33, #stores occupied: 0
 343000: system.cpu.commit: DefaultCommimt<Impl>::tick() begins
 343000: system.cpu.commit: Getting instructions from Rename stage.
 343000: system.cpu.commit: Trying to commit instructions in the ROB.
 343000: system.cpu.commit: [tid:0]: Can't commit, Instruction [sn:35] PC (0x4010da=>0x4010e1).(0=>1) is head of ROB and not ready
 343000: system.cpu.commit: [tid:0]: ROB has 8 insts & 184 free entries.
 343500: system.cpu.fetch: Running stage.
 343500: system.cpu.fetch: There are no more threads available to fetch from.
 343500: system.cpu.fetch: [tid:0]: Fetch is waiting cache response!
 343500: system.cpu.fetch: [tid:0][sn:59]: Sending instruction to decode from fetch queue. Fetch queue size: 5.
 343500: system.cpu.fetch: [tid:0][sn:60]: Sending instruction to decode from fetch queue. Fetch queue size: 4.
 343500: system.cpu.fetch: [tid:0][sn:61]: Sending instruction to decode from fetch queue. Fetch queue size: 3.
 343500: system.cpu.fetch: [tid:0][sn:62]: Sending instruction to decode from fetch queue. Fetch queue size: 2.
 343500: system.cpu.fetch: [tid:0][sn:63]: Sending instruction to decode from fetch queue. Fetch queue size: 1.
 343500: global: [sn:45] has 1 ready out of 3 sources. RTI 0)
 343500: global: [sn:45] has 2 ready out of 3 sources. RTI 0)
 343500: global: [sn:48] has 1 ready out of 3 sources. RTI 0)
 343500: global: [sn:48] has 2 ready out of 3 sources. RTI 0)
 343500: system.cpu.iew.lsq.thread0: Executing load PC (0x4010ee=>0x4010f5).(0=>1), [sn:39]
 343500: system.cpu.dtb: Translating vaddr 0x8504000.
 343500: system.cpu.dtb: In protected mode.
 343500: system.cpu.dtb: Paging enabled.
 343500: system.cpu.dtb: Handling a TLB miss for address 0x8504000 at pc 0x4010da.
 343500: system.cpu.dtb: Mapping 0x8504000 to 0x3000
 343500: system.cpu.dtb: Miss was serviced.
 343500: system.cpu.dtb: Entry found with paddr 0x3000, doing protection checks.
 343500: system.cpu.dtb: Translated 0x8504000 -> 0x3000.
 343500: system.cpu.iew.lsq.thread0: Read called, load idx: 1, store idx: -1, storeHead: 1 addr: 0x3000
 343500: system.cpu.iew.lsq.thread0: Doing memory access (normal load) for inst [sn:39] PC (0x4010ee=>0x4010f5).(0=>1)
 343500: system.cpu.iew.lsq.thread0: Attempting load request - PC 0x4010ee, SQ: [sn:39], Paddr 0x3000, Vaddr 0x8504000
 343500: system.cpu.iew.lsq.thread0: successfully sent out packet(s) for inst [sn:39]
 343500: system.cpu.iew.lsq.thread0: Successfully sent out load request - PC 0x4010ee, SQ: [sn:39], Paddr 0x3000, Vaddr 0x8504000, block addr 0x3000
 343500: system.cpu.iq: Attempting to schedule ready instructions from the IQ.
 343500: system.cpu.iq: Not able to schedule any instructions.
 343500: system.cpu.iew.lsq.thread0: LQ size: 33, #loads occupied: 2
 343500: system.cpu.iew.lsq.thread0: SQ size: 33, #stores occupied: 0
 343500: system.cpu.commit: DefaultCommimt<Impl>::tick() begins
 343500: system.cpu.commit: Getting instructions from Rename stage.
 343500: system.cpu.commit: Trying to commit instructions in the ROB.
 343500: system.cpu.commit: get the inst [num:0]
 343500: system.cpu.commit: [tid:0]: Marking PC (0x4010da=>0x4010e1).(0=>1), [sn:35] ready within ROB.
 343500: system.cpu.commit: get the inst [num:1]
 343500: system.cpu.commit: [tid:0]: Marking PC (0x4010e1=>0x4010e8).(0=>1), [sn:36] ready within ROB.
 343500: system.cpu.commit: get the inst [num:2]
 343500: system.cpu.commit: [tid:0]: Marking PC (0x4010e8=>0x4010eb).(0=>1), [sn:37] ready within ROB.
 343500: system.cpu.commit: get the inst [num:3]
 343500: system.cpu.commit: [tid:0]: Marking PC (0x4010eb=>0x4010ee).(0=>1), [sn:38] ready within ROB.
 343500: system.cpu.commit: get the inst [num:4]
 343500: system.cpu.commit: [tid:0]: Marking PC (0x4010f5=>0x4010fc).(0=>1), [sn:40] ready within ROB.
 343500: system.cpu.commit: [tid:0]: Instruction [sn:35] PC (0x4010da=>0x4010e1).(0=>1) is head of ROB and ready to commit
 343500: system.cpu.commit: [tid:0]: ROB has 8 insts & 184 free entries.
 344000: system.cpu.fetch: Running stage.
 344000: system.cpu.fetch: There are no more threads available to fetch from.
 344000: system.cpu.fetch: [tid:0]: Fetch is waiting cache response!
 344000: global: [sn:51] has 1 ready out of 3 sources. RTI 0)
 344000: global: [sn:51] has 2 ready out of 3 sources. RTI 0)
 344000: global: [sn:56] has 1 ready out of 1 sources. RTI 0)
 344000: global: [sn:58] has 1 ready out of 8 sources. RTI 0)
 344000: global: [sn:58] has 2 ready out of 8 sources. RTI 0)
 344000: global: [sn:58] has 3 ready out of 8 sources. RTI 0)
 344000: global: [sn:58] has 4 ready out of 8 sources. RTI 0)
 344000: system.cpu.iq: Attempting to schedule ready instructions from the IQ.
 344000: system.cpu.iq: Not able to schedule any instructions.
 344000: system.cpu.commit: DefaultCommimt<Impl>::tick() begins
 344000: system.cpu.commit: Getting instructions from Rename stage.
 344000: system.cpu.commit: Inserting PC (0x401100=>0x401107).(0=>1) [sn:43] [tid:0] into ROB.
 344000: system.cpu.rob: Adding inst PC (0x401100=>0x401107).(0=>1) to the ROB.
 344000: system.cpu.rob: [tid:0] Now has 9 instructions.
 344000: system.cpu.commit: Inserting PC (0x401100=>0x401107).(1=>2) [sn:44] [tid:0] into ROB.
 344000: system.cpu.rob: Adding inst PC (0x401100=>0x401107).(1=>2) to the ROB.
 344000: system.cpu.rob: [tid:0] Now has 10 instructions.
 344000: system.cpu.commit: Inserting PC (0x401107=>0x40110b).(0=>1) [sn:45] [tid:0] into ROB.
 344000: system.cpu.rob: Adding inst PC (0x401107=>0x40110b).(0=>1) to the ROB.
 344000: system.cpu.rob: [tid:0] Now has 11 instructions.
 344000: system.cpu.commit: Inserting PC (0x40110b=>0x401112).(0=>1) [sn:46] [tid:0] into ROB.
 344000: system.cpu.rob: Adding inst PC (0x40110b=>0x401112).(0=>1) to the ROB.
 344000: system.cpu.rob: [tid:0] Now has 12 instructions.
 344000: system.cpu.commit: Inserting PC (0x40110b=>0x401112).(1=>2) [sn:47] [tid:0] into ROB.
 344000: system.cpu.rob: Adding inst PC (0x40110b=>0x401112).(1=>2) to the ROB.
 344000: system.cpu.rob: [tid:0] Now has 13 instructions.
 344000: system.cpu.commit: Inserting PC (0x401112=>0x401116).(0=>1) [sn:48] [tid:0] into ROB.
 344000: system.cpu.rob: Adding inst PC (0x401112=>0x401116).(0=>1) to the ROB.
 344000: system.cpu.rob: [tid:0] Now has 14 instructions.
 344000: system.cpu.commit: Inserting PC (0x401116=>0x40111d).(0=>1) [sn:49] [tid:0] into ROB.
 344000: system.cpu.rob: Adding inst PC (0x401116=>0x40111d).(0=>1) to the ROB.
 344000: system.cpu.rob: [tid:0] Now has 15 instructions.
 344000: system.cpu.commit: Inserting PC (0x401116=>0x40111d).(1=>2) [sn:50] [tid:0] into ROB.
 344000: system.cpu.rob: Adding inst PC (0x401116=>0x40111d).(1=>2) to the ROB.
 344000: system.cpu.rob: [tid:0] Now has 16 instructions.
 344000: system.cpu.commit: Trying to commit instructions in the ROB.
 344000: system.cpu.commit: Trying to commit head instruction, [sn:35] [tid:0]
 344000: system.cpu.commit: Committing instruction with [sn:35] PC (0x4010da=>0x4010e1).(0=>1)
 344000: system.cpu.rob: [tid:0]: Retiring head instruction, instruction PC (0x4010da=>0x4010e1).(0=>1), [sn:35]
 344000: system.cpu.commit: Trying to commit head instruction, [sn:36] [tid:0]
 344000: system.cpu.commit: Committing instruction with [sn:36] PC (0x4010e1=>0x4010e8).(0=>1)
 344000: system.cpu.rob: [tid:0]: Retiring head instruction, instruction PC (0x4010e1=>0x4010e8).(0=>1), [sn:36]
 344000: system.cpu.commit: Trying to commit head instruction, [sn:37] [tid:0]
 344000: system.cpu.commit: Committing instruction with [sn:37] PC (0x4010e8=>0x4010eb).(0=>1)
 344000: system.cpu.rob: [tid:0]: Retiring head instruction, instruction PC (0x4010e8=>0x4010eb).(0=>1), [sn:37]
 344000: system.cpu.commit: Trying to commit head instruction, [sn:38] [tid:0]
 344000: system.cpu.commit: Committing instruction with [sn:38] PC (0x4010eb=>0x4010ee).(0=>1)
 344000: system.cpu.rob: [tid:0]: Retiring head instruction, instruction PC (0x4010eb=>0x4010ee).(0=>1), [sn:38]
 344000: system.cpu.commit: [tid:0]: Can't commit, Instruction [sn:39] PC (0x4010ee=>0x4010f5).(0=>1) is head of ROB and not ready
 344000: system.cpu.commit: [tid:0]: ROB has 12 insts & 180 free entries.
 344500: system.cpu.branchPred: [tid:0]: Committing branches until [sn:38].
 344500: system.cpu.fetch: Running stage.
 344500: system.cpu.fetch: There are no more threads available to fetch from.
 344500: system.cpu.fetch: [tid:0]: Fetch is waiting cache response!
 344500: global: [sn:59] has 1 ready out of 3 sources. RTI 0)
 344500: global: [sn:59] has 2 ready out of 3 sources. RTI 0)
 344500: global: [sn:59] has 3 ready out of 3 sources. RTI 0)
 344500: global: [sn:63] has 1 ready out of 3 sources. RTI 0)
 344500: global: [sn:63] has 2 ready out of 3 sources. RTI 0)
 344500: system.cpu.iq: Adding instruction [sn:43] PC (0x401100=>0x401107).(0=>1) to the IQ.
 344500: system.cpu.iq: (addIfReady, regular) Instruction is ready to issue, putting it onto the ready list, PC (0x401100=>0x401107).(0=>1) opclass:1 [sn:43].
 344500: system.cpu.iq: Adding instruction [sn:44] PC (0x401100=>0x401107).(1=>2) to the IQ.
 344500: system.cpu.iq: Instruction PC (0x401100=>0x401107).(1=>2) has src reg 76 (IntRegClass) that is being added to the dependency chain.
 344500: system.cpu.iq: Instruction PC (0x401100=>0x401107).(1=>2) has src reg 77 (IntRegClass) that is being added to the dependency chain.
 344500: system.cpu.iew.lsq.thread0: Inserting load PC (0x401107=>0x40110b).(0=>1), idx:3 [sn:45]
 344500: system.cpu.iq: Adding instruction [sn:45] PC (0x401107=>0x40110b).(0=>1) to the IQ.
 344500: system.cpu.iq: Instruction PC (0x401107=>0x40110b).(0=>1) has src reg 78 (IntRegClass) that is being added to the dependency chain.
 344500: system.cpu.memDep0: Insert instruction PC (0x401107=>0x40110b).(0=>1) [sn:45] to memDep Hash
 344500: system.cpu.memDep0: No dependency for inst PC (0x401107=>0x40110b).(0=>1) [sn:45].
 344500: system.cpu.iq: Adding instruction [sn:46] PC (0x40110b=>0x401112).(0=>1) to the IQ.
 344500: system.cpu.iq: (addIfReady, regular) Instruction is ready to issue, putting it onto the ready list, PC (0x40110b=>0x401112).(0=>1) opclass:1 [sn:46].
 344500: system.cpu.iq: Adding instruction [sn:47] PC (0x40110b=>0x401112).(1=>2) to the IQ.
 344500: system.cpu.iq: Instruction PC (0x40110b=>0x401112).(1=>2) has src reg 79 (IntRegClass) that is being added to the dependency chain.
 344500: system.cpu.iq: Instruction PC (0x40110b=>0x401112).(1=>2) has src reg 80 (IntRegClass) that is being added to the dependency chain.
 344500: system.cpu.iew.lsq.thread0: Inserting load PC (0x401112=>0x401116).(0=>1), idx:4 [sn:48]
 344500: system.cpu.iq: Adding instruction [sn:48] PC (0x401112=>0x401116).(0=>1) to the IQ.
 344500: system.cpu.iq: Instruction PC (0x401112=>0x401116).(0=>1) has src reg 81 (IntRegClass) that is being added to the dependency chain.
 344500: system.cpu.memDep0: Insert instruction PC (0x401112=>0x401116).(0=>1) [sn:48] to memDep Hash
 344500: system.cpu.memDep0: No dependency for inst PC (0x401112=>0x401116).(0=>1) [sn:48].
 344500: system.cpu.iq: Adding instruction [sn:49] PC (0x401116=>0x40111d).(0=>1) to the IQ.
 344500: system.cpu.iq: (addIfReady, regular) Instruction is ready to issue, putting it onto the ready list, PC (0x401116=>0x40111d).(0=>1) opclass:1 [sn:49].
 344500: system.cpu.iq: Adding instruction [sn:50] PC (0x401116=>0x40111d).(1=>2) to the IQ.
 344500: system.cpu.iq: Instruction PC (0x401116=>0x40111d).(1=>2) has src reg 82 (IntRegClass) that is being added to the dependency chain.
 344500: system.cpu.iq: Instruction PC (0x401116=>0x40111d).(1=>2) has src reg 83 (IntRegClass) that is being added to the dependency chain.
 344500: system.cpu.iq: Attempting to schedule ready instructions from the IQ.
 344500: system.cpu.iq: Thread 0: Issuing instruction PC (0x401100=>0x401107).(0=>1) [sn:43]
 344500: system.cpu.iq: Thread 0: Issuing instruction PC (0x40110b=>0x401112).(0=>1) [sn:46]
 344500: system.cpu.iq: Thread 0: Issuing instruction PC (0x401116=>0x40111d).(0=>1) [sn:49]
 344500: system.cpu.iq: [tid:0]: Committing instructions older than [sn:38]
 344500: system.cpu.commit: DefaultCommimt<Impl>::tick() begins
 344500: system.cpu.commit: Getting instructions from Rename stage.
 344500: system.cpu.commit: Inserting PC (0x40111d=>0x401121).(0=>1) [sn:51] [tid:0] into ROB.
 344500: system.cpu.rob: Adding inst PC (0x40111d=>0x401121).(0=>1) to the ROB.
 344500: system.cpu.rob: [tid:0] Now has 13 instructions.
 344500: system.cpu.commit: Inserting PC (0x401121=>0x401125).(0=>1) [sn:52] [tid:0] into ROB.
 344500: system.cpu.rob: Adding inst PC (0x401121=>0x401125).(0=>1) to the ROB.
 344500: system.cpu.rob: [tid:0] Now has 14 instructions.
 344500: system.cpu.commit: Inserting PC (0x401121=>0x401125).(1=>2) [sn:53] [tid:0] into ROB.
 344500: system.cpu.rob: Adding inst PC (0x401121=>0x401125).(1=>2) to the ROB.
 344500: system.cpu.rob: [tid:0] Now has 15 instructions.
 344500: system.cpu.commit: Inserting PC (0x401125=>0x401129).(0=>1) [sn:54] [tid:0] into ROB.
 344500: system.cpu.rob: Adding inst PC (0x401125=>0x401129).(0=>1) to the ROB.
 344500: system.cpu.rob: [tid:0] Now has 16 instructions.
 344500: system.cpu.commit: Inserting PC (0x401125=>0x401129).(1=>2) [sn:55] [tid:0] into ROB.
 344500: system.cpu.rob: Adding inst PC (0x401125=>0x401129).(1=>2) to the ROB.
 344500: system.cpu.rob: [tid:0] Now has 17 instructions.
 344500: system.cpu.commit: Inserting PC (0x401129=>0x40112b).(0=>1) [sn:56] [tid:0] into ROB.
 344500: system.cpu.rob: Adding inst PC (0x401129=>0x40112b).(0=>1) to the ROB.
 344500: system.cpu.rob: [tid:0] Now has 18 instructions.
 344500: system.cpu.commit: Inserting PC (0x401129=>0x40112b).(1=>2) [sn:57] [tid:0] into ROB.
 344500: system.cpu.rob: Adding inst PC (0x401129=>0x40112b).(1=>2) to the ROB.
 344500: system.cpu.rob: [tid:0] Now has 19 instructions.
 344500: system.cpu.commit: Inserting PC (0x401129=>0x40112b).(2=>3) [sn:58] [tid:0] into ROB.
 344500: system.cpu.rob: Adding inst PC (0x401129=>0x40112b).(2=>3) to the ROB.
 344500: system.cpu.rob: [tid:0] Now has 20 instructions.
 344500: system.cpu.commit: Trying to commit instructions in the ROB.
 344500: system.cpu.commit: [tid:0]: Can't commit, Instruction [sn:39] PC (0x4010ee=>0x4010f5).(0=>1) is head of ROB and not ready
 344500: system.cpu.commit: [tid:0]: ROB has 20 insts & 172 free entries.
 345000: system.cpu.fetch: Running stage.
 345000: system.cpu.fetch: There are no more threads available to fetch from.
 345000: system.cpu.fetch: [tid:0]: Fetch is waiting cache response!
 345000: system.cpu.iew.lsq.thread0: Inserting load PC (0x40111d=>0x401121).(0=>1), idx:5 [sn:51]
 345000: system.cpu.iq: Adding instruction [sn:51] PC (0x40111d=>0x401121).(0=>1) to the IQ.
 345000: system.cpu.iq: Instruction PC (0x40111d=>0x401121).(0=>1) has src reg 84 (IntRegClass) that is being added to the dependency chain.
 345000: system.cpu.memDep0: Insert instruction PC (0x40111d=>0x401121).(0=>1) [sn:51] to memDep Hash
 345000: system.cpu.memDep0: No dependency for inst PC (0x40111d=>0x401121).(0=>1) [sn:51].
 345000: system.cpu.iq: Adding instruction [sn:52] PC (0x401121=>0x401125).(0=>1) to the IQ.
 345000: system.cpu.iq: (addIfReady, regular) Instruction is ready to issue, putting it onto the ready list, PC (0x401121=>0x401125).(0=>1) opclass:1 [sn:52].
 345000: system.cpu.iq: Adding instruction [sn:53] PC (0x401121=>0x401125).(1=>2) to the IQ.
 345000: system.cpu.iq: Instruction PC (0x401121=>0x401125).(1=>2) has src reg 85 (IntRegClass) that is being added to the dependency chain.
 345000: system.cpu.iq: Instruction PC (0x401121=>0x401125).(1=>2) has src reg 86 (IntRegClass) that is being added to the dependency chain.
 345000: system.cpu.iq: Adding instruction [sn:54] PC (0x401125=>0x401129).(0=>1) to the IQ.
 345000: system.cpu.iq: (addIfReady, regular) Instruction is ready to issue, putting it onto the ready list, PC (0x401125=>0x401129).(0=>1) opclass:1 [sn:54].
 345000: system.cpu.iq: Adding instruction [sn:55] PC (0x401125=>0x401129).(1=>2) to the IQ.
 345000: system.cpu.iq: Instruction PC (0x401125=>0x401129).(1=>2) has src reg 87 (IntRegClass) that is being added to the dependency chain.
 345000: system.cpu.iq: Instruction PC (0x401125=>0x401129).(1=>2) has src reg 88 (IntRegClass) that is being added to the dependency chain.
 345000: system.cpu.iq: Adding instruction [sn:56] PC (0x401129=>0x40112b).(0=>1) to the IQ.
 345000: system.cpu.iq: (addIfReady, regular) Instruction is ready to issue, putting it onto the ready list, PC (0x401129=>0x40112b).(0=>1) opclass:1 [sn:56].
 345000: system.cpu.iq: Adding instruction [sn:57] PC (0x401129=>0x40112b).(1=>2) to the IQ.
 345000: system.cpu.iq: (addIfReady, regular) Instruction is ready to issue, putting it onto the ready list, PC (0x401129=>0x40112b).(1=>2) opclass:1 [sn:57].
 345000: system.cpu.iq: Adding instruction [sn:58] PC (0x401129=>0x40112b).(2=>3) to the IQ.
 345000: system.cpu.iq: Instruction PC (0x401129=>0x40112b).(2=>3) has src reg 89 (IntRegClass) that is being added to the dependency chain.
 345000: system.cpu.iq: Instruction PC (0x401129=>0x40112b).(2=>3) has src reg 90 (IntRegClass) that is being added to the dependency chain.
 345000: system.cpu.iq: Instruction PC (0x401129=>0x40112b).(2=>3) has src reg 32 (CCRegClass) that is being added to the dependency chain.
 345000: system.cpu.iq: Instruction PC (0x401129=>0x40112b).(2=>3) has src reg 33 (CCRegClass) that is being added to the dependency chain.
 345000: system.cpu.iq: Waking dependents of completed instruction [sn:43].
 345000: system.cpu.iq: Waking any dependents on register 77 (IntRegClass).
 345000: system.cpu.iq: Waking up a dependent instruction, [sn:44] PC (0x401100=>0x401107).(1=>2).
 345000: global: [sn:44] has 1 ready out of 2 sources. RTI 0)
 345000: system.cpu.iq: Waking dependents of completed instruction [sn:46].
 345000: system.cpu.iq: Waking any dependents on register 80 (IntRegClass).
 345000: system.cpu.iq: Waking up a dependent instruction, [sn:47] PC (0x40110b=>0x401112).(1=>2).
 345000: global: [sn:47] has 1 ready out of 2 sources. RTI 0)
 345000: system.cpu.iq: Waking dependents of completed instruction [sn:49].
 345000: system.cpu.iq: Waking any dependents on register 83 (IntRegClass).
 345000: system.cpu.iq: Waking up a dependent instruction, [sn:50] PC (0x401116=>0x40111d).(1=>2).
 345000: global: [sn:50] has 1 ready out of 2 sources. RTI 0)
 345000: system.cpu.iq: Attempting to schedule ready instructions from the IQ.
 345000: system.cpu.iq: Thread 0: Issuing instruction PC (0x401121=>0x401125).(0=>1) [sn:52]
 345000: system.cpu.iq: Thread 0: Issuing instruction PC (0x401125=>0x401129).(0=>1) [sn:54]
 345000: system.cpu.iq: Thread 0: Issuing instruction PC (0x401129=>0x40112b).(0=>1) [sn:56]
 345000: system.cpu.iq: Thread 0: Issuing instruction PC (0x401129=>0x40112b).(1=>2) [sn:57]
 345000: system.cpu.iew.lsq.thread0: LQ size: 33, #loads occupied: 5
 345000: system.cpu.iew.lsq.thread0: SQ size: 33, #stores occupied: 0
 345000: system.cpu.commit: DefaultCommimt<Impl>::tick() begins
 345000: system.cpu.commit: Getting instructions from Rename stage.
 345000: system.cpu.commit: Inserting PC (0x40112b=>0x401132).(0=>1) [sn:59] [tid:0] into ROB.
 345000: system.cpu.rob: Adding inst PC (0x40112b=>0x401132).(0=>1) to the ROB.
 345000: system.cpu.rob: [tid:0] Now has 21 instructions.
 345000: system.cpu.commit: Inserting PC (0x401132=>0x401136).(0=>1) [sn:60] [tid:0] into ROB.
 345000: system.cpu.rob: Adding inst PC (0x401132=>0x401136).(0=>1) to the ROB.
 345000: system.cpu.rob: [tid:0] Now has 22 instructions.
 345000: system.cpu.commit: Inserting PC (0x401136=>0x40113c).(0=>1) [sn:61] [tid:0] into ROB.
 345000: system.cpu.rob: Adding inst PC (0x401136=>0x40113c).(0=>1) to the ROB.
 345000: system.cpu.rob: [tid:0] Now has 23 instructions.
 345000: system.cpu.commit: Inserting PC (0x401136=>0x40113c).(1=>2) [sn:62] [tid:0] into ROB.
 345000: system.cpu.rob: Adding inst PC (0x401136=>0x40113c).(1=>2) to the ROB.
 345000: system.cpu.rob: [tid:0] Now has 24 instructions.
 345000: system.cpu.commit: Inserting PC (0x40113c=>0x401140).(0=>1) [sn:63] [tid:0] into ROB.
 345000: system.cpu.rob: Adding inst PC (0x40113c=>0x401140).(0=>1) to the ROB.
 345000: system.cpu.rob: [tid:0] Now has 25 instructions.
 345000: system.cpu.commit: Trying to commit instructions in the ROB.
 345000: system.cpu.commit: [tid:0]: Can't commit, Instruction [sn:39] PC (0x4010ee=>0x4010f5).(0=>1) is head of ROB and not ready
 345000: system.cpu.commit: [tid:0]: ROB has 25 insts & 167 free entries.
 345500: system.cpu.fetch: Running stage.
 345500: system.cpu.fetch: There are no more threads available to fetch from.
 345500: system.cpu.fetch: [tid:0]: Fetch is waiting cache response!
 345500: system.cpu.iew.lsq.thread0: Inserting load PC (0x40112b=>0x401132).(0=>1), idx:6 [sn:59]
 345500: system.cpu.iq: Adding instruction [sn:59] PC (0x40112b=>0x401132).(0=>1) to the IQ.
 345500: system.cpu.memDep0: Insert instruction PC (0x40112b=>0x401132).(0=>1) [sn:59] to memDep Hash
 345500: system.cpu.memDep0: No dependency for inst PC (0x40112b=>0x401132).(0=>1) [sn:59].
 345500: system.cpu.memDep0: Adding instruction [sn:59] to the ready list.
 345500: system.cpu.iq: (addReadyMemInst) Instruction is ready to issue, putting it onto the ready list, PC (0x40112b=>0x401132).(0=>1) opclass:32 [sn:59].
 345500: system.cpu.iq: Adding instruction [sn:60] PC (0x401132=>0x401136).(0=>1) to the IQ.
 345500: system.cpu.iq: Instruction PC (0x401132=>0x401136).(0=>1) has src reg 91 (IntRegClass) that is being added to the dependency chain.
 345500: system.cpu.iq: Instruction PC (0x401132=>0x401136).(0=>1) has src reg 91 (IntRegClass) that is being added to the dependency chain.
 345500: system.cpu.iq: Adding instruction [sn:61] PC (0x401136=>0x40113c).(0=>1) to the IQ.
 345500: system.cpu.iq: (addIfReady, regular) Instruction is ready to issue, putting it onto the ready list, PC (0x401136=>0x40113c).(0=>1) opclass:1 [sn:61].
 345500: system.cpu.iq: Adding instruction [sn:62] PC (0x401136=>0x40113c).(1=>2) to the IQ.
 345500: system.cpu.iq: Instruction PC (0x401136=>0x40113c).(1=>2) has src reg 92 (IntRegClass) that is being added to the dependency chain.
 345500: system.cpu.iq: Instruction PC (0x401136=>0x40113c).(1=>2) has src reg 93 (IntRegClass) that is being added to the dependency chain.
 345500: system.cpu.iew.lsq.thread0: Inserting load PC (0x40113c=>0x401140).(0=>1), idx:7 [sn:63]
 345500: system.cpu.iq: Adding instruction [sn:63] PC (0x40113c=>0x401140).(0=>1) to the IQ.
 345500: system.cpu.iq: Instruction PC (0x40113c=>0x401140).(0=>1) has src reg 94 (IntRegClass) that is being added to the dependency chain.
 345500: system.cpu.memDep0: Insert instruction PC (0x40113c=>0x401140).(0=>1) [sn:63] to memDep Hash
 345500: system.cpu.memDep0: No dependency for inst PC (0x40113c=>0x401140).(0=>1) [sn:63].
 345500: system.cpu.iq: Waking dependents of completed instruction [sn:52].
 345500: system.cpu.iq: Waking any dependents on register 86 (IntRegClass).
 345500: system.cpu.iq: Waking up a dependent instruction, [sn:53] PC (0x401121=>0x401125).(1=>2).
 345500: global: [sn:53] has 1 ready out of 2 sources. RTI 0)
 345500: system.cpu.iq: Waking dependents of completed instruction [sn:54].
 345500: system.cpu.iq: Waking any dependents on register 88 (IntRegClass).
 345500: system.cpu.iq: Waking up a dependent instruction, [sn:55] PC (0x401125=>0x401129).(1=>2).
 345500: global: [sn:55] has 1 ready out of 2 sources. RTI 0)
 345500: system.cpu.iq: Waking dependents of completed instruction [sn:56].
 345500: system.cpu.iq: Waking any dependents on register 89 (IntRegClass).
 345500: system.cpu.iq: Waking up a dependent instruction, [sn:58] PC (0x401129=>0x40112b).(2=>3).
 345500: global: [sn:58] has 5 ready out of 8 sources. RTI 0)
 345500: system.cpu.iq: Waking dependents of completed instruction [sn:57].
 345500: system.cpu.iq: Waking any dependents on register 90 (IntRegClass).
 345500: system.cpu.iq: Waking up a dependent instruction, [sn:58] PC (0x401129=>0x40112b).(2=>3).
 345500: global: [sn:58] has 6 ready out of 8 sources. RTI 0)
 345500: system.cpu.iq: Attempting to schedule ready instructions from the IQ.
 345500: system.cpu.iq: Thread 0: Issuing instruction PC (0x40112b=>0x401132).(0=>1) [sn:59]
 345500: system.cpu.memDep0: Issuing instruction PC 0x40112b [sn:59].
 345500: system.cpu.iq: Thread 0: Issuing instruction PC (0x401136=>0x40113c).(0=>1) [sn:61]
 345500: system.cpu.iew.lsq.thread0: LQ size: 33, #loads occupied: 7
 345500: system.cpu.iew.lsq.thread0: SQ size: 33, #stores occupied: 0
 345500: system.cpu.commit: DefaultCommimt<Impl>::tick() begins
 345500: system.cpu.commit: Getting instructions from Rename stage.
 345500: system.cpu.commit: Trying to commit instructions in the ROB.
 345500: system.cpu.commit: get the inst [num:0]
 345500: system.cpu.commit: [tid:0]: Marking PC (0x401100=>0x401107).(0=>1), [sn:43] ready within ROB.
 345500: system.cpu.commit: get the inst [num:1]
 345500: system.cpu.commit: [tid:0]: Marking PC (0x40110b=>0x401112).(0=>1), [sn:46] ready within ROB.
 345500: system.cpu.commit: get the inst [num:2]
 345500: system.cpu.commit: [tid:0]: Marking PC (0x401116=>0x40111d).(0=>1), [sn:49] ready within ROB.
 345500: system.cpu.commit: [tid:0]: Can't commit, Instruction [sn:39] PC (0x4010ee=>0x4010f5).(0=>1) is head of ROB and not ready
 345500: system.cpu.commit: [tid:0]: ROB has 25 insts & 167 free entries.
 346000: system.cpu.fetch: Running stage.
 346000: system.cpu.fetch: There are no more threads available to fetch from.
 346000: system.cpu.fetch: [tid:0]: Fetch is waiting cache response!
 346000: system.cpu.iew.lsq.thread0: Executing load PC (0x40112b=>0x401132).(0=>1), [sn:59]
 346000: system.cpu.dtb: Translating vaddr 0x8504462.
 346000: system.cpu.dtb: In protected mode.
 346000: system.cpu.dtb: Paging enabled.
 346000: system.cpu.dtb: Entry found with paddr 0x3000, doing protection checks.
 346000: system.cpu.dtb: Translated 0x8504462 -> 0x3462.
 346000: system.cpu.iew.lsq.thread0: Read called, load idx: 6, store idx: -1, storeHead: 1 addr: 0x3462
 346000: system.cpu.iew.lsq.thread0: Doing memory access (normal load) for inst [sn:59] PC (0x40112b=>0x401132).(0=>1)
 346000: system.cpu.iew.lsq.thread0: Attempting load request - PC 0x40112b, SQ: [sn:59], Paddr 0x3462, Vaddr 0x8504462
 346000: system.cpu.iew.lsq.thread0: successfully sent out packet(s) for inst [sn:59]
 346000: system.cpu.iew.lsq.thread0: Successfully sent out load request - PC 0x40112b, SQ: [sn:59], Paddr 0x3462, Vaddr 0x8504462, block addr 0x3440
 346000: system.cpu.iq: Waking dependents of completed instruction [sn:61].
 346000: system.cpu.iq: Waking any dependents on register 93 (IntRegClass).
 346000: system.cpu.iq: Waking up a dependent instruction, [sn:62] PC (0x401136=>0x40113c).(1=>2).
 346000: global: [sn:62] has 1 ready out of 2 sources. RTI 0)
 346000: system.cpu.iq: Attempting to schedule ready instructions from the IQ.
 346000: system.cpu.iq: Not able to schedule any instructions.
 346000: system.cpu.iew.lsq.thread0: LQ size: 33, #loads occupied: 7
 346000: system.cpu.iew.lsq.thread0: SQ size: 33, #stores occupied: 0
 346000: system.cpu.commit: DefaultCommimt<Impl>::tick() begins
 346000: system.cpu.commit: Getting instructions from Rename stage.
 346000: system.cpu.commit: Trying to commit instructions in the ROB.
 346000: system.cpu.commit: get the inst [num:0]
 346000: system.cpu.commit: [tid:0]: Marking PC (0x401121=>0x401125).(0=>1), [sn:52] ready within ROB.
 346000: system.cpu.commit: get the inst [num:1]
 346000: system.cpu.commit: [tid:0]: Marking PC (0x401125=>0x401129).(0=>1), [sn:54] ready within ROB.
 346000: system.cpu.commit: get the inst [num:2]
 346000: system.cpu.commit: [tid:0]: Marking PC (0x401129=>0x40112b).(0=>1), [sn:56] ready within ROB.
 346000: system.cpu.commit: get the inst [num:3]
 346000: system.cpu.commit: [tid:0]: Marking PC (0x401129=>0x40112b).(1=>2), [sn:57] ready within ROB.
 346000: system.cpu.commit: [tid:0]: Can't commit, Instruction [sn:39] PC (0x4010ee=>0x4010f5).(0=>1) is head of ROB and not ready
 346000: system.cpu.commit: [tid:0]: ROB has 25 insts & 167 free entries.
 346500: system.cpu.fetch: Running stage.
 346500: system.cpu.fetch: There are no more threads available to fetch from.
 346500: system.cpu.fetch: [tid:0]: Fetch is waiting cache response!
 346500: system.cpu.iq: Attempting to schedule ready instructions from the IQ.
 346500: system.cpu.iq: Not able to schedule any instructions.
 346500: system.cpu.commit: DefaultCommimt<Impl>::tick() begins
 346500: system.cpu.commit: Getting instructions from Rename stage.
 346500: system.cpu.commit: Trying to commit instructions in the ROB.
 346500: system.cpu.commit: get the inst [num:0]
 346500: system.cpu.commit: [tid:0]: Marking PC (0x401136=>0x40113c).(0=>1), [sn:61] ready within ROB.
 346500: system.cpu.commit: [tid:0]: Can't commit, Instruction [sn:39] PC (0x4010ee=>0x4010f5).(0=>1) is head of ROB and not ready
 346500: system.cpu.commit: [tid:0]: ROB has 25 insts & 167 free entries.
 347000: system.cpu.fetch: Running stage.
 347000: system.cpu.fetch: There are no more threads available to fetch from.
 347000: system.cpu.fetch: [tid:0]: Fetch is waiting cache response!
 347000: system.cpu.iq: Attempting to schedule ready instructions from the IQ.
 347000: system.cpu.iq: Not able to schedule any instructions.
 347000: system.cpu.commit: DefaultCommimt<Impl>::tick() begins
 347000: system.cpu.commit: Getting instructions from Rename stage.
 347000: system.cpu.commit: Trying to commit instructions in the ROB.
 347000: system.cpu.commit: [tid:0]: Can't commit, Instruction [sn:39] PC (0x4010ee=>0x4010f5).(0=>1) is head of ROB and not ready
 347000: system.cpu.commit: [tid:0]: ROB has 25 insts & 167 free entries.
 347500: system.cpu.fetch: Running stage.
 347500: system.cpu.fetch: There are no more threads available to fetch from.
 347500: system.cpu.fetch: [tid:0]: Fetch is waiting cache response!
 347500: system.cpu.iq: Attempting to schedule ready instructions from the IQ.
 347500: system.cpu.iq: Not able to schedule any instructions.
 347500: system.cpu.commit: DefaultCommimt<Impl>::tick() begins
 347500: system.cpu.commit: Getting instructions from Rename stage.
 347500: system.cpu.commit: Trying to commit instructions in the ROB.
 347500: system.cpu.commit: [tid:0]: Can't commit, Instruction [sn:39] PC (0x4010ee=>0x4010f5).(0=>1) is head of ROB and not ready
 347500: system.cpu.commit: [tid:0]: ROB has 25 insts & 167 free entries.
 348000: system.cpu.fetch: Running stage.
 348000: system.cpu.fetch: There are no more threads available to fetch from.
 348000: system.cpu.fetch: [tid:0]: Fetch is waiting cache response!
 348000: system.cpu.iq: Attempting to schedule ready instructions from the IQ.
 348000: system.cpu.iq: Not able to schedule any instructions.
 348000: system.cpu.commit: DefaultCommimt<Impl>::tick() begins
 348000: system.cpu.commit: Getting instructions from Rename stage.
 348000: system.cpu.commit: Trying to commit instructions in the ROB.
 348000: system.cpu.commit: [tid:0]: Can't commit, Instruction [sn:39] PC (0x4010ee=>0x4010f5).(0=>1) is head of ROB and not ready
 348000: system.cpu.commit: [tid:0]: ROB has 25 insts & 167 free entries.
 348500: system.cpu.fetch: Running stage.
 348500: system.cpu.fetch: There are no more threads available to fetch from.
 348500: system.cpu.fetch: [tid:0]: Fetch is waiting cache response!
 348500: system.cpu.iq: Attempting to schedule ready instructions from the IQ.
 348500: system.cpu.iq: Not able to schedule any instructions.
 348500: system.cpu.commit: DefaultCommimt<Impl>::tick() begins
 348500: system.cpu.commit: Getting instructions from Rename stage.
 348500: system.cpu.commit: Trying to commit instructions in the ROB.
 348500: system.cpu.commit: [tid:0]: Can't commit, Instruction [sn:39] PC (0x4010ee=>0x4010f5).(0=>1) is head of ROB and not ready
 348500: system.cpu.commit: [tid:0]: ROB has 25 insts & 167 free entries.
 349000: system.cpu.fetch: Running stage.
 349000: system.cpu.fetch: There are no more threads available to fetch from.
 349000: system.cpu.fetch: [tid:0]: Fetch is waiting cache response!
 349000: system.cpu.iq: Attempting to schedule ready instructions from the IQ.
 349000: system.cpu.iq: Not able to schedule any instructions.
 349000: system.cpu.commit: DefaultCommimt<Impl>::tick() begins
 349000: system.cpu.commit: Getting instructions from Rename stage.
 349000: system.cpu.commit: Trying to commit instructions in the ROB.
 349000: system.cpu.commit: [tid:0]: Can't commit, Instruction [sn:39] PC (0x4010ee=>0x4010f5).(0=>1) is head of ROB and not ready
 349000: system.cpu.commit: [tid:0]: ROB has 25 insts & 167 free entries.
 349500: system.cpu.fetch: Running stage.
 349500: system.cpu.fetch: There are no more threads available to fetch from.
 349500: system.cpu.fetch: [tid:0]: Fetch is waiting cache response!
 349500: system.cpu.iq: Attempting to schedule ready instructions from the IQ.
 349500: system.cpu.iq: Not able to schedule any instructions.
 349500: system.cpu.commit: DefaultCommimt<Impl>::tick() begins
 349500: system.cpu.commit: Getting instructions from Rename stage.
 349500: system.cpu.commit: Trying to commit instructions in the ROB.
 349500: system.cpu.commit: [tid:0]: Can't commit, Instruction [sn:39] PC (0x4010ee=>0x4010f5).(0=>1) is head of ROB and not ready
 349500: system.cpu.commit: [tid:0]: ROB has 25 insts & 167 free entries.
 350000: system.cpu.fetch: Running stage.
 350000: system.cpu.fetch: There are no more threads available to fetch from.
 350000: system.cpu.fetch: [tid:0]: Fetch is waiting cache response!
 350000: system.cpu.iq: Attempting to schedule ready instructions from the IQ.
 350000: system.cpu.iq: Not able to schedule any instructions.
 350000: system.cpu.commit: DefaultCommimt<Impl>::tick() begins
 350000: system.cpu.commit: Getting instructions from Rename stage.
 350000: system.cpu.commit: Trying to commit instructions in the ROB.
 350000: system.cpu.commit: [tid:0]: Can't commit, Instruction [sn:39] PC (0x4010ee=>0x4010f5).(0=>1) is head of ROB and not ready
 350000: system.cpu.commit: [tid:0]: ROB has 25 insts & 167 free entries.
 350500: system.cpu.fetch: Running stage.
 350500: system.cpu.fetch: There are no more threads available to fetch from.
 350500: system.cpu.fetch: [tid:0]: Fetch is waiting cache response!
 350500: system.cpu.iq: Attempting to schedule ready instructions from the IQ.
 350500: system.cpu.iq: Not able to schedule any instructions.
 350500: system.cpu.commit: DefaultCommimt<Impl>::tick() begins
 350500: system.cpu.commit: Getting instructions from Rename stage.
 350500: system.cpu.commit: Trying to commit instructions in the ROB.
 350500: system.cpu.commit: [tid:0]: Can't commit, Instruction [sn:39] PC (0x4010ee=>0x4010f5).(0=>1) is head of ROB and not ready
 350500: system.cpu.commit: [tid:0]: ROB has 25 insts & 167 free entries.
 351000: system.cpu.fetch: Running stage.
 351000: system.cpu.fetch: There are no more threads available to fetch from.
 351000: system.cpu.fetch: [tid:0]: Fetch is waiting cache response!
 351000: system.cpu.iq: Attempting to schedule ready instructions from the IQ.
 351000: system.cpu.iq: Not able to schedule any instructions.
 351000: system.cpu.commit: DefaultCommimt<Impl>::tick() begins
 351000: system.cpu.commit: Getting instructions from Rename stage.
 351000: system.cpu.commit: Trying to commit instructions in the ROB.
 351000: system.cpu.commit: [tid:0]: Can't commit, Instruction [sn:39] PC (0x4010ee=>0x4010f5).(0=>1) is head of ROB and not ready
 351000: system.cpu.commit: [tid:0]: ROB has 25 insts & 167 free entries.
 387501: system.cpu.fetch: [tid:0] Waking up from cache miss.
 388000: system.cpu.fetch: Running stage.
 388000: system.cpu.fetch: Attempting to fetch from [tid:0]
 388000: system.cpu.fetch: [tid:0]: Icache miss is complete.
 388000: system.cpu.fetch: [tid:0]: Adding instructions to queue to decode.
 388000: system.cpu.fetch: [tid:0]: Instruction PC 0x401140 (0) created [sn:64].
 388000: system.cpu.fetch: [tid:0]: Instruction is:   MFENCE   
 388000: system.cpu.fetch: [tid:0]: Fetch queue entry created (1/32).
 388000: system.cpu.fetch: [tid:0]: Instruction PC 0x401143 (0) created [sn:65].
 388000: system.cpu.fetch: [tid:0]: Instruction is:   LFENCE   
 388000: system.cpu.fetch: [tid:0]: Fetch queue entry created (2/32).
 388000: system.cpu.fetch: [tid:0]: Instruction PC 0x401146 (0) created [sn:66].
 388000: system.cpu.fetch: [tid:0]: Instruction is:   MOV_R_I : limm   rax, 0x3c
 388000: system.cpu.fetch: [tid:0]: Fetch queue entry created (3/32).
 388000: system.cpu.fetch: [tid:0]: Instruction PC 0x40114d (0) created [sn:67].
 388000: system.cpu.fetch: [tid:0]: Instruction is:   XOR_R_R : xor   rdi, rdi, rdi
 388000: system.cpu.fetch: [tid:0]: Fetch queue entry created (4/32).
 388000: system.cpu.fetch: [tid:0]: Instruction PC 0x401150 (0) created [sn:68].
 388000: system.cpu.fetch: [tid:0]: Instruction is:   syscall    eax
 388000: system.cpu.fetch: [tid:0]: Fetch queue entry created (5/32).
 388000: system.cpu.fetch: [tid:0]: Instruction PC 0x401152 (0) created [sn:69].
 388000: system.cpu.fetch: [tid:0]: Instruction is:   ADD_M_R : ldst   t1b, DS:[rax]
 388000: system.cpu.fetch: [tid:0]: Fetch queue entry created (6/32).
 388000: system.cpu.fetch: [tid:0]: Instruction PC 0x401152 (1) created [sn:70].
 388000: system.cpu.fetch: [tid:0]: Instruction is:   ADD_M_R : add   t1b, t1b, al
 388000: system.cpu.fetch: [tid:0]: Fetch queue entry created (7/32).
 388000: system.cpu.fetch: [tid:0]: Instruction PC 0x401152 (2) created [sn:71].
 388000: system.cpu.fetch: [tid:0]: Instruction is:   ADD_M_R : st   t1b, DS:[rax]
 388000: system.cpu.fetch: [tid:0]: Fetch queue entry created (8/32).
 388000: system.cpu.fetch: [tid:0]: Done fetching, reached fetch bandwidth for this cycle.
 388000: system.cpu.fetch: [tid:0][sn:64]: Sending instruction to decode from fetch queue. Fetch queue size: 8.
 388000: system.cpu.fetch: [tid:0][sn:65]: Sending instruction to decode from fetch queue. Fetch queue size: 7.
 388000: system.cpu.fetch: [tid:0][sn:66]: Sending instruction to decode from fetch queue. Fetch queue size: 6.
 388000: system.cpu.fetch: [tid:0][sn:67]: Sending instruction to decode from fetch queue. Fetch queue size: 5.
 388000: system.cpu.fetch: [tid:0][sn:68]: Sending instruction to decode from fetch queue. Fetch queue size: 4.
 388000: system.cpu.fetch: [tid:0][sn:69]: Sending instruction to decode from fetch queue. Fetch queue size: 3.
 388000: system.cpu.fetch: [tid:0][sn:70]: Sending instruction to decode from fetch queue. Fetch queue size: 2.
 388000: system.cpu.fetch: [tid:0][sn:71]: Sending instruction to decode from fetch queue. Fetch queue size: 1.
 388000: system.cpu.iq: Attempting to schedule ready instructions from the IQ.
 388000: system.cpu.iq: Not able to schedule any instructions.
 388000: system.cpu.commit: DefaultCommimt<Impl>::tick() begins
 388000: system.cpu.commit: Getting instructions from Rename stage.
 388000: system.cpu.commit: Trying to commit instructions in the ROB.
 388000: system.cpu.commit: [tid:0]: Can't commit, Instruction [sn:39] PC (0x4010ee=>0x4010f5).(0=>1) is head of ROB and not ready
 388000: system.cpu.commit: [tid:0]: ROB has 25 insts & 167 free entries.
 388500: system.cpu.fetch: Running stage.
 388500: system.cpu.fetch: Attempting to fetch from [tid:0]
 388500: system.cpu.fetch: [tid:0]: Adding instructions to queue to decode.
 388500: system.cpu.fetch: [tid:0]: Instruction PC 0x401154 (0) created [sn:72].
 388500: system.cpu.fetch: [tid:0]: Instruction is:   ADD_M_R : ldst   t1b, DS:[rax]
 388500: system.cpu.fetch: [tid:0]: Fetch queue entry created (1/32).
 388500: system.cpu.fetch: [tid:0]: Instruction PC 0x401154 (1) created [sn:73].
 388500: system.cpu.fetch: [tid:0]: Instruction is:   ADD_M_R : add   t1b, t1b, al
 388500: system.cpu.fetch: [tid:0]: Fetch queue entry created (2/32).
 388500: system.cpu.fetch: [tid:0]: Instruction PC 0x401154 (2) created [sn:74].
 388500: system.cpu.fetch: [tid:0]: Instruction is:   ADD_M_R : st   t1b, DS:[rax]
 388500: system.cpu.fetch: [tid:0]: Fetch queue entry created (3/32).
 388500: system.cpu.fetch: [tid:0]: Instruction PC 0x401156 (0) created [sn:75].
 388500: system.cpu.fetch: [tid:0]: Instruction is:   ADD_M_R : ldst   t1b, DS:[rax]
 388500: system.cpu.fetch: [tid:0]: Fetch queue entry created (4/32).
 388500: system.cpu.fetch: [tid:0]: Instruction PC 0x401156 (1) created [sn:76].
 388500: system.cpu.fetch: [tid:0]: Instruction is:   ADD_M_R : add   t1b, t1b, al
 388500: system.cpu.fetch: [tid:0]: Fetch queue entry created (5/32).
 388500: system.cpu.fetch: [tid:0]: Instruction PC 0x401156 (2) created [sn:77].
 388500: system.cpu.fetch: [tid:0]: Instruction is:   ADD_M_R : st   t1b, DS:[rax]
 388500: system.cpu.fetch: [tid:0]: Fetch queue entry created (6/32).
 388500: system.cpu.fetch: [tid:0]: Instruction PC 0x401158 (0) created [sn:78].
 388500: system.cpu.fetch: [tid:0]: Instruction is:   ADD_M_R : ldst   t1b, DS:[rax]
 388500: system.cpu.fetch: [tid:0]: Fetch queue entry created (7/32).
 388500: system.cpu.fetch: [tid:0]: Instruction PC 0x401158 (1) created [sn:79].
 388500: system.cpu.fetch: [tid:0]: Instruction is:   ADD_M_R : add   t1b, t1b, al
 388500: system.cpu.fetch: [tid:0]: Fetch queue entry created (8/32).
 388500: system.cpu.fetch: [tid:0]: Done fetching, reached fetch bandwidth for this cycle.
 388500: system.cpu.fetch: [tid:0][sn:72]: Sending instruction to decode from fetch queue. Fetch queue size: 8.
 388500: system.cpu.fetch: [tid:0][sn:73]: Sending instruction to decode from fetch queue. Fetch queue size: 7.
 388500: system.cpu.fetch: [tid:0][sn:74]: Sending instruction to decode from fetch queue. Fetch queue size: 6.
 388500: system.cpu.fetch: [tid:0][sn:75]: Sending instruction to decode from fetch queue. Fetch queue size: 5.
 388500: system.cpu.fetch: [tid:0][sn:76]: Sending instruction to decode from fetch queue. Fetch queue size: 4.
 388500: system.cpu.fetch: [tid:0][sn:77]: Sending instruction to decode from fetch queue. Fetch queue size: 3.
 388500: system.cpu.fetch: [tid:0][sn:78]: Sending instruction to decode from fetch queue. Fetch queue size: 2.
 388500: system.cpu.fetch: [tid:0][sn:79]: Sending instruction to decode from fetch queue. Fetch queue size: 1.
 388500: system.cpu.iq: Attempting to schedule ready instructions from the IQ.
 388500: system.cpu.iq: Not able to schedule any instructions.
 388500: system.cpu.commit: DefaultCommimt<Impl>::tick() begins
 388500: system.cpu.commit: Getting instructions from Rename stage.
 388500: system.cpu.commit: Trying to commit instructions in the ROB.
 388500: system.cpu.commit: [tid:0]: Can't commit, Instruction [sn:39] PC (0x4010ee=>0x4010f5).(0=>1) is head of ROB and not ready
 388500: system.cpu.commit: [tid:0]: ROB has 25 insts & 167 free entries.
 389000: system.cpu.fetch: Running stage.
 389000: system.cpu.fetch: Attempting to fetch from [tid:0]
 389000: system.cpu.fetch: [tid:0]: Adding instructions to queue to decode.
 389000: system.cpu.fetch: [tid:0]: Instruction PC 0x401158 (2) created [sn:80].
 389000: system.cpu.fetch: [tid:0]: Instruction is:   ADD_M_R : st   t1b, DS:[rax]
 389000: system.cpu.fetch: [tid:0]: Fetch queue entry created (1/32).
 389000: system.cpu.fetch: [tid:0]: Instruction PC 0x40115a (0) created [sn:81].
 389000: system.cpu.fetch: [tid:0]: Instruction is:   ADD_M_R : ldst   t1b, DS:[rax]
 389000: system.cpu.fetch: [tid:0]: Fetch queue entry created (2/32).
 389000: system.cpu.fetch: [tid:0]: Instruction PC 0x40115a (1) created [sn:82].
 389000: system.cpu.fetch: [tid:0]: Instruction is:   ADD_M_R : add   t1b, t1b, al
 389000: system.cpu.fetch: [tid:0]: Fetch queue entry created (3/32).
 389000: system.cpu.fetch: [tid:0]: Instruction PC 0x40115a (2) created [sn:83].
 389000: system.cpu.fetch: [tid:0]: Instruction is:   ADD_M_R : st   t1b, DS:[rax]
 389000: system.cpu.fetch: [tid:0]: Fetch queue entry created (4/32).
 389000: system.cpu.fetch: [tid:0]: Instruction PC 0x40115c (0) created [sn:84].
 389000: system.cpu.fetch: [tid:0]: Instruction is:   ADD_M_R : ldst   t1b, DS:[rax]
 389000: system.cpu.fetch: [tid:0]: Fetch queue entry created (5/32).
 389000: system.cpu.fetch: [tid:0]: Instruction PC 0x40115c (1) created [sn:85].
 389000: system.cpu.fetch: [tid:0]: Instruction is:   ADD_M_R : add   t1b, t1b, al
 389000: system.cpu.fetch: [tid:0]: Fetch queue entry created (6/32).
 389000: system.cpu.fetch: [tid:0]: Instruction PC 0x40115c (2) created [sn:86].
 389000: system.cpu.fetch: [tid:0]: Instruction is:   ADD_M_R : st   t1b, DS:[rax]
 389000: system.cpu.fetch: [tid:0]: Fetch queue entry created (7/32).
 389000: system.cpu.fetch: [tid:0]: Instruction PC 0x40115e (0) created [sn:87].
 389000: system.cpu.fetch: [tid:0]: Instruction is:   ADD_M_R : ldst   t1b, DS:[rax]
 389000: system.cpu.fetch: [tid:0]: Fetch queue entry created (8/32).
 389000: system.cpu.fetch: [tid:0]: Done fetching, reached fetch bandwidth for this cycle.
 389000: system.cpu.fetch: [tid:0][sn:80]: Sending instruction to decode from fetch queue. Fetch queue size: 8.
 389000: system.cpu.fetch: [tid:0][sn:81]: Sending instruction to decode from fetch queue. Fetch queue size: 7.
 389000: system.cpu.fetch: [tid:0][sn:82]: Sending instruction to decode from fetch queue. Fetch queue size: 6.
 389000: system.cpu.fetch: [tid:0][sn:83]: Sending instruction to decode from fetch queue. Fetch queue size: 5.
 389000: system.cpu.fetch: [tid:0][sn:84]: Sending instruction to decode from fetch queue. Fetch queue size: 4.
 389000: system.cpu.fetch: [tid:0][sn:85]: Sending instruction to decode from fetch queue. Fetch queue size: 3.
 389000: system.cpu.fetch: [tid:0][sn:86]: Sending instruction to decode from fetch queue. Fetch queue size: 2.
 389000: system.cpu.fetch: [tid:0][sn:87]: Sending instruction to decode from fetch queue. Fetch queue size: 1.
 389000: global: [sn:67] has 1 ready out of 2 sources. RTI 0)
 389000: global: [sn:67] has 2 ready out of 2 sources. RTI 0)
 389000: system.cpu.iq: Attempting to schedule ready instructions from the IQ.
 389000: system.cpu.iq: Not able to schedule any instructions.
 389000: system.cpu.commit: DefaultCommimt<Impl>::tick() begins
 389000: system.cpu.commit: Getting instructions from Rename stage.
 389000: system.cpu.commit: Trying to commit instructions in the ROB.
 389000: system.cpu.commit: [tid:0]: Can't commit, Instruction [sn:39] PC (0x4010ee=>0x4010f5).(0=>1) is head of ROB and not ready
 389000: system.cpu.commit: [tid:0]: ROB has 25 insts & 167 free entries.
 389500: system.cpu.fetch: Running stage.
 389500: system.cpu.fetch: Attempting to fetch from [tid:0]
 389500: system.cpu.fetch: [tid:0]: Adding instructions to queue to decode.
 389500: system.cpu.fetch: [tid:0]: Instruction PC 0x40115e (1) created [sn:88].
 389500: system.cpu.fetch: [tid:0]: Instruction is:   ADD_M_R : add   t1b, t1b, al
 389500: system.cpu.fetch: [tid:0]: Fetch queue entry created (1/32).
 389500: system.cpu.fetch: [tid:0]: Instruction PC 0x40115e (2) created [sn:89].
 389500: system.cpu.fetch: [tid:0]: Instruction is:   ADD_M_R : st   t1b, DS:[rax]
 389500: system.cpu.fetch: [tid:0]: Fetch queue entry created (2/32).
 389500: system.cpu.fetch: [tid:0]: Instruction PC 0x401160 (0) created [sn:90].
 389500: system.cpu.fetch: [tid:0]: Instruction is:   ADD_M_R : ldst   t1b, DS:[rax]
 389500: system.cpu.fetch: [tid:0]: Fetch queue entry created (3/32).
 389500: system.cpu.fetch: [tid:0]: Instruction PC 0x401160 (1) created [sn:91].
 389500: system.cpu.fetch: [tid:0]: Instruction is:   ADD_M_R : add   t1b, t1b, al
 389500: system.cpu.fetch: [tid:0]: Fetch queue entry created (4/32).
 389500: system.cpu.fetch: [tid:0]: Instruction PC 0x401160 (2) created [sn:92].
 389500: system.cpu.fetch: [tid:0]: Instruction is:   ADD_M_R : st   t1b, DS:[rax]
 389500: system.cpu.fetch: [tid:0]: Fetch queue entry created (5/32).
 389500: system.cpu.fetch: [tid:0]: Instruction PC 0x401162 (0) created [sn:93].
 389500: system.cpu.fetch: [tid:0]: Instruction is:   ADD_M_R : ldst   t1b, DS:[rax]
 389500: system.cpu.fetch: [tid:0]: Fetch queue entry created (6/32).
 389500: system.cpu.fetch: [tid:0]: Instruction PC 0x401162 (1) created [sn:94].
 389500: system.cpu.fetch: [tid:0]: Instruction is:   ADD_M_R : add   t1b, t1b, al
 389500: system.cpu.fetch: [tid:0]: Fetch queue entry created (7/32).
 389500: system.cpu.fetch: [tid:0]: Instruction PC 0x401162 (2) created [sn:95].
 389500: system.cpu.fetch: [tid:0]: Instruction is:   ADD_M_R : st   t1b, DS:[rax]
 389500: system.cpu.fetch: [tid:0]: Fetch queue entry created (8/32).
 389500: system.cpu.fetch: [tid:0]: Done fetching, reached fetch bandwidth for this cycle.
 389500: system.cpu.fetch: [tid:0][sn:88]: Sending instruction to decode from fetch queue. Fetch queue size: 8.
 389500: system.cpu.fetch: [tid:0][sn:89]: Sending instruction to decode from fetch queue. Fetch queue size: 7.
 389500: system.cpu.fetch: [tid:0][sn:90]: Sending instruction to decode from fetch queue. Fetch queue size: 6.
 389500: system.cpu.fetch: [tid:0][sn:91]: Sending instruction to decode from fetch queue. Fetch queue size: 5.
 389500: system.cpu.fetch: [tid:0][sn:92]: Sending instruction to decode from fetch queue. Fetch queue size: 4.
 389500: system.cpu.fetch: [tid:0][sn:93]: Sending instruction to decode from fetch queue. Fetch queue size: 3.
 389500: system.cpu.fetch: [tid:0][sn:94]: Sending instruction to decode from fetch queue. Fetch queue size: 2.
 389500: system.cpu.fetch: [tid:0][sn:95]: Sending instruction to decode from fetch queue. Fetch queue size: 1.
 389500: system.cpu.iq: Attempting to schedule ready instructions from the IQ.
 389500: system.cpu.iq: Not able to schedule any instructions.
 389500: system.cpu.commit: DefaultCommimt<Impl>::tick() begins
 389500: system.cpu.commit: Getting instructions from Rename stage.
 389500: system.cpu.commit: Inserting PC (0x401140=>0x401143).(0=>1) [sn:64] [tid:0] into ROB.
 389500: system.cpu.rob: Adding inst PC (0x401140=>0x401143).(0=>1) to the ROB.
 389500: system.cpu.rob: [tid:0] Now has 26 instructions.
 389500: system.cpu.commit: Inserting PC (0x401143=>0x401146).(0=>1) [sn:65] [tid:0] into ROB.
 389500: system.cpu.rob: Adding inst PC (0x401143=>0x401146).(0=>1) to the ROB.
 389500: system.cpu.rob: [tid:0] Now has 27 instructions.
 389500: system.cpu.commit: Inserting PC (0x401146=>0x40114d).(0=>1) [sn:66] [tid:0] into ROB.
 389500: system.cpu.rob: Adding inst PC (0x401146=>0x40114d).(0=>1) to the ROB.
 389500: system.cpu.rob: [tid:0] Now has 28 instructions.
 389500: system.cpu.commit: Inserting PC (0x40114d=>0x401150).(0=>1) [sn:67] [tid:0] into ROB.
 389500: system.cpu.rob: Adding inst PC (0x40114d=>0x401150).(0=>1) to the ROB.
 389500: system.cpu.rob: [tid:0] Now has 29 instructions.
 389500: system.cpu.commit: Inserting PC (0x401150=>0x401152).(0=>1) [sn:68] [tid:0] into ROB.
 389500: system.cpu.rob: Adding inst PC (0x401150=>0x401152).(0=>1) to the ROB.
 389500: system.cpu.rob: [tid:0] Now has 30 instructions.
 389500: system.cpu.commit: Trying to commit instructions in the ROB.
 389500: system.cpu.commit: [tid:0]: Can't commit, Instruction [sn:39] PC (0x4010ee=>0x4010f5).(0=>1) is head of ROB and not ready
 389500: system.cpu.commit: [tid:0]: ROB has 30 insts & 162 free entries.
 390000: system.cpu.fetch: Running stage.
 390000: system.cpu.fetch: Attempting to fetch from [tid:0]
 390000: system.cpu.fetch: [tid:0]: Adding instructions to queue to decode.
 390000: system.cpu.fetch: [tid:0]: Instruction PC 0x401164 (0) created [sn:96].
 390000: system.cpu.fetch: [tid:0]: Instruction is:   ADD_M_R : ldst   t1b, DS:[rax]
 390000: system.cpu.fetch: [tid:0]: Fetch queue entry created (1/32).
 390000: system.cpu.fetch: [tid:0]: Instruction PC 0x401164 (1) created [sn:97].
 390000: system.cpu.fetch: [tid:0]: Instruction is:   ADD_M_R : add   t1b, t1b, al
 390000: system.cpu.fetch: [tid:0]: Fetch queue entry created (2/32).
 390000: system.cpu.fetch: [tid:0]: Instruction PC 0x401164 (2) created [sn:98].
 390000: system.cpu.fetch: [tid:0]: Instruction is:   ADD_M_R : st   t1b, DS:[rax]
 390000: system.cpu.fetch: [tid:0]: Fetch queue entry created (3/32).
 390000: system.cpu.fetch: [tid:0]: Instruction PC 0x401166 (0) created [sn:99].
 390000: system.cpu.fetch: [tid:0]: Instruction is:   ADD_M_R : ldst   t1b, DS:[rax]
 390000: system.cpu.fetch: [tid:0]: Fetch queue entry created (4/32).
 390000: system.cpu.fetch: [tid:0]: Instruction PC 0x401166 (1) created [sn:100].
 390000: system.cpu.fetch: [tid:0]: Instruction is:   ADD_M_R : add   t1b, t1b, al
 390000: system.cpu.fetch: [tid:0]: Fetch queue entry created (5/32).
 390000: system.cpu.fetch: [tid:0]: Instruction PC 0x401166 (2) created [sn:101].
 390000: system.cpu.fetch: [tid:0]: Instruction is:   ADD_M_R : st   t1b, DS:[rax]
 390000: system.cpu.fetch: [tid:0]: Fetch queue entry created (6/32).
 390000: system.cpu.fetch: [tid:0]: Instruction PC 0x401168 (0) created [sn:102].
 390000: system.cpu.fetch: [tid:0]: Instruction is:   ADD_M_R : ldst   t1b, DS:[rax]
 390000: system.cpu.fetch: [tid:0]: Fetch queue entry created (7/32).
 390000: system.cpu.fetch: [tid:0]: Instruction PC 0x401168 (1) created [sn:103].
 390000: system.cpu.fetch: [tid:0]: Instruction is:   ADD_M_R : add   t1b, t1b, al
 390000: system.cpu.fetch: [tid:0]: Fetch queue entry created (8/32).
 390000: system.cpu.fetch: [tid:0]: Done fetching, reached fetch bandwidth for this cycle.
 390000: system.cpu.memDep0: Inserted a memory barrier (0x401140=>0x401143).(0=>1) SN:64
 390000: system.cpu.memDep0: Insert barrier instruction PC (0x401140=>0x401143).(0=>1) [sn:64] to memDep Hash
 390000: system.cpu.iq: Adding non-speculative instruction [sn:64] PC (0x401140=>0x401143).(0=>1) to the IQ.
 390000: system.cpu.iq: Adding instruction [sn:65] PC (0x401143=>0x401146).(0=>1) to the IQ.
 390000: system.cpu.iq: (addIfReady, regular) Instruction is ready to issue, putting it onto the ready list, PC (0x401143=>0x401146).(0=>1) opclass:1 [sn:65].
 390000: system.cpu.iq: Adding instruction [sn:66] PC (0x401146=>0x40114d).(0=>1) to the IQ.
 390000: system.cpu.iq: (addIfReady, regular) Instruction is ready to issue, putting it onto the ready list, PC (0x401146=>0x40114d).(0=>1) opclass:1 [sn:66].
 390000: system.cpu.iq: Adding instruction [sn:67] PC (0x40114d=>0x401150).(0=>1) to the IQ.
 390000: system.cpu.iq: (addIfReady, regular) Instruction is ready to issue, putting it onto the ready list, PC (0x40114d=>0x401150).(0=>1) opclass:1 [sn:67].
 390000: system.cpu.iq: Adding non-speculative instruction [sn:68] PC (0x401150=>0x401152).(0=>1) to the IQ.
 390000: system.cpu.iq: Attempting to schedule ready instructions from the IQ.
 390000: system.cpu.iq: Thread 0: Issuing instruction PC (0x401143=>0x401146).(0=>1) [sn:65]
 390000: system.cpu.iq: Thread 0: Issuing instruction PC (0x401146=>0x40114d).(0=>1) [sn:66]
 390000: system.cpu.iq: Thread 0: Issuing instruction PC (0x40114d=>0x401150).(0=>1) [sn:67]
 390000: system.cpu.commit: DefaultCommimt<Impl>::tick() begins
 390000: system.cpu.commit: Getting instructions from Rename stage.
 390000: system.cpu.commit: Trying to commit instructions in the ROB.
 390000: system.cpu.commit: [tid:0]: Can't commit, Instruction [sn:39] PC (0x4010ee=>0x4010f5).(0=>1) is head of ROB and not ready
 390000: system.cpu.commit: [tid:0]: ROB has 30 insts & 162 free entries.
 390500: system.cpu.fetch: Running stage.
 390500: system.cpu.fetch: Attempting to fetch from [tid:0]
 390500: system.cpu.fetch: [tid:0]: Adding instructions to queue to decode.
 390500: system.cpu.fetch: [tid:0]: Instruction PC 0x401168 (2) created [sn:104].
 390500: system.cpu.fetch: [tid:0]: Instruction is:   ADD_M_R : st   t1b, DS:[rax]
 390500: system.cpu.fetch: [tid:0]: Fetch queue entry created (9/32).
 390500: system.cpu.fetch: [tid:0]: Instruction PC 0x40116a (0) created [sn:105].
 390500: system.cpu.fetch: [tid:0]: Instruction is:   ADD_M_R : ldst   t1b, DS:[rax]
 390500: system.cpu.fetch: [tid:0]: Fetch queue entry created (10/32).
 390500: system.cpu.fetch: [tid:0]: Instruction PC 0x40116a (1) created [sn:106].
 390500: system.cpu.fetch: [tid:0]: Instruction is:   ADD_M_R : add   t1b, t1b, al
 390500: system.cpu.fetch: [tid:0]: Fetch queue entry created (11/32).
 390500: system.cpu.fetch: [tid:0]: Instruction PC 0x40116a (2) created [sn:107].
 390500: system.cpu.fetch: [tid:0]: Instruction is:   ADD_M_R : st   t1b, DS:[rax]
 390500: system.cpu.fetch: [tid:0]: Fetch queue entry created (12/32).
 390500: system.cpu.fetch: [tid:0]: Instruction PC 0x40116c (0) created [sn:108].
 390500: system.cpu.fetch: [tid:0]: Instruction is:   ADD_M_R : ldst   t1b, DS:[rax]
 390500: system.cpu.fetch: [tid:0]: Fetch queue entry created (13/32).
 390500: system.cpu.fetch: [tid:0]: Instruction PC 0x40116c (1) created [sn:109].
 390500: system.cpu.fetch: [tid:0]: Instruction is:   ADD_M_R : add   t1b, t1b, al
 390500: system.cpu.fetch: [tid:0]: Fetch queue entry created (14/32).
 390500: system.cpu.fetch: [tid:0]: Instruction PC 0x40116c (2) created [sn:110].
 390500: system.cpu.fetch: [tid:0]: Instruction is:   ADD_M_R : st   t1b, DS:[rax]
 390500: system.cpu.fetch: [tid:0]: Fetch queue entry created (15/32).
 390500: system.cpu.fetch: [tid:0]: Instruction PC 0x40116e (0) created [sn:111].
 390500: system.cpu.fetch: [tid:0]: Instruction is:   ADD_M_R : ldst   t1b, DS:[rax]
 390500: system.cpu.fetch: [tid:0]: Fetch queue entry created (16/32).
 390500: system.cpu.fetch: [tid:0]: Done fetching, reached fetch bandwidth for this cycle.
 390500: system.cpu.iq: Waking dependents of completed instruction [sn:65].
 390500: system.cpu.iq: Waking dependents of completed instruction [sn:66].
 390500: system.cpu.iq: Waking any dependents on register 96 (IntRegClass).
 390500: system.cpu.iq: Waking dependents of completed instruction [sn:67].
 390500: system.cpu.iq: Waking any dependents on register 97 (IntRegClass).
 390500: system.cpu.iq: Waking any dependents on register 38 (CCRegClass).
 390500: system.cpu.iq: Waking any dependents on register 39 (CCRegClass).
 390500: system.cpu.iq: Attempting to schedule ready instructions from the IQ.
 390500: system.cpu.iq: Not able to schedule any instructions.
 390500: system.cpu.iew.lsq.thread0: LQ size: 33, #loads occupied: 7
 390500: system.cpu.iew.lsq.thread0: SQ size: 33, #stores occupied: 0
 390500: system.cpu.commit: DefaultCommimt<Impl>::tick() begins
 390500: system.cpu.commit: Getting instructions from Rename stage.
 390500: system.cpu.commit: Trying to commit instructions in the ROB.
 390500: system.cpu.commit: [tid:0]: Can't commit, Instruction [sn:39] PC (0x4010ee=>0x4010f5).(0=>1) is head of ROB and not ready
 390500: system.cpu.commit: [tid:0]: ROB has 30 insts & 162 free entries.
 391000: system.cpu.fetch: Running stage.
 391000: system.cpu.fetch: Attempting to fetch from [tid:0]
 391000: system.cpu.fetch: [tid:0]: Adding instructions to queue to decode.
 391000: system.cpu.fetch: [tid:0]: Instruction PC 0x40116e (1) created [sn:112].
 391000: system.cpu.fetch: [tid:0]: Instruction is:   ADD_M_R : add   t1b, t1b, al
 391000: system.cpu.fetch: [tid:0]: Fetch queue entry created (17/32).
 391000: system.cpu.fetch: [tid:0]: Instruction PC 0x40116e (2) created [sn:113].
 391000: system.cpu.fetch: [tid:0]: Instruction is:   ADD_M_R : st   t1b, DS:[rax]
 391000: system.cpu.fetch: [tid:0]: Fetch queue entry created (18/32).
 391000: system.cpu.fetch: [tid:0]: Instruction PC 0x401170 (0) created [sn:114].
 391000: system.cpu.fetch: [tid:0]: Instruction is:   ADD_M_R : ldst   t1b, DS:[rax]
 391000: system.cpu.fetch: [tid:0]: Fetch queue entry created (19/32).
 391000: system.cpu.fetch: [tid:0]: Instruction PC 0x401170 (1) created [sn:115].
 391000: system.cpu.fetch: [tid:0]: Instruction is:   ADD_M_R : add   t1b, t1b, al
 391000: system.cpu.fetch: [tid:0]: Fetch queue entry created (20/32).
 391000: system.cpu.fetch: [tid:0]: Instruction PC 0x401170 (2) created [sn:116].
 391000: system.cpu.fetch: [tid:0]: Instruction is:   ADD_M_R : st   t1b, DS:[rax]
 391000: system.cpu.fetch: [tid:0]: Fetch queue entry created (21/32).
 391000: system.cpu.fetch: [tid:0]: Instruction PC 0x401172 (0) created [sn:117].
 391000: system.cpu.fetch: [tid:0]: Instruction is:   ADD_M_R : ldst   t1b, DS:[rax]
 391000: system.cpu.fetch: [tid:0]: Fetch queue entry created (22/32).
 391000: system.cpu.fetch: [tid:0]: Instruction PC 0x401172 (1) created [sn:118].
 391000: system.cpu.fetch: [tid:0]: Instruction is:   ADD_M_R : add   t1b, t1b, al
 391000: system.cpu.fetch: [tid:0]: Fetch queue entry created (23/32).
 391000: system.cpu.fetch: [tid:0]: Instruction PC 0x401172 (2) created [sn:119].
 391000: system.cpu.fetch: [tid:0]: Instruction is:   ADD_M_R : st   t1b, DS:[rax]
 391000: system.cpu.fetch: [tid:0]: Fetch queue entry created (24/32).
 391000: system.cpu.fetch: [tid:0]: Done fetching, reached fetch bandwidth for this cycle.
 391000: system.cpu.iq: Attempting to schedule ready instructions from the IQ.
 391000: system.cpu.iq: Not able to schedule any instructions.
 391000: system.cpu.commit: DefaultCommimt<Impl>::tick() begins
 391000: system.cpu.commit: Getting instructions from Rename stage.
 391000: system.cpu.commit: Trying to commit instructions in the ROB.
 391000: system.cpu.commit: get the inst [num:0]
 391000: system.cpu.commit: [tid:0]: Marking PC (0x401143=>0x401146).(0=>1), [sn:65] ready within ROB.
 391000: system.cpu.commit: get the inst [num:1]
 391000: system.cpu.commit: [tid:0]: Marking PC (0x401146=>0x40114d).(0=>1), [sn:66] ready within ROB.
 391000: system.cpu.commit: get the inst [num:2]
 391000: system.cpu.commit: [tid:0]: Marking PC (0x40114d=>0x401150).(0=>1), [sn:67] ready within ROB.
 391000: system.cpu.commit: [tid:0]: Can't commit, Instruction [sn:39] PC (0x4010ee=>0x4010f5).(0=>1) is head of ROB and not ready
 391000: system.cpu.commit: [tid:0]: ROB has 30 insts & 162 free entries.
 391500: system.cpu.fetch: Running stage.
 391500: system.cpu.fetch: Attempting to fetch from [tid:0]
 391500: system.cpu.fetch: [tid:0]: Adding instructions to queue to decode.
 391500: system.cpu.fetch: [tid:0]: Instruction PC 0x401174 (0) created [sn:120].
 391500: system.cpu.fetch: [tid:0]: Instruction is:   ADD_M_R : ldst   t1b, DS:[rax]
 391500: system.cpu.fetch: [tid:0]: Fetch queue entry created (25/32).
 391500: system.cpu.fetch: [tid:0]: Instruction PC 0x401174 (1) created [sn:121].
 391500: system.cpu.fetch: [tid:0]: Instruction is:   ADD_M_R : add   t1b, t1b, al
 391500: system.cpu.fetch: [tid:0]: Fetch queue entry created (26/32).
 391500: system.cpu.fetch: [tid:0]: Instruction PC 0x401174 (2) created [sn:122].
 391500: system.cpu.fetch: [tid:0]: Instruction is:   ADD_M_R : st   t1b, DS:[rax]
 391500: system.cpu.fetch: [tid:0]: Fetch queue entry created (27/32).
 391500: system.cpu.fetch: [tid:0]: Instruction PC 0x401176 (0) created [sn:123].
 391500: system.cpu.fetch: [tid:0]: Instruction is:   ADD_M_R : ldst   t1b, DS:[rax]
 391500: system.cpu.fetch: [tid:0]: Fetch queue entry created (28/32).
 391500: system.cpu.fetch: [tid:0]: Instruction PC 0x401176 (1) created [sn:124].
 391500: system.cpu.fetch: [tid:0]: Instruction is:   ADD_M_R : add   t1b, t1b, al
 391500: system.cpu.fetch: [tid:0]: Fetch queue entry created (29/32).
 391500: system.cpu.fetch: [tid:0]: Instruction PC 0x401176 (2) created [sn:125].
 391500: system.cpu.fetch: [tid:0]: Instruction is:   ADD_M_R : st   t1b, DS:[rax]
 391500: system.cpu.fetch: [tid:0]: Fetch queue entry created (30/32).
 391500: system.cpu.fetch: [tid:0]: Instruction PC 0x401178 (0) created [sn:126].
 391500: system.cpu.fetch: [tid:0]: Instruction is:   ADD_M_R : ldst   t1b, DS:[rax]
 391500: system.cpu.fetch: [tid:0]: Fetch queue entry created (31/32).
 391500: system.cpu.fetch: [tid:0]: Instruction PC 0x401178 (1) created [sn:127].
 391500: system.cpu.fetch: [tid:0]: Instruction is:   ADD_M_R : add   t1b, t1b, al
 391500: system.cpu.fetch: [tid:0]: Fetch queue entry created (32/32).
 391500: system.cpu.fetch: [tid:0]: Done fetching, reached fetch bandwidth for this cycle.
 391500: system.cpu.iq: Attempting to schedule ready instructions from the IQ.
 391500: system.cpu.iq: Not able to schedule any instructions.
 391500: system.cpu.commit: DefaultCommimt<Impl>::tick() begins
 391500: system.cpu.commit: Getting instructions from Rename stage.
 391500: system.cpu.commit: Trying to commit instructions in the ROB.
 391500: system.cpu.commit: [tid:0]: Can't commit, Instruction [sn:39] PC (0x4010ee=>0x4010f5).(0=>1) is head of ROB and not ready
 391500: system.cpu.commit: [tid:0]: ROB has 30 insts & 162 free entries.
 392000: system.cpu.fetch: Running stage.
 392000: system.cpu.fetch: Attempting to fetch from [tid:0]
 392000: system.cpu.fetch: [tid:0]: Adding instructions to queue to decode.
 392000: system.cpu.iq: Attempting to schedule ready instructions from the IQ.
 392000: system.cpu.iq: Not able to schedule any instructions.
 392000: system.cpu.commit: DefaultCommimt<Impl>::tick() begins
 392000: system.cpu.commit: Getting instructions from Rename stage.
 392000: system.cpu.commit: Trying to commit instructions in the ROB.
 392000: system.cpu.commit: [tid:0]: Can't commit, Instruction [sn:39] PC (0x4010ee=>0x4010f5).(0=>1) is head of ROB and not ready
 392000: system.cpu.commit: [tid:0]: ROB has 30 insts & 162 free entries.
 392500: system.cpu.fetch: Running stage.
 392500: system.cpu.fetch: Attempting to fetch from [tid:0]
 392500: system.cpu.fetch: [tid:0]: Adding instructions to queue to decode.
 392500: system.cpu.iq: Attempting to schedule ready instructions from the IQ.
 392500: system.cpu.iq: Not able to schedule any instructions.
 392500: system.cpu.commit: DefaultCommimt<Impl>::tick() begins
 392500: system.cpu.commit: Getting instructions from Rename stage.
 392500: system.cpu.commit: Trying to commit instructions in the ROB.
 392500: system.cpu.commit: [tid:0]: Can't commit, Instruction [sn:39] PC (0x4010ee=>0x4010f5).(0=>1) is head of ROB and not ready
 392500: system.cpu.commit: [tid:0]: ROB has 30 insts & 162 free entries.
 393000: system.cpu.fetch: Running stage.
 393000: system.cpu.fetch: Attempting to fetch from [tid:0]
 393000: system.cpu.fetch: [tid:0]: Adding instructions to queue to decode.
 393000: system.cpu.iq: Attempting to schedule ready instructions from the IQ.
 393000: system.cpu.iq: Not able to schedule any instructions.
 393000: system.cpu.commit: DefaultCommimt<Impl>::tick() begins
 393000: system.cpu.commit: Getting instructions from Rename stage.
 393000: system.cpu.commit: Trying to commit instructions in the ROB.
 393000: system.cpu.commit: [tid:0]: Can't commit, Instruction [sn:39] PC (0x4010ee=>0x4010f5).(0=>1) is head of ROB and not ready
 393000: system.cpu.commit: [tid:0]: ROB has 30 insts & 162 free entries.
 393500: system.cpu.fetch: Running stage.
 393500: system.cpu.fetch: Attempting to fetch from [tid:0]
 393500: system.cpu.fetch: [tid:0]: Adding instructions to queue to decode.
 393500: system.cpu.iq: Attempting to schedule ready instructions from the IQ.
 393500: system.cpu.iq: Not able to schedule any instructions.
 393500: system.cpu.commit: DefaultCommimt<Impl>::tick() begins
 393500: system.cpu.commit: Getting instructions from Rename stage.
 393500: system.cpu.commit: Trying to commit instructions in the ROB.
 393500: system.cpu.commit: [tid:0]: Can't commit, Instruction [sn:39] PC (0x4010ee=>0x4010f5).(0=>1) is head of ROB and not ready
 393500: system.cpu.commit: [tid:0]: ROB has 30 insts & 162 free entries.
 394000: system.cpu.fetch: Running stage.
 394000: system.cpu.fetch: Attempting to fetch from [tid:0]
 394000: system.cpu.fetch: [tid:0]: Adding instructions to queue to decode.
 394000: system.cpu.iq: Attempting to schedule ready instructions from the IQ.
 394000: system.cpu.iq: Not able to schedule any instructions.
 394000: system.cpu.commit: DefaultCommimt<Impl>::tick() begins
 394000: system.cpu.commit: Getting instructions from Rename stage.
 394000: system.cpu.commit: Trying to commit instructions in the ROB.
 394000: system.cpu.commit: [tid:0]: Can't commit, Instruction [sn:39] PC (0x4010ee=>0x4010f5).(0=>1) is head of ROB and not ready
 394000: system.cpu.commit: [tid:0]: ROB has 30 insts & 162 free entries.
 394500: system.cpu.fetch: Running stage.
 394500: system.cpu.fetch: Attempting to fetch from [tid:0]
 394500: system.cpu.fetch: [tid:0]: Adding instructions to queue to decode.
 394500: system.cpu.iq: Attempting to schedule ready instructions from the IQ.
 394500: system.cpu.iq: Not able to schedule any instructions.
 394500: system.cpu.commit: DefaultCommimt<Impl>::tick() begins
 394500: system.cpu.commit: Getting instructions from Rename stage.
 394500: system.cpu.commit: Trying to commit instructions in the ROB.
 394500: system.cpu.commit: [tid:0]: Can't commit, Instruction [sn:39] PC (0x4010ee=>0x4010f5).(0=>1) is head of ROB and not ready
 394500: system.cpu.commit: [tid:0]: ROB has 30 insts & 162 free entries.
 395000: system.cpu.fetch: Running stage.
 395000: system.cpu.fetch: Attempting to fetch from [tid:0]
 395000: system.cpu.fetch: [tid:0]: Adding instructions to queue to decode.
 395000: system.cpu.iq: Attempting to schedule ready instructions from the IQ.
 395000: system.cpu.iq: Not able to schedule any instructions.
 395000: system.cpu.commit: DefaultCommimt<Impl>::tick() begins
 395000: system.cpu.commit: Getting instructions from Rename stage.
 395000: system.cpu.commit: Trying to commit instructions in the ROB.
 395000: system.cpu.commit: [tid:0]: Can't commit, Instruction [sn:39] PC (0x4010ee=>0x4010f5).(0=>1) is head of ROB and not ready
 395000: system.cpu.commit: [tid:0]: ROB has 30 insts & 162 free entries.
 395500: system.cpu.fetch: Running stage.
 395500: system.cpu.fetch: Attempting to fetch from [tid:0]
 395500: system.cpu.fetch: [tid:0]: Adding instructions to queue to decode.
 395500: system.cpu.iq: Attempting to schedule ready instructions from the IQ.
 395500: system.cpu.iq: Not able to schedule any instructions.
 395500: system.cpu.commit: DefaultCommimt<Impl>::tick() begins
 395500: system.cpu.commit: Getting instructions from Rename stage.
 395500: system.cpu.commit: Trying to commit instructions in the ROB.
 395500: system.cpu.commit: [tid:0]: Can't commit, Instruction [sn:39] PC (0x4010ee=>0x4010f5).(0=>1) is head of ROB and not ready
 395500: system.cpu.commit: [tid:0]: ROB has 30 insts & 162 free entries.
 396000: system.cpu.fetch: Running stage.
 396000: system.cpu.fetch: Attempting to fetch from [tid:0]
 396000: system.cpu.fetch: [tid:0]: Adding instructions to queue to decode.
 396000: system.cpu.iq: Attempting to schedule ready instructions from the IQ.
 396000: system.cpu.iq: Not able to schedule any instructions.
 396000: system.cpu.commit: DefaultCommimt<Impl>::tick() begins
 396000: system.cpu.commit: Getting instructions from Rename stage.
 396000: system.cpu.commit: Trying to commit instructions in the ROB.
 396000: system.cpu.commit: [tid:0]: Can't commit, Instruction [sn:39] PC (0x4010ee=>0x4010f5).(0=>1) is head of ROB and not ready
 396000: system.cpu.commit: [tid:0]: ROB has 30 insts & 162 free entries.
 396500: system.cpu.fetch: Running stage.
 396500: system.cpu.fetch: Attempting to fetch from [tid:0]
 396500: system.cpu.fetch: [tid:0]: Adding instructions to queue to decode.
 396500: system.cpu.iq: Attempting to schedule ready instructions from the IQ.
 396500: system.cpu.iq: Not able to schedule any instructions.
 396500: system.cpu.commit: DefaultCommimt<Impl>::tick() begins
 396500: system.cpu.commit: Getting instructions from Rename stage.
 396500: system.cpu.commit: Trying to commit instructions in the ROB.
 396500: system.cpu.commit: [tid:0]: Can't commit, Instruction [sn:39] PC (0x4010ee=>0x4010f5).(0=>1) is head of ROB and not ready
 396500: system.cpu.commit: [tid:0]: ROB has 30 insts & 162 free entries.
 397000: system.cpu.fetch: Running stage.
 397000: system.cpu.fetch: Attempting to fetch from [tid:0]
 397000: system.cpu.fetch: [tid:0]: Adding instructions to queue to decode.
 397000: system.cpu.iq: Attempting to schedule ready instructions from the IQ.
 397000: system.cpu.iq: Not able to schedule any instructions.
 397000: system.cpu.commit: DefaultCommimt<Impl>::tick() begins
 397000: system.cpu.commit: Getting instructions from Rename stage.
 397000: system.cpu.commit: Trying to commit instructions in the ROB.
 397000: system.cpu.commit: [tid:0]: Can't commit, Instruction [sn:39] PC (0x4010ee=>0x4010f5).(0=>1) is head of ROB and not ready
 397000: system.cpu.commit: [tid:0]: ROB has 30 insts & 162 free entries.
 397500: system.cpu.fetch: Running stage.
 397500: system.cpu.fetch: Attempting to fetch from [tid:0]
 397500: system.cpu.fetch: [tid:0]: Adding instructions to queue to decode.
 397500: system.cpu.iq: Attempting to schedule ready instructions from the IQ.
 397500: system.cpu.iq: Not able to schedule any instructions.
 397500: system.cpu.commit: DefaultCommimt<Impl>::tick() begins
 397500: system.cpu.commit: Getting instructions from Rename stage.
 397500: system.cpu.commit: Trying to commit instructions in the ROB.
 397500: system.cpu.commit: [tid:0]: Can't commit, Instruction [sn:39] PC (0x4010ee=>0x4010f5).(0=>1) is head of ROB and not ready
 397500: system.cpu.commit: [tid:0]: ROB has 30 insts & 162 free entries.
 398000: system.cpu.fetch: Running stage.
 398000: system.cpu.fetch: Attempting to fetch from [tid:0]
 398000: system.cpu.fetch: [tid:0]: Adding instructions to queue to decode.
 398000: system.cpu.iq: Attempting to schedule ready instructions from the IQ.
 398000: system.cpu.iq: Not able to schedule any instructions.
 398000: system.cpu.commit: DefaultCommimt<Impl>::tick() begins
 398000: system.cpu.commit: Getting instructions from Rename stage.
 398000: system.cpu.commit: Trying to commit instructions in the ROB.
 398000: system.cpu.commit: [tid:0]: Can't commit, Instruction [sn:39] PC (0x4010ee=>0x4010f5).(0=>1) is head of ROB and not ready
 398000: system.cpu.commit: [tid:0]: ROB has 30 insts & 162 free entries.
 398500: system.cpu.fetch: Running stage.
 398500: system.cpu.fetch: Attempting to fetch from [tid:0]
 398500: system.cpu.fetch: [tid:0]: Adding instructions to queue to decode.
 398500: system.cpu.iq: Attempting to schedule ready instructions from the IQ.
 398500: system.cpu.iq: Not able to schedule any instructions.
 398500: system.cpu.commit: DefaultCommimt<Impl>::tick() begins
 398500: system.cpu.commit: Getting instructions from Rename stage.
 398500: system.cpu.commit: Trying to commit instructions in the ROB.
 398500: system.cpu.commit: [tid:0]: Can't commit, Instruction [sn:39] PC (0x4010ee=>0x4010f5).(0=>1) is head of ROB and not ready
 398500: system.cpu.commit: [tid:0]: ROB has 30 insts & 162 free entries.
 399000: system.cpu.fetch: Running stage.
 399000: system.cpu.fetch: Attempting to fetch from [tid:0]
 399000: system.cpu.fetch: [tid:0]: Adding instructions to queue to decode.
 399000: system.cpu.iq: Attempting to schedule ready instructions from the IQ.
 399000: system.cpu.iq: Not able to schedule any instructions.
 399000: system.cpu.commit: DefaultCommimt<Impl>::tick() begins
 399000: system.cpu.commit: Getting instructions from Rename stage.
 399000: system.cpu.commit: Trying to commit instructions in the ROB.
 399000: system.cpu.commit: [tid:0]: Can't commit, Instruction [sn:39] PC (0x4010ee=>0x4010f5).(0=>1) is head of ROB and not ready
 399000: system.cpu.commit: [tid:0]: ROB has 30 insts & 162 free entries.
 399500: system.cpu.fetch: Running stage.
 399500: system.cpu.fetch: Attempting to fetch from [tid:0]
 399500: system.cpu.fetch: [tid:0]: Adding instructions to queue to decode.
 399500: system.cpu.iq: Attempting to schedule ready instructions from the IQ.
 399500: system.cpu.iq: Not able to schedule any instructions.
 399500: system.cpu.commit: DefaultCommimt<Impl>::tick() begins
 399500: system.cpu.commit: Getting instructions from Rename stage.
 399500: system.cpu.commit: Trying to commit instructions in the ROB.
 399500: system.cpu.commit: [tid:0]: Can't commit, Instruction [sn:39] PC (0x4010ee=>0x4010f5).(0=>1) is head of ROB and not ready
 399500: system.cpu.commit: [tid:0]: ROB has 30 insts & 162 free entries.
 400000: system.cpu.fetch: Running stage.
 400000: system.cpu.fetch: Attempting to fetch from [tid:0]
 400000: system.cpu.fetch: [tid:0]: Adding instructions to queue to decode.
 400000: system.cpu.iq: Attempting to schedule ready instructions from the IQ.
 400000: system.cpu.iq: Not able to schedule any instructions.
 400000: system.cpu.commit: DefaultCommimt<Impl>::tick() begins
 400000: system.cpu.commit: Getting instructions from Rename stage.
 400000: system.cpu.commit: Trying to commit instructions in the ROB.
 400000: system.cpu.commit: [tid:0]: Can't commit, Instruction [sn:39] PC (0x4010ee=>0x4010f5).(0=>1) is head of ROB and not ready
 400000: system.cpu.commit: [tid:0]: ROB has 30 insts & 162 free entries.
 400500: system.cpu.fetch: Running stage.
 400500: system.cpu.fetch: Attempting to fetch from [tid:0]
 400500: system.cpu.fetch: [tid:0]: Adding instructions to queue to decode.
 400500: system.cpu.iq: Attempting to schedule ready instructions from the IQ.
 400500: system.cpu.iq: Not able to schedule any instructions.
 400500: system.cpu.commit: DefaultCommimt<Impl>::tick() begins
 400500: system.cpu.commit: Getting instructions from Rename stage.
 400500: system.cpu.commit: Trying to commit instructions in the ROB.
 400500: system.cpu.commit: [tid:0]: Can't commit, Instruction [sn:39] PC (0x4010ee=>0x4010f5).(0=>1) is head of ROB and not ready
 400500: system.cpu.commit: [tid:0]: ROB has 30 insts & 162 free entries.
 401000: system.cpu.fetch: Running stage.
 401000: system.cpu.fetch: Attempting to fetch from [tid:0]
 401000: system.cpu.fetch: [tid:0]: Adding instructions to queue to decode.
 401000: system.cpu.iq: Attempting to schedule ready instructions from the IQ.
 401000: system.cpu.iq: Not able to schedule any instructions.
 401000: system.cpu.commit: DefaultCommimt<Impl>::tick() begins
 401000: system.cpu.commit: Getting instructions from Rename stage.
 401000: system.cpu.commit: Trying to commit instructions in the ROB.
 401000: system.cpu.commit: [tid:0]: Can't commit, Instruction [sn:39] PC (0x4010ee=>0x4010f5).(0=>1) is head of ROB and not ready
 401000: system.cpu.commit: [tid:0]: ROB has 30 insts & 162 free entries.
 401500: system.cpu.fetch: Running stage.
 401500: system.cpu.fetch: Attempting to fetch from [tid:0]
 401500: system.cpu.fetch: [tid:0]: Adding instructions to queue to decode.
 401500: system.cpu.iq: Attempting to schedule ready instructions from the IQ.
 401500: system.cpu.iq: Not able to schedule any instructions.
 401500: system.cpu.commit: DefaultCommimt<Impl>::tick() begins
 401500: system.cpu.commit: Getting instructions from Rename stage.
 401500: system.cpu.commit: Trying to commit instructions in the ROB.
 401500: system.cpu.commit: [tid:0]: Can't commit, Instruction [sn:39] PC (0x4010ee=>0x4010f5).(0=>1) is head of ROB and not ready
 401500: system.cpu.commit: [tid:0]: ROB has 30 insts & 162 free entries.
 402000: system.cpu.fetch: Running stage.
 402000: system.cpu.fetch: Attempting to fetch from [tid:0]
 402000: system.cpu.fetch: [tid:0]: Adding instructions to queue to decode.
 402000: system.cpu.iq: Attempting to schedule ready instructions from the IQ.
 402000: system.cpu.iq: Not able to schedule any instructions.
 402000: system.cpu.commit: DefaultCommimt<Impl>::tick() begins
 402000: system.cpu.commit: Getting instructions from Rename stage.
 402000: system.cpu.commit: Trying to commit instructions in the ROB.
 402000: system.cpu.commit: [tid:0]: Can't commit, Instruction [sn:39] PC (0x4010ee=>0x4010f5).(0=>1) is head of ROB and not ready
 402000: system.cpu.commit: [tid:0]: ROB has 30 insts & 162 free entries.
 402500: system.cpu.fetch: Running stage.
 402500: system.cpu.fetch: Attempting to fetch from [tid:0]
 402500: system.cpu.fetch: [tid:0]: Adding instructions to queue to decode.
 402500: system.cpu.iq: Attempting to schedule ready instructions from the IQ.
 402500: system.cpu.iq: Not able to schedule any instructions.
 402500: system.cpu.commit: DefaultCommimt<Impl>::tick() begins
 402500: system.cpu.commit: Getting instructions from Rename stage.
 402500: system.cpu.commit: Trying to commit instructions in the ROB.
 402500: system.cpu.commit: [tid:0]: Can't commit, Instruction [sn:39] PC (0x4010ee=>0x4010f5).(0=>1) is head of ROB and not ready
 402500: system.cpu.commit: [tid:0]: ROB has 30 insts & 162 free entries.
 403000: system.cpu.fetch: Running stage.
 403000: system.cpu.fetch: Attempting to fetch from [tid:0]
 403000: system.cpu.fetch: [tid:0]: Adding instructions to queue to decode.
 403000: system.cpu.iq: Attempting to schedule ready instructions from the IQ.
 403000: system.cpu.iq: Not able to schedule any instructions.
 403000: system.cpu.commit: DefaultCommimt<Impl>::tick() begins
 403000: system.cpu.commit: Getting instructions from Rename stage.
 403000: system.cpu.commit: Trying to commit instructions in the ROB.
 403000: system.cpu.commit: [tid:0]: Can't commit, Instruction [sn:39] PC (0x4010ee=>0x4010f5).(0=>1) is head of ROB and not ready
 403000: system.cpu.commit: [tid:0]: ROB has 30 insts & 162 free entries.
 403500: system.cpu.fetch: Running stage.
 403500: system.cpu.fetch: Attempting to fetch from [tid:0]
 403500: system.cpu.fetch: [tid:0]: Adding instructions to queue to decode.
 403500: system.cpu.iq: Attempting to schedule ready instructions from the IQ.
 403500: system.cpu.iq: Not able to schedule any instructions.
 403500: system.cpu.commit: DefaultCommimt<Impl>::tick() begins
 403500: system.cpu.commit: Getting instructions from Rename stage.
 403500: system.cpu.commit: Trying to commit instructions in the ROB.
 403500: system.cpu.commit: [tid:0]: Can't commit, Instruction [sn:39] PC (0x4010ee=>0x4010f5).(0=>1) is head of ROB and not ready
 403500: system.cpu.commit: [tid:0]: ROB has 30 insts & 162 free entries.
 404000: system.cpu.fetch: Running stage.
 404000: system.cpu.fetch: Attempting to fetch from [tid:0]
 404000: system.cpu.fetch: [tid:0]: Adding instructions to queue to decode.
 404000: system.cpu.iq: Attempting to schedule ready instructions from the IQ.
 404000: system.cpu.iq: Not able to schedule any instructions.
 404000: system.cpu.commit: DefaultCommimt<Impl>::tick() begins
 404000: system.cpu.commit: Getting instructions from Rename stage.
 404000: system.cpu.commit: Trying to commit instructions in the ROB.
 404000: system.cpu.commit: [tid:0]: Can't commit, Instruction [sn:39] PC (0x4010ee=>0x4010f5).(0=>1) is head of ROB and not ready
 404000: system.cpu.commit: [tid:0]: ROB has 30 insts & 162 free entries.
 404500: system.cpu.fetch: Running stage.
 404500: system.cpu.fetch: Attempting to fetch from [tid:0]
 404500: system.cpu.fetch: [tid:0]: Adding instructions to queue to decode.
 404500: system.cpu.iq: Attempting to schedule ready instructions from the IQ.
 404500: system.cpu.iq: Not able to schedule any instructions.
 404500: system.cpu.commit: DefaultCommimt<Impl>::tick() begins
 404500: system.cpu.commit: Getting instructions from Rename stage.
 404500: system.cpu.commit: Trying to commit instructions in the ROB.
 404500: system.cpu.commit: [tid:0]: Can't commit, Instruction [sn:39] PC (0x4010ee=>0x4010f5).(0=>1) is head of ROB and not ready
 404500: system.cpu.commit: [tid:0]: ROB has 30 insts & 162 free entries.
 405000: system.cpu.fetch: Running stage.
 405000: system.cpu.fetch: Attempting to fetch from [tid:0]
 405000: system.cpu.fetch: [tid:0]: Adding instructions to queue to decode.
 405000: system.cpu.iq: Attempting to schedule ready instructions from the IQ.
 405000: system.cpu.iq: Not able to schedule any instructions.
 405000: system.cpu.commit: DefaultCommimt<Impl>::tick() begins
 405000: system.cpu.commit: Getting instructions from Rename stage.
 405000: system.cpu.commit: Trying to commit instructions in the ROB.
 405000: system.cpu.commit: [tid:0]: Can't commit, Instruction [sn:39] PC (0x4010ee=>0x4010f5).(0=>1) is head of ROB and not ready
 405000: system.cpu.commit: [tid:0]: ROB has 30 insts & 162 free entries.
 405500: system.cpu.fetch: Running stage.
 405500: system.cpu.fetch: Attempting to fetch from [tid:0]
 405500: system.cpu.fetch: [tid:0]: Adding instructions to queue to decode.
 405500: system.cpu.iq: Attempting to schedule ready instructions from the IQ.
 405500: system.cpu.iq: Not able to schedule any instructions.
 405500: system.cpu.commit: DefaultCommimt<Impl>::tick() begins
 405500: system.cpu.commit: Getting instructions from Rename stage.
 405500: system.cpu.commit: Trying to commit instructions in the ROB.
 405500: system.cpu.commit: [tid:0]: Can't commit, Instruction [sn:39] PC (0x4010ee=>0x4010f5).(0=>1) is head of ROB and not ready
 405500: system.cpu.commit: [tid:0]: ROB has 30 insts & 162 free entries.
 406000: system.cpu.fetch: Running stage.
 406000: system.cpu.fetch: Attempting to fetch from [tid:0]
 406000: system.cpu.fetch: [tid:0]: Adding instructions to queue to decode.
 406000: system.cpu.iq: Attempting to schedule ready instructions from the IQ.
 406000: system.cpu.iq: Not able to schedule any instructions.
 406000: system.cpu.commit: DefaultCommimt<Impl>::tick() begins
 406000: system.cpu.commit: Getting instructions from Rename stage.
 406000: system.cpu.commit: Trying to commit instructions in the ROB.
 406000: system.cpu.commit: [tid:0]: Can't commit, Instruction [sn:39] PC (0x4010ee=>0x4010f5).(0=>1) is head of ROB and not ready
 406000: system.cpu.commit: [tid:0]: ROB has 30 insts & 162 free entries.
 406500: system.cpu.fetch: Running stage.
 406500: system.cpu.fetch: Attempting to fetch from [tid:0]
 406500: system.cpu.fetch: [tid:0]: Adding instructions to queue to decode.
 406500: system.cpu.iq: Attempting to schedule ready instructions from the IQ.
 406500: system.cpu.iq: Not able to schedule any instructions.
 406500: system.cpu.commit: DefaultCommimt<Impl>::tick() begins
 406500: system.cpu.commit: Getting instructions from Rename stage.
 406500: system.cpu.commit: Trying to commit instructions in the ROB.
 406500: system.cpu.commit: [tid:0]: Can't commit, Instruction [sn:39] PC (0x4010ee=>0x4010f5).(0=>1) is head of ROB and not ready
 406500: system.cpu.commit: [tid:0]: ROB has 30 insts & 162 free entries.
 407000: system.cpu.fetch: Running stage.
 407000: system.cpu.fetch: Attempting to fetch from [tid:0]
 407000: system.cpu.fetch: [tid:0]: Adding instructions to queue to decode.
 407000: system.cpu.iq: Attempting to schedule ready instructions from the IQ.
 407000: system.cpu.iq: Not able to schedule any instructions.
 407000: system.cpu.commit: DefaultCommimt<Impl>::tick() begins
 407000: system.cpu.commit: Getting instructions from Rename stage.
 407000: system.cpu.commit: Trying to commit instructions in the ROB.
 407000: system.cpu.commit: [tid:0]: Can't commit, Instruction [sn:39] PC (0x4010ee=>0x4010f5).(0=>1) is head of ROB and not ready
 407000: system.cpu.commit: [tid:0]: ROB has 30 insts & 162 free entries.
 407500: system.cpu.fetch: Running stage.
 407500: system.cpu.fetch: Attempting to fetch from [tid:0]
 407500: system.cpu.fetch: [tid:0]: Adding instructions to queue to decode.
 407500: system.cpu.iq: Attempting to schedule ready instructions from the IQ.
 407500: system.cpu.iq: Not able to schedule any instructions.
 407500: system.cpu.commit: DefaultCommimt<Impl>::tick() begins
 407500: system.cpu.commit: Getting instructions from Rename stage.
 407500: system.cpu.commit: Trying to commit instructions in the ROB.
 407500: system.cpu.commit: [tid:0]: Can't commit, Instruction [sn:39] PC (0x4010ee=>0x4010f5).(0=>1) is head of ROB and not ready
 407500: system.cpu.commit: [tid:0]: ROB has 30 insts & 162 free entries.
 408000: system.cpu.fetch: Running stage.
 408000: system.cpu.fetch: Attempting to fetch from [tid:0]
 408000: system.cpu.fetch: [tid:0]: Adding instructions to queue to decode.
 408000: system.cpu.iq: Attempting to schedule ready instructions from the IQ.
 408000: system.cpu.iq: Not able to schedule any instructions.
 408000: system.cpu.commit: DefaultCommimt<Impl>::tick() begins
 408000: system.cpu.commit: Getting instructions from Rename stage.
 408000: system.cpu.commit: Trying to commit instructions in the ROB.
 408000: system.cpu.commit: [tid:0]: Can't commit, Instruction [sn:39] PC (0x4010ee=>0x4010f5).(0=>1) is head of ROB and not ready
 408000: system.cpu.commit: [tid:0]: ROB has 30 insts & 162 free entries.
 408500: system.cpu.fetch: Running stage.
 408500: system.cpu.fetch: Attempting to fetch from [tid:0]
 408500: system.cpu.fetch: [tid:0]: Adding instructions to queue to decode.
 408500: system.cpu.iq: Attempting to schedule ready instructions from the IQ.
 408500: system.cpu.iq: Not able to schedule any instructions.
 408500: system.cpu.commit: DefaultCommimt<Impl>::tick() begins
 408500: system.cpu.commit: Getting instructions from Rename stage.
 408500: system.cpu.commit: Trying to commit instructions in the ROB.
 408500: system.cpu.commit: [tid:0]: Can't commit, Instruction [sn:39] PC (0x4010ee=>0x4010f5).(0=>1) is head of ROB and not ready
 408500: system.cpu.commit: [tid:0]: ROB has 30 insts & 162 free entries.
 409000: system.cpu.fetch: Running stage.
 409000: system.cpu.fetch: Attempting to fetch from [tid:0]
 409000: system.cpu.fetch: [tid:0]: Adding instructions to queue to decode.
 409000: system.cpu.iq: Attempting to schedule ready instructions from the IQ.
 409000: system.cpu.iq: Not able to schedule any instructions.
 409000: system.cpu.commit: DefaultCommimt<Impl>::tick() begins
 409000: system.cpu.commit: Getting instructions from Rename stage.
 409000: system.cpu.commit: Trying to commit instructions in the ROB.
 409000: system.cpu.commit: [tid:0]: Can't commit, Instruction [sn:39] PC (0x4010ee=>0x4010f5).(0=>1) is head of ROB and not ready
 409000: system.cpu.commit: [tid:0]: ROB has 30 insts & 162 free entries.
 409500: system.cpu.fetch: Running stage.
 409500: system.cpu.fetch: Attempting to fetch from [tid:0]
 409500: system.cpu.fetch: [tid:0]: Adding instructions to queue to decode.
 409500: system.cpu.iq: Attempting to schedule ready instructions from the IQ.
 409500: system.cpu.iq: Not able to schedule any instructions.
 409500: system.cpu.commit: DefaultCommimt<Impl>::tick() begins
 409500: system.cpu.commit: Getting instructions from Rename stage.
 409500: system.cpu.commit: Trying to commit instructions in the ROB.
 409500: system.cpu.commit: [tid:0]: Can't commit, Instruction [sn:39] PC (0x4010ee=>0x4010f5).(0=>1) is head of ROB and not ready
 409500: system.cpu.commit: [tid:0]: ROB has 30 insts & 162 free entries.
 410000: system.cpu.fetch: Running stage.
 410000: system.cpu.fetch: Attempting to fetch from [tid:0]
 410000: system.cpu.fetch: [tid:0]: Adding instructions to queue to decode.
 410000: system.cpu.iq: Attempting to schedule ready instructions from the IQ.
 410000: system.cpu.iq: Not able to schedule any instructions.
 410000: system.cpu.commit: DefaultCommimt<Impl>::tick() begins
 410000: system.cpu.commit: Getting instructions from Rename stage.
 410000: system.cpu.commit: Trying to commit instructions in the ROB.
 410000: system.cpu.commit: [tid:0]: Can't commit, Instruction [sn:39] PC (0x4010ee=>0x4010f5).(0=>1) is head of ROB and not ready
 410000: system.cpu.commit: [tid:0]: ROB has 30 insts & 162 free entries.
 410500: system.cpu.fetch: Running stage.
 410500: system.cpu.fetch: Attempting to fetch from [tid:0]
 410500: system.cpu.fetch: [tid:0]: Adding instructions to queue to decode.
 410500: system.cpu.iq: Attempting to schedule ready instructions from the IQ.
 410500: system.cpu.iq: Not able to schedule any instructions.
 410500: system.cpu.commit: DefaultCommimt<Impl>::tick() begins
 410500: system.cpu.commit: Getting instructions from Rename stage.
 410500: system.cpu.commit: Trying to commit instructions in the ROB.
 410500: system.cpu.commit: [tid:0]: Can't commit, Instruction [sn:39] PC (0x4010ee=>0x4010f5).(0=>1) is head of ROB and not ready
 410500: system.cpu.commit: [tid:0]: ROB has 30 insts & 162 free entries.
 411000: system.cpu.fetch: Running stage.
 411000: system.cpu.fetch: Attempting to fetch from [tid:0]
 411000: system.cpu.fetch: [tid:0]: Adding instructions to queue to decode.
 411000: system.cpu.iq: Attempting to schedule ready instructions from the IQ.
 411000: system.cpu.iq: Not able to schedule any instructions.
 411000: system.cpu.commit: DefaultCommimt<Impl>::tick() begins
 411000: system.cpu.commit: Getting instructions from Rename stage.
 411000: system.cpu.commit: Trying to commit instructions in the ROB.
 411000: system.cpu.commit: [tid:0]: Can't commit, Instruction [sn:39] PC (0x4010ee=>0x4010f5).(0=>1) is head of ROB and not ready
 411000: system.cpu.commit: [tid:0]: ROB has 30 insts & 162 free entries.
 411500: system.cpu.fetch: Running stage.
 411500: system.cpu.fetch: Attempting to fetch from [tid:0]
 411500: system.cpu.fetch: [tid:0]: Adding instructions to queue to decode.
 411500: system.cpu.iq: Attempting to schedule ready instructions from the IQ.
 411500: system.cpu.iq: Not able to schedule any instructions.
 411500: system.cpu.commit: DefaultCommimt<Impl>::tick() begins
 411500: system.cpu.commit: Getting instructions from Rename stage.
 411500: system.cpu.commit: Trying to commit instructions in the ROB.
 411500: system.cpu.commit: [tid:0]: Can't commit, Instruction [sn:39] PC (0x4010ee=>0x4010f5).(0=>1) is head of ROB and not ready
 411500: system.cpu.commit: [tid:0]: ROB has 30 insts & 162 free entries.
 412000: system.cpu.fetch: Running stage.
 412000: system.cpu.fetch: Attempting to fetch from [tid:0]
 412000: system.cpu.fetch: [tid:0]: Adding instructions to queue to decode.
 412000: system.cpu.iq: Attempting to schedule ready instructions from the IQ.
 412000: system.cpu.iq: Not able to schedule any instructions.
 412000: system.cpu.commit: DefaultCommimt<Impl>::tick() begins
 412000: system.cpu.commit: Getting instructions from Rename stage.
 412000: system.cpu.commit: Trying to commit instructions in the ROB.
 412000: system.cpu.commit: [tid:0]: Can't commit, Instruction [sn:39] PC (0x4010ee=>0x4010f5).(0=>1) is head of ROB and not ready
 412000: system.cpu.commit: [tid:0]: ROB has 30 insts & 162 free entries.
 412500: system.cpu.fetch: Running stage.
 412500: system.cpu.fetch: Attempting to fetch from [tid:0]
 412500: system.cpu.fetch: [tid:0]: Adding instructions to queue to decode.
 412500: system.cpu.iq: Attempting to schedule ready instructions from the IQ.
 412500: system.cpu.iq: Not able to schedule any instructions.
 412500: system.cpu.commit: DefaultCommimt<Impl>::tick() begins
 412500: system.cpu.commit: Getting instructions from Rename stage.
 412500: system.cpu.commit: Trying to commit instructions in the ROB.
 412500: system.cpu.commit: [tid:0]: Can't commit, Instruction [sn:39] PC (0x4010ee=>0x4010f5).(0=>1) is head of ROB and not ready
 412500: system.cpu.commit: [tid:0]: ROB has 30 insts & 162 free entries.
 412501: system.cpu.iew.lsq: Received D$ response for packet addr 0x3000, block addr 0x3000
 413000: system.cpu.fetch: Running stage.
 413000: system.cpu.fetch: Attempting to fetch from [tid:0]
 413000: system.cpu.fetch: [tid:0]: Adding instructions to queue to decode.
 413000: system.cpu.iq: Waking dependents of completed instruction [sn:39].
 413000: system.cpu.iq: Completing mem instruction PC: (0x4010ee=>0x4010f5).(0=>1) [sn:39]
 413000: system.cpu.memDep0: Completed mem instruction PC (0x4010ee=>0x4010f5).(0=>1) [sn:39].
 413000: system.cpu.iq: Waking any dependents on register 73 (IntRegClass).
 413000: system.cpu.iq: Waking up a dependent instruction, [sn:41] PC (0x4010f5=>0x4010fc).(1=>2).
 413000: global: [sn:41] has 2 ready out of 2 sources. RTI 0)
 413000: system.cpu.iq: (addIfReady, regular) Instruction is ready to issue, putting it onto the ready list, PC (0x4010f5=>0x4010fc).(1=>2) opclass:1 [sn:41].
 413000: system.cpu.iq: Attempting to schedule ready instructions from the IQ.
 413000: system.cpu.iq: Thread 0: Issuing instruction PC (0x4010f5=>0x4010fc).(1=>2) [sn:41]
 413000: system.cpu.commit: DefaultCommimt<Impl>::tick() begins
 413000: system.cpu.commit: Getting instructions from Rename stage.
 413000: system.cpu.commit: Trying to commit instructions in the ROB.
 413000: system.cpu.commit: [tid:0]: Can't commit, Instruction [sn:39] PC (0x4010ee=>0x4010f5).(0=>1) is head of ROB and not ready
 413000: system.cpu.commit: [tid:0]: ROB has 30 insts & 162 free entries.
 413500: system.cpu.fetch: Running stage.
 413500: system.cpu.fetch: Attempting to fetch from [tid:0]
 413500: system.cpu.fetch: [tid:0]: Adding instructions to queue to decode.
 413500: system.cpu.iq: Waking dependents of completed instruction [sn:41].
 413500: system.cpu.iq: Waking any dependents on register 75 (IntRegClass).
 413500: system.cpu.iq: Waking up a dependent instruction, [sn:42] PC (0x4010fc=>0x401100).(0=>1).
 413500: global: [sn:42] has 3 ready out of 3 sources. RTI 0)
 413500: system.cpu.iq: (regular) Checking if memory instruction [sn:42] can issue.
 413500: system.cpu.memDep0: Marking registers as ready for instruction PC (0x4010fc=>0x401100).(0=>1) [sn:42].
 413500: system.cpu.memDep0: Instruction has its memory dependencies resolved, adding it to the ready list.
 413500: system.cpu.memDep0: Adding instruction [sn:42] to the ready list.
 413500: system.cpu.iq: (addReadyMemInst) Instruction is ready to issue, putting it onto the ready list, PC (0x4010fc=>0x401100).(0=>1) opclass:32 [sn:42].
 413500: system.cpu.iq: Waking any dependents on register 22 (CCRegClass).
 413500: system.cpu.iq: Waking any dependents on register 23 (CCRegClass).
 413500: system.cpu.iq: Attempting to schedule ready instructions from the IQ.
 413500: system.cpu.iq: Thread 0: Issuing instruction PC (0x4010fc=>0x401100).(0=>1) [sn:42]
 413500: system.cpu.memDep0: Issuing instruction PC 0x4010fc [sn:42].
 413500: system.cpu.iew.lsq.thread0: LQ size: 33, #loads occupied: 7
 413500: system.cpu.iew.lsq.thread0: SQ size: 33, #stores occupied: 0
 413500: system.cpu.commit: DefaultCommimt<Impl>::tick() begins
 413500: system.cpu.commit: Getting instructions from Rename stage.
 413500: system.cpu.commit: Trying to commit instructions in the ROB.
 413500: system.cpu.commit: get the inst [num:0]
 413500: system.cpu.commit: [tid:0]: Marking PC (0x4010ee=>0x4010f5).(0=>1), [sn:39] ready within ROB.
 413500: system.cpu.commit: [tid:0]: Instruction [sn:39] PC (0x4010ee=>0x4010f5).(0=>1) is head of ROB and ready to commit
 413500: system.cpu.commit: [tid:0]: ROB has 30 insts & 162 free entries.
 414000: system.cpu.fetch: Running stage.
 414000: system.cpu.fetch: Attempting to fetch from [tid:0]
 414000: system.cpu.fetch: [tid:0]: Adding instructions to queue to decode.
 414000: system.cpu.iew.lsq.thread0: Executing load PC (0x4010fc=>0x401100).(0=>1), [sn:42]
 414000: system.cpu.dtb: Translating vaddr 0x85030c0.
 414000: system.cpu.dtb: In protected mode.
 414000: system.cpu.dtb: Paging enabled.
 414000: system.cpu.dtb: Handling a TLB miss for address 0x85030c0 at pc 0x4010ee.
 414000: system.cpu.dtb: Mapping 0x8503000 to 0x2000
 414000: system.cpu.dtb: Miss was serviced.
 414000: system.cpu.dtb: Entry found with paddr 0x2000, doing protection checks.
 414000: system.cpu.dtb: Translated 0x85030c0 -> 0x20c0.
 414000: system.cpu.iew.lsq.thread0: Read called, load idx: 2, store idx: -1, storeHead: 1 addr: 0x20c0
 414000: system.cpu.iew.lsq.thread0: Doing memory access (normal load) for inst [sn:42] PC (0x4010fc=>0x401100).(0=>1)
 414000: system.cpu.iew.lsq.thread0: Attempting load request - PC 0x4010fc, SQ: [sn:42], Paddr 0x20c0, Vaddr 0x85030c0
 414000: system.cpu.iew.lsq.thread0: successfully sent out packet(s) for inst [sn:42]
 414000: system.cpu.iew.lsq.thread0: Successfully sent out load request - PC 0x4010fc, SQ: [sn:42], Paddr 0x20c0, Vaddr 0x85030c0, block addr 0x20c0
 414000: system.cpu.iq: Attempting to schedule ready instructions from the IQ.
 414000: system.cpu.iq: Not able to schedule any instructions.
 414000: system.cpu.iew.lsq.thread0: LQ size: 33, #loads occupied: 7
 414000: system.cpu.iew.lsq.thread0: SQ size: 33, #stores occupied: 0
 414000: system.cpu.commit: DefaultCommimt<Impl>::tick() begins
 414000: system.cpu.commit: Getting instructions from Rename stage.
 414000: system.cpu.commit: Trying to commit instructions in the ROB.
 414000: system.cpu.commit: Trying to commit head instruction, [sn:39] [tid:0]
 414000: system.cpu.commit: Committing instruction with [sn:39] PC (0x4010ee=>0x4010f5).(0=>1)
 414000: system.cpu.rob: [tid:0]: Retiring head instruction, instruction PC (0x4010ee=>0x4010f5).(0=>1), [sn:39]
 414000: system.cpu.commit: Trying to commit head instruction, [sn:40] [tid:0]
 414000: system.cpu.commit: Committing instruction with [sn:40] PC (0x4010f5=>0x4010fc).(0=>1)
 414000: system.cpu.rob: [tid:0]: Retiring head instruction, instruction PC (0x4010f5=>0x4010fc).(0=>1), [sn:40]
 414000: system.cpu.commit: get the inst [num:0]
 414000: system.cpu.commit: [tid:0]: Marking PC (0x4010f5=>0x4010fc).(1=>2), [sn:41] ready within ROB.
 414000: system.cpu.commit: [tid:0]: Instruction [sn:41] PC (0x4010f5=>0x4010fc).(1=>2) is head of ROB and ready to commit
 414000: system.cpu.commit: [tid:0]: ROB has 28 insts & 164 free entries.
 414500: system.cpu.branchPred: [tid:0]: Committing branches until [sn:40].
 414500: system.cpu.fetch: Running stage.
 414500: system.cpu.fetch: Attempting to fetch from [tid:0]
 414500: system.cpu.fetch: [tid:0]: Adding instructions to queue to decode.
 414500: system.cpu.iq: Attempting to schedule ready instructions from the IQ.
 414500: system.cpu.iq: Not able to schedule any instructions.
 414500: system.cpu.iew.lsq.thread0: Committing head load instruction, PC (0x4010ee=>0x4010f5).(0=>1)
 414500: system.cpu.iq: [tid:0]: Committing instructions older than [sn:40]
 414500: system.cpu.commit: DefaultCommimt<Impl>::tick() begins
 414500: system.cpu.commit: Getting instructions from Rename stage.
 414500: system.cpu.commit: Trying to commit instructions in the ROB.
 414500: system.cpu.commit: Trying to commit head instruction, [sn:41] [tid:0]
 414500: system.cpu.commit: Committing instruction with [sn:41] PC (0x4010f5=>0x4010fc).(1=>2)
 414500: system.cpu.rob: [tid:0]: Retiring head instruction, instruction PC (0x4010f5=>0x4010fc).(1=>2), [sn:41]
 414500: system.cpu.commit: [tid:0]: Can't commit, Instruction [sn:42] PC (0x4010fc=>0x401100).(0=>1) is head of ROB and not ready
 414500: system.cpu.commit: [tid:0]: ROB has 27 insts & 165 free entries.
 415000: system.cpu.branchPred: [tid:0]: Committing branches until [sn:41].
 415000: system.cpu.fetch: Running stage.
 415000: system.cpu.fetch: Attempting to fetch from [tid:0]
 415000: system.cpu.fetch: [tid:0]: Adding instructions to queue to decode.
 415000: system.cpu.iq: Attempting to schedule ready instructions from the IQ.
 415000: system.cpu.iq: Not able to schedule any instructions.
 415000: system.cpu.iq: [tid:0]: Committing instructions older than [sn:41]
 415000: system.cpu.iew.lsq.thread0: LQ size: 33, #loads occupied: 6
 415000: system.cpu.iew.lsq.thread0: SQ size: 33, #stores occupied: 0
 415000: system.cpu.commit: DefaultCommimt<Impl>::tick() begins
 415000: system.cpu.commit: Getting instructions from Rename stage.
 415000: system.cpu.commit: Trying to commit instructions in the ROB.
 415000: system.cpu.commit: [tid:0]: Can't commit, Instruction [sn:42] PC (0x4010fc=>0x401100).(0=>1) is head of ROB and not ready
 415000: system.cpu.commit: [tid:0]: ROB has 27 insts & 165 free entries.
 415500: system.cpu.fetch: Running stage.
 415500: system.cpu.fetch: Attempting to fetch from [tid:0]
 415500: system.cpu.fetch: [tid:0]: Adding instructions to queue to decode.
 415500: system.cpu.iq: Attempting to schedule ready instructions from the IQ.
 415500: system.cpu.iq: Not able to schedule any instructions.
 415500: system.cpu.iew.lsq.thread0: LQ size: 33, #loads occupied: 6
 415500: system.cpu.iew.lsq.thread0: SQ size: 33, #stores occupied: 0
 415500: system.cpu.commit: DefaultCommimt<Impl>::tick() begins
 415500: system.cpu.commit: Getting instructions from Rename stage.
 415500: system.cpu.commit: Trying to commit instructions in the ROB.
 415500: system.cpu.commit: [tid:0]: Can't commit, Instruction [sn:42] PC (0x4010fc=>0x401100).(0=>1) is head of ROB and not ready
 415500: system.cpu.commit: [tid:0]: ROB has 27 insts & 165 free entries.
 416000: system.cpu.fetch: Running stage.
 416000: system.cpu.fetch: Attempting to fetch from [tid:0]
 416000: system.cpu.fetch: [tid:0]: Adding instructions to queue to decode.
 416000: system.cpu.iq: Attempting to schedule ready instructions from the IQ.
 416000: system.cpu.iq: Not able to schedule any instructions.
 416000: system.cpu.commit: DefaultCommimt<Impl>::tick() begins
 416000: system.cpu.commit: Getting instructions from Rename stage.
 416000: system.cpu.commit: Trying to commit instructions in the ROB.
 416000: system.cpu.commit: [tid:0]: Can't commit, Instruction [sn:42] PC (0x4010fc=>0x401100).(0=>1) is head of ROB and not ready
 416000: system.cpu.commit: [tid:0]: ROB has 27 insts & 165 free entries.
 416500: system.cpu.fetch: Running stage.
 416500: system.cpu.fetch: Attempting to fetch from [tid:0]
 416500: system.cpu.fetch: [tid:0]: Adding instructions to queue to decode.
 416500: system.cpu.iq: Attempting to schedule ready instructions from the IQ.
 416500: system.cpu.iq: Not able to schedule any instructions.
 416500: system.cpu.commit: DefaultCommimt<Impl>::tick() begins
 416500: system.cpu.commit: Getting instructions from Rename stage.
 416500: system.cpu.commit: Trying to commit instructions in the ROB.
 416500: system.cpu.commit: [tid:0]: Can't commit, Instruction [sn:42] PC (0x4010fc=>0x401100).(0=>1) is head of ROB and not ready
 416500: system.cpu.commit: [tid:0]: ROB has 27 insts & 165 free entries.
 417000: system.cpu.fetch: Running stage.
 417000: system.cpu.fetch: Attempting to fetch from [tid:0]
 417000: system.cpu.fetch: [tid:0]: Adding instructions to queue to decode.
 417000: system.cpu.iq: Attempting to schedule ready instructions from the IQ.
 417000: system.cpu.iq: Not able to schedule any instructions.
 417000: system.cpu.commit: DefaultCommimt<Impl>::tick() begins
 417000: system.cpu.commit: Getting instructions from Rename stage.
 417000: system.cpu.commit: Trying to commit instructions in the ROB.
 417000: system.cpu.commit: [tid:0]: Can't commit, Instruction [sn:42] PC (0x4010fc=>0x401100).(0=>1) is head of ROB and not ready
 417000: system.cpu.commit: [tid:0]: ROB has 27 insts & 165 free entries.
 417500: system.cpu.fetch: Running stage.
 417500: system.cpu.fetch: Attempting to fetch from [tid:0]
 417500: system.cpu.fetch: [tid:0]: Adding instructions to queue to decode.
 417500: system.cpu.iq: Attempting to schedule ready instructions from the IQ.
 417500: system.cpu.iq: Not able to schedule any instructions.
 417500: system.cpu.commit: DefaultCommimt<Impl>::tick() begins
 417500: system.cpu.commit: Getting instructions from Rename stage.
 417500: system.cpu.commit: Trying to commit instructions in the ROB.
 417500: system.cpu.commit: [tid:0]: Can't commit, Instruction [sn:42] PC (0x4010fc=>0x401100).(0=>1) is head of ROB and not ready
 417500: system.cpu.commit: [tid:0]: ROB has 27 insts & 165 free entries.
 418000: system.cpu.fetch: Running stage.
 418000: system.cpu.fetch: Attempting to fetch from [tid:0]
 418000: system.cpu.fetch: [tid:0]: Adding instructions to queue to decode.
 418000: system.cpu.iq: Attempting to schedule ready instructions from the IQ.
 418000: system.cpu.iq: Not able to schedule any instructions.
 418000: system.cpu.commit: DefaultCommimt<Impl>::tick() begins
 418000: system.cpu.commit: Getting instructions from Rename stage.
 418000: system.cpu.commit: Trying to commit instructions in the ROB.
 418000: system.cpu.commit: [tid:0]: Can't commit, Instruction [sn:42] PC (0x4010fc=>0x401100).(0=>1) is head of ROB and not ready
 418000: system.cpu.commit: [tid:0]: ROB has 27 insts & 165 free entries.
 418500: system.cpu.fetch: Running stage.
 418500: system.cpu.fetch: Attempting to fetch from [tid:0]
 418500: system.cpu.fetch: [tid:0]: Adding instructions to queue to decode.
 418500: system.cpu.iq: Attempting to schedule ready instructions from the IQ.
 418500: system.cpu.iq: Not able to schedule any instructions.
 418500: system.cpu.commit: DefaultCommimt<Impl>::tick() begins
 418500: system.cpu.commit: Getting instructions from Rename stage.
 418500: system.cpu.commit: Trying to commit instructions in the ROB.
 418500: system.cpu.commit: [tid:0]: Can't commit, Instruction [sn:42] PC (0x4010fc=>0x401100).(0=>1) is head of ROB and not ready
 418500: system.cpu.commit: [tid:0]: ROB has 27 insts & 165 free entries.
 419000: system.cpu.fetch: Running stage.
 419000: system.cpu.fetch: Attempting to fetch from [tid:0]
 419000: system.cpu.fetch: [tid:0]: Adding instructions to queue to decode.
 419000: system.cpu.iq: Attempting to schedule ready instructions from the IQ.
 419000: system.cpu.iq: Not able to schedule any instructions.
 419000: system.cpu.commit: DefaultCommimt<Impl>::tick() begins
 419000: system.cpu.commit: Getting instructions from Rename stage.
 419000: system.cpu.commit: Trying to commit instructions in the ROB.
 419000: system.cpu.commit: [tid:0]: Can't commit, Instruction [sn:42] PC (0x4010fc=>0x401100).(0=>1) is head of ROB and not ready
 419000: system.cpu.commit: [tid:0]: ROB has 27 insts & 165 free entries.
 419500: system.cpu.fetch: Running stage.
 419500: system.cpu.fetch: Attempting to fetch from [tid:0]
 419500: system.cpu.fetch: [tid:0]: Adding instructions to queue to decode.
 419500: system.cpu.iq: Attempting to schedule ready instructions from the IQ.
 419500: system.cpu.iq: Not able to schedule any instructions.
 419500: system.cpu.commit: DefaultCommimt<Impl>::tick() begins
 419500: system.cpu.commit: Getting instructions from Rename stage.
 419500: system.cpu.commit: Trying to commit instructions in the ROB.
 419500: system.cpu.commit: [tid:0]: Can't commit, Instruction [sn:42] PC (0x4010fc=>0x401100).(0=>1) is head of ROB and not ready
 419500: system.cpu.commit: [tid:0]: ROB has 27 insts & 165 free entries.
 420000: system.cpu.fetch: Running stage.
 420000: system.cpu.fetch: Attempting to fetch from [tid:0]
 420000: system.cpu.fetch: [tid:0]: Adding instructions to queue to decode.
 420000: system.cpu.iq: Attempting to schedule ready instructions from the IQ.
 420000: system.cpu.iq: Not able to schedule any instructions.
 420000: system.cpu.commit: DefaultCommimt<Impl>::tick() begins
 420000: system.cpu.commit: Getting instructions from Rename stage.
 420000: system.cpu.commit: Trying to commit instructions in the ROB.
 420000: system.cpu.commit: [tid:0]: Can't commit, Instruction [sn:42] PC (0x4010fc=>0x401100).(0=>1) is head of ROB and not ready
 420000: system.cpu.commit: [tid:0]: ROB has 27 insts & 165 free entries.
 420500: system.cpu.fetch: Running stage.
 420500: system.cpu.fetch: Attempting to fetch from [tid:0]
 420500: system.cpu.fetch: [tid:0]: Adding instructions to queue to decode.
 420500: system.cpu.iq: Attempting to schedule ready instructions from the IQ.
 420500: system.cpu.iq: Not able to schedule any instructions.
 420500: system.cpu.commit: DefaultCommimt<Impl>::tick() begins
 420500: system.cpu.commit: Getting instructions from Rename stage.
 420500: system.cpu.commit: Trying to commit instructions in the ROB.
 420500: system.cpu.commit: [tid:0]: Can't commit, Instruction [sn:42] PC (0x4010fc=>0x401100).(0=>1) is head of ROB and not ready
 420500: system.cpu.commit: [tid:0]: ROB has 27 insts & 165 free entries.
 421000: system.cpu.fetch: Running stage.
 421000: system.cpu.fetch: Attempting to fetch from [tid:0]
 421000: system.cpu.fetch: [tid:0]: Adding instructions to queue to decode.
 421000: system.cpu.iq: Attempting to schedule ready instructions from the IQ.
 421000: system.cpu.iq: Not able to schedule any instructions.
 421000: system.cpu.commit: DefaultCommimt<Impl>::tick() begins
 421000: system.cpu.commit: Getting instructions from Rename stage.
 421000: system.cpu.commit: Trying to commit instructions in the ROB.
 421000: system.cpu.commit: [tid:0]: Can't commit, Instruction [sn:42] PC (0x4010fc=>0x401100).(0=>1) is head of ROB and not ready
 421000: system.cpu.commit: [tid:0]: ROB has 27 insts & 165 free entries.
 421500: system.cpu.fetch: Running stage.
 421500: system.cpu.fetch: Attempting to fetch from [tid:0]
 421500: system.cpu.fetch: [tid:0]: Adding instructions to queue to decode.
 421500: system.cpu.iq: Attempting to schedule ready instructions from the IQ.
 421500: system.cpu.iq: Not able to schedule any instructions.
 421500: system.cpu.commit: DefaultCommimt<Impl>::tick() begins
 421500: system.cpu.commit: Getting instructions from Rename stage.
 421500: system.cpu.commit: Trying to commit instructions in the ROB.
 421500: system.cpu.commit: [tid:0]: Can't commit, Instruction [sn:42] PC (0x4010fc=>0x401100).(0=>1) is head of ROB and not ready
 421500: system.cpu.commit: [tid:0]: ROB has 27 insts & 165 free entries.
 422000: system.cpu.fetch: Running stage.
 422000: system.cpu.fetch: Attempting to fetch from [tid:0]
 422000: system.cpu.fetch: [tid:0]: Adding instructions to queue to decode.
 422000: system.cpu.iq: Attempting to schedule ready instructions from the IQ.
 422000: system.cpu.iq: Not able to schedule any instructions.
 422000: system.cpu.commit: DefaultCommimt<Impl>::tick() begins
 422000: system.cpu.commit: Getting instructions from Rename stage.
 422000: system.cpu.commit: Trying to commit instructions in the ROB.
 422000: system.cpu.commit: [tid:0]: Can't commit, Instruction [sn:42] PC (0x4010fc=>0x401100).(0=>1) is head of ROB and not ready
 422000: system.cpu.commit: [tid:0]: ROB has 27 insts & 165 free entries.
 422500: system.cpu.fetch: Running stage.
 422500: system.cpu.fetch: Attempting to fetch from [tid:0]
 422500: system.cpu.fetch: [tid:0]: Adding instructions to queue to decode.
 422500: system.cpu.iq: Attempting to schedule ready instructions from the IQ.
 422500: system.cpu.iq: Not able to schedule any instructions.
 422500: system.cpu.commit: DefaultCommimt<Impl>::tick() begins
 422500: system.cpu.commit: Getting instructions from Rename stage.
 422500: system.cpu.commit: Trying to commit instructions in the ROB.
 422500: system.cpu.commit: [tid:0]: Can't commit, Instruction [sn:42] PC (0x4010fc=>0x401100).(0=>1) is head of ROB and not ready
 422500: system.cpu.commit: [tid:0]: ROB has 27 insts & 165 free entries.
 423000: system.cpu.fetch: Running stage.
 423000: system.cpu.fetch: Attempting to fetch from [tid:0]
 423000: system.cpu.fetch: [tid:0]: Adding instructions to queue to decode.
 423000: system.cpu.iq: Attempting to schedule ready instructions from the IQ.
 423000: system.cpu.iq: Not able to schedule any instructions.
 423000: system.cpu.commit: DefaultCommimt<Impl>::tick() begins
 423000: system.cpu.commit: Getting instructions from Rename stage.
 423000: system.cpu.commit: Trying to commit instructions in the ROB.
 423000: system.cpu.commit: [tid:0]: Can't commit, Instruction [sn:42] PC (0x4010fc=>0x401100).(0=>1) is head of ROB and not ready
 423000: system.cpu.commit: [tid:0]: ROB has 27 insts & 165 free entries.
 423500: system.cpu.fetch: Running stage.
 423500: system.cpu.fetch: Attempting to fetch from [tid:0]
 423500: system.cpu.fetch: [tid:0]: Adding instructions to queue to decode.
 423500: system.cpu.iq: Attempting to schedule ready instructions from the IQ.
 423500: system.cpu.iq: Not able to schedule any instructions.
 423500: system.cpu.commit: DefaultCommimt<Impl>::tick() begins
 423500: system.cpu.commit: Getting instructions from Rename stage.
 423500: system.cpu.commit: Trying to commit instructions in the ROB.
 423500: system.cpu.commit: [tid:0]: Can't commit, Instruction [sn:42] PC (0x4010fc=>0x401100).(0=>1) is head of ROB and not ready
 423500: system.cpu.commit: [tid:0]: ROB has 27 insts & 165 free entries.
 424000: system.cpu.fetch: Running stage.
 424000: system.cpu.fetch: Attempting to fetch from [tid:0]
 424000: system.cpu.fetch: [tid:0]: Adding instructions to queue to decode.
 424000: system.cpu.iq: Attempting to schedule ready instructions from the IQ.
 424000: system.cpu.iq: Not able to schedule any instructions.
 424000: system.cpu.commit: DefaultCommimt<Impl>::tick() begins
 424000: system.cpu.commit: Getting instructions from Rename stage.
 424000: system.cpu.commit: Trying to commit instructions in the ROB.
 424000: system.cpu.commit: [tid:0]: Can't commit, Instruction [sn:42] PC (0x4010fc=>0x401100).(0=>1) is head of ROB and not ready
 424000: system.cpu.commit: [tid:0]: ROB has 27 insts & 165 free entries.
 424500: system.cpu.fetch: Running stage.
 424500: system.cpu.fetch: Attempting to fetch from [tid:0]
 424500: system.cpu.fetch: [tid:0]: Adding instructions to queue to decode.
 424500: system.cpu.iq: Attempting to schedule ready instructions from the IQ.
 424500: system.cpu.iq: Not able to schedule any instructions.
 424500: system.cpu.commit: DefaultCommimt<Impl>::tick() begins
 424500: system.cpu.commit: Getting instructions from Rename stage.
 424500: system.cpu.commit: Trying to commit instructions in the ROB.
 424500: system.cpu.commit: [tid:0]: Can't commit, Instruction [sn:42] PC (0x4010fc=>0x401100).(0=>1) is head of ROB and not ready
 424500: system.cpu.commit: [tid:0]: ROB has 27 insts & 165 free entries.
 425000: system.cpu.fetch: Running stage.
 425000: system.cpu.fetch: Attempting to fetch from [tid:0]
 425000: system.cpu.fetch: [tid:0]: Adding instructions to queue to decode.
 425000: system.cpu.iq: Attempting to schedule ready instructions from the IQ.
 425000: system.cpu.iq: Not able to schedule any instructions.
 425000: system.cpu.commit: DefaultCommimt<Impl>::tick() begins
 425000: system.cpu.commit: Getting instructions from Rename stage.
 425000: system.cpu.commit: Trying to commit instructions in the ROB.
 425000: system.cpu.commit: [tid:0]: Can't commit, Instruction [sn:42] PC (0x4010fc=>0x401100).(0=>1) is head of ROB and not ready
 425000: system.cpu.commit: [tid:0]: ROB has 27 insts & 165 free entries.
 425500: system.cpu.fetch: Running stage.
 425500: system.cpu.fetch: Attempting to fetch from [tid:0]
 425500: system.cpu.fetch: [tid:0]: Adding instructions to queue to decode.
 425500: system.cpu.iq: Attempting to schedule ready instructions from the IQ.
 425500: system.cpu.iq: Not able to schedule any instructions.
 425500: system.cpu.commit: DefaultCommimt<Impl>::tick() begins
 425500: system.cpu.commit: Getting instructions from Rename stage.
 425500: system.cpu.commit: Trying to commit instructions in the ROB.
 425500: system.cpu.commit: [tid:0]: Can't commit, Instruction [sn:42] PC (0x4010fc=>0x401100).(0=>1) is head of ROB and not ready
 425500: system.cpu.commit: [tid:0]: ROB has 27 insts & 165 free entries.
 426000: system.cpu.fetch: Running stage.
 426000: system.cpu.fetch: Attempting to fetch from [tid:0]
 426000: system.cpu.fetch: [tid:0]: Adding instructions to queue to decode.
 426000: system.cpu.iq: Attempting to schedule ready instructions from the IQ.
 426000: system.cpu.iq: Not able to schedule any instructions.
 426000: system.cpu.commit: DefaultCommimt<Impl>::tick() begins
 426000: system.cpu.commit: Getting instructions from Rename stage.
 426000: system.cpu.commit: Trying to commit instructions in the ROB.
 426000: system.cpu.commit: [tid:0]: Can't commit, Instruction [sn:42] PC (0x4010fc=>0x401100).(0=>1) is head of ROB and not ready
 426000: system.cpu.commit: [tid:0]: ROB has 27 insts & 165 free entries.
 426500: system.cpu.fetch: Running stage.
 426500: system.cpu.fetch: Attempting to fetch from [tid:0]
 426500: system.cpu.fetch: [tid:0]: Adding instructions to queue to decode.
 426500: system.cpu.iq: Attempting to schedule ready instructions from the IQ.
 426500: system.cpu.iq: Not able to schedule any instructions.
 426500: system.cpu.commit: DefaultCommimt<Impl>::tick() begins
 426500: system.cpu.commit: Getting instructions from Rename stage.
 426500: system.cpu.commit: Trying to commit instructions in the ROB.
 426500: system.cpu.commit: [tid:0]: Can't commit, Instruction [sn:42] PC (0x4010fc=>0x401100).(0=>1) is head of ROB and not ready
 426500: system.cpu.commit: [tid:0]: ROB has 27 insts & 165 free entries.
 427000: system.cpu.fetch: Running stage.
 427000: system.cpu.fetch: Attempting to fetch from [tid:0]
 427000: system.cpu.fetch: [tid:0]: Adding instructions to queue to decode.
 427000: system.cpu.iq: Attempting to schedule ready instructions from the IQ.
 427000: system.cpu.iq: Not able to schedule any instructions.
 427000: system.cpu.commit: DefaultCommimt<Impl>::tick() begins
 427000: system.cpu.commit: Getting instructions from Rename stage.
 427000: system.cpu.commit: Trying to commit instructions in the ROB.
 427000: system.cpu.commit: [tid:0]: Can't commit, Instruction [sn:42] PC (0x4010fc=>0x401100).(0=>1) is head of ROB and not ready
 427000: system.cpu.commit: [tid:0]: ROB has 27 insts & 165 free entries.
 427500: system.cpu.fetch: Running stage.
 427500: system.cpu.fetch: Attempting to fetch from [tid:0]
 427500: system.cpu.fetch: [tid:0]: Adding instructions to queue to decode.
 427500: system.cpu.iq: Attempting to schedule ready instructions from the IQ.
 427500: system.cpu.iq: Not able to schedule any instructions.
 427500: system.cpu.commit: DefaultCommimt<Impl>::tick() begins
 427500: system.cpu.commit: Getting instructions from Rename stage.
 427500: system.cpu.commit: Trying to commit instructions in the ROB.
 427500: system.cpu.commit: [tid:0]: Can't commit, Instruction [sn:42] PC (0x4010fc=>0x401100).(0=>1) is head of ROB and not ready
 427500: system.cpu.commit: [tid:0]: ROB has 27 insts & 165 free entries.
 428000: system.cpu.fetch: Running stage.
 428000: system.cpu.fetch: Attempting to fetch from [tid:0]
 428000: system.cpu.fetch: [tid:0]: Adding instructions to queue to decode.
 428000: system.cpu.iq: Attempting to schedule ready instructions from the IQ.
 428000: system.cpu.iq: Not able to schedule any instructions.
 428000: system.cpu.commit: DefaultCommimt<Impl>::tick() begins
 428000: system.cpu.commit: Getting instructions from Rename stage.
 428000: system.cpu.commit: Trying to commit instructions in the ROB.
 428000: system.cpu.commit: [tid:0]: Can't commit, Instruction [sn:42] PC (0x4010fc=>0x401100).(0=>1) is head of ROB and not ready
 428000: system.cpu.commit: [tid:0]: ROB has 27 insts & 165 free entries.
 428500: system.cpu.fetch: Running stage.
 428500: system.cpu.fetch: Attempting to fetch from [tid:0]
 428500: system.cpu.fetch: [tid:0]: Adding instructions to queue to decode.
 428500: system.cpu.iq: Attempting to schedule ready instructions from the IQ.
 428500: system.cpu.iq: Not able to schedule any instructions.
 428500: system.cpu.commit: DefaultCommimt<Impl>::tick() begins
 428500: system.cpu.commit: Getting instructions from Rename stage.
 428500: system.cpu.commit: Trying to commit instructions in the ROB.
 428500: system.cpu.commit: [tid:0]: Can't commit, Instruction [sn:42] PC (0x4010fc=>0x401100).(0=>1) is head of ROB and not ready
 428500: system.cpu.commit: [tid:0]: ROB has 27 insts & 165 free entries.
 429000: system.cpu.fetch: Running stage.
 429000: system.cpu.fetch: Attempting to fetch from [tid:0]
 429000: system.cpu.fetch: [tid:0]: Adding instructions to queue to decode.
 429000: system.cpu.iq: Attempting to schedule ready instructions from the IQ.
 429000: system.cpu.iq: Not able to schedule any instructions.
 429000: system.cpu.commit: DefaultCommimt<Impl>::tick() begins
 429000: system.cpu.commit: Getting instructions from Rename stage.
 429000: system.cpu.commit: Trying to commit instructions in the ROB.
 429000: system.cpu.commit: [tid:0]: Can't commit, Instruction [sn:42] PC (0x4010fc=>0x401100).(0=>1) is head of ROB and not ready
 429000: system.cpu.commit: [tid:0]: ROB has 27 insts & 165 free entries.
 429500: system.cpu.fetch: Running stage.
 429500: system.cpu.fetch: Attempting to fetch from [tid:0]
 429500: system.cpu.fetch: [tid:0]: Adding instructions to queue to decode.
 429500: system.cpu.iq: Attempting to schedule ready instructions from the IQ.
 429500: system.cpu.iq: Not able to schedule any instructions.
 429500: system.cpu.commit: DefaultCommimt<Impl>::tick() begins
 429500: system.cpu.commit: Getting instructions from Rename stage.
 429500: system.cpu.commit: Trying to commit instructions in the ROB.
 429500: system.cpu.commit: [tid:0]: Can't commit, Instruction [sn:42] PC (0x4010fc=>0x401100).(0=>1) is head of ROB and not ready
 429500: system.cpu.commit: [tid:0]: ROB has 27 insts & 165 free entries.
 430000: system.cpu.fetch: Running stage.
 430000: system.cpu.fetch: Attempting to fetch from [tid:0]
 430000: system.cpu.fetch: [tid:0]: Adding instructions to queue to decode.
 430000: system.cpu.iq: Attempting to schedule ready instructions from the IQ.
 430000: system.cpu.iq: Not able to schedule any instructions.
 430000: system.cpu.commit: DefaultCommimt<Impl>::tick() begins
 430000: system.cpu.commit: Getting instructions from Rename stage.
 430000: system.cpu.commit: Trying to commit instructions in the ROB.
 430000: system.cpu.commit: [tid:0]: Can't commit, Instruction [sn:42] PC (0x4010fc=>0x401100).(0=>1) is head of ROB and not ready
 430000: system.cpu.commit: [tid:0]: ROB has 27 insts & 165 free entries.
 430500: system.cpu.fetch: Running stage.
 430500: system.cpu.fetch: Attempting to fetch from [tid:0]
 430500: system.cpu.fetch: [tid:0]: Adding instructions to queue to decode.
 430500: system.cpu.iq: Attempting to schedule ready instructions from the IQ.
 430500: system.cpu.iq: Not able to schedule any instructions.
 430500: system.cpu.commit: DefaultCommimt<Impl>::tick() begins
 430500: system.cpu.commit: Getting instructions from Rename stage.
 430500: system.cpu.commit: Trying to commit instructions in the ROB.
 430500: system.cpu.commit: [tid:0]: Can't commit, Instruction [sn:42] PC (0x4010fc=>0x401100).(0=>1) is head of ROB and not ready
 430500: system.cpu.commit: [tid:0]: ROB has 27 insts & 165 free entries.
 431000: system.cpu.fetch: Running stage.
 431000: system.cpu.fetch: Attempting to fetch from [tid:0]
 431000: system.cpu.fetch: [tid:0]: Adding instructions to queue to decode.
 431000: system.cpu.iq: Attempting to schedule ready instructions from the IQ.
 431000: system.cpu.iq: Not able to schedule any instructions.
 431000: system.cpu.commit: DefaultCommimt<Impl>::tick() begins
 431000: system.cpu.commit: Getting instructions from Rename stage.
 431000: system.cpu.commit: Trying to commit instructions in the ROB.
 431000: system.cpu.commit: [tid:0]: Can't commit, Instruction [sn:42] PC (0x4010fc=>0x401100).(0=>1) is head of ROB and not ready
 431000: system.cpu.commit: [tid:0]: ROB has 27 insts & 165 free entries.
 431500: system.cpu.fetch: Running stage.
 431500: system.cpu.fetch: Attempting to fetch from [tid:0]
 431500: system.cpu.fetch: [tid:0]: Adding instructions to queue to decode.
 431500: system.cpu.iq: Attempting to schedule ready instructions from the IQ.
 431500: system.cpu.iq: Not able to schedule any instructions.
 431500: system.cpu.commit: DefaultCommimt<Impl>::tick() begins
 431500: system.cpu.commit: Getting instructions from Rename stage.
 431500: system.cpu.commit: Trying to commit instructions in the ROB.
 431500: system.cpu.commit: [tid:0]: Can't commit, Instruction [sn:42] PC (0x4010fc=>0x401100).(0=>1) is head of ROB and not ready
 431500: system.cpu.commit: [tid:0]: ROB has 27 insts & 165 free entries.
 432000: system.cpu.fetch: Running stage.
 432000: system.cpu.fetch: Attempting to fetch from [tid:0]
 432000: system.cpu.fetch: [tid:0]: Adding instructions to queue to decode.
 432000: system.cpu.iq: Attempting to schedule ready instructions from the IQ.
 432000: system.cpu.iq: Not able to schedule any instructions.
 432000: system.cpu.commit: DefaultCommimt<Impl>::tick() begins
 432000: system.cpu.commit: Getting instructions from Rename stage.
 432000: system.cpu.commit: Trying to commit instructions in the ROB.
 432000: system.cpu.commit: [tid:0]: Can't commit, Instruction [sn:42] PC (0x4010fc=>0x401100).(0=>1) is head of ROB and not ready
 432000: system.cpu.commit: [tid:0]: ROB has 27 insts & 165 free entries.
 432500: system.cpu.fetch: Running stage.
 432500: system.cpu.fetch: Attempting to fetch from [tid:0]
 432500: system.cpu.fetch: [tid:0]: Adding instructions to queue to decode.
 432500: system.cpu.iq: Attempting to schedule ready instructions from the IQ.
 432500: system.cpu.iq: Not able to schedule any instructions.
 432500: system.cpu.commit: DefaultCommimt<Impl>::tick() begins
 432500: system.cpu.commit: Getting instructions from Rename stage.
 432500: system.cpu.commit: Trying to commit instructions in the ROB.
 432500: system.cpu.commit: [tid:0]: Can't commit, Instruction [sn:42] PC (0x4010fc=>0x401100).(0=>1) is head of ROB and not ready
 432500: system.cpu.commit: [tid:0]: ROB has 27 insts & 165 free entries.
 433000: system.cpu.fetch: Running stage.
 433000: system.cpu.fetch: Attempting to fetch from [tid:0]
 433000: system.cpu.fetch: [tid:0]: Adding instructions to queue to decode.
 433000: system.cpu.iq: Attempting to schedule ready instructions from the IQ.
 433000: system.cpu.iq: Not able to schedule any instructions.
 433000: system.cpu.commit: DefaultCommimt<Impl>::tick() begins
 433000: system.cpu.commit: Getting instructions from Rename stage.
 433000: system.cpu.commit: Trying to commit instructions in the ROB.
 433000: system.cpu.commit: [tid:0]: Can't commit, Instruction [sn:42] PC (0x4010fc=>0x401100).(0=>1) is head of ROB and not ready
 433000: system.cpu.commit: [tid:0]: ROB has 27 insts & 165 free entries.
 433500: system.cpu.fetch: Running stage.
 433500: system.cpu.fetch: Attempting to fetch from [tid:0]
 433500: system.cpu.fetch: [tid:0]: Adding instructions to queue to decode.
 433500: system.cpu.iq: Attempting to schedule ready instructions from the IQ.
 433500: system.cpu.iq: Not able to schedule any instructions.
 433500: system.cpu.commit: DefaultCommimt<Impl>::tick() begins
 433500: system.cpu.commit: Getting instructions from Rename stage.
 433500: system.cpu.commit: Trying to commit instructions in the ROB.
 433500: system.cpu.commit: [tid:0]: Can't commit, Instruction [sn:42] PC (0x4010fc=>0x401100).(0=>1) is head of ROB and not ready
 433500: system.cpu.commit: [tid:0]: ROB has 27 insts & 165 free entries.
 434000: system.cpu.fetch: Running stage.
 434000: system.cpu.fetch: Attempting to fetch from [tid:0]
 434000: system.cpu.fetch: [tid:0]: Adding instructions to queue to decode.
 434000: system.cpu.iq: Attempting to schedule ready instructions from the IQ.
 434000: system.cpu.iq: Not able to schedule any instructions.
 434000: system.cpu.commit: DefaultCommimt<Impl>::tick() begins
 434000: system.cpu.commit: Getting instructions from Rename stage.
 434000: system.cpu.commit: Trying to commit instructions in the ROB.
 434000: system.cpu.commit: [tid:0]: Can't commit, Instruction [sn:42] PC (0x4010fc=>0x401100).(0=>1) is head of ROB and not ready
 434000: system.cpu.commit: [tid:0]: ROB has 27 insts & 165 free entries.
 434500: system.cpu.fetch: Running stage.
 434500: system.cpu.fetch: Attempting to fetch from [tid:0]
 434500: system.cpu.fetch: [tid:0]: Adding instructions to queue to decode.
 434500: system.cpu.iq: Attempting to schedule ready instructions from the IQ.
 434500: system.cpu.iq: Not able to schedule any instructions.
 434500: system.cpu.commit: DefaultCommimt<Impl>::tick() begins
 434500: system.cpu.commit: Getting instructions from Rename stage.
 434500: system.cpu.commit: Trying to commit instructions in the ROB.
 434500: system.cpu.commit: [tid:0]: Can't commit, Instruction [sn:42] PC (0x4010fc=>0x401100).(0=>1) is head of ROB and not ready
 434500: system.cpu.commit: [tid:0]: ROB has 27 insts & 165 free entries.
 435000: system.cpu.fetch: Running stage.
 435000: system.cpu.fetch: Attempting to fetch from [tid:0]
 435000: system.cpu.fetch: [tid:0]: Adding instructions to queue to decode.
 435000: system.cpu.iq: Attempting to schedule ready instructions from the IQ.
 435000: system.cpu.iq: Not able to schedule any instructions.
 435000: system.cpu.commit: DefaultCommimt<Impl>::tick() begins
 435000: system.cpu.commit: Getting instructions from Rename stage.
 435000: system.cpu.commit: Trying to commit instructions in the ROB.
 435000: system.cpu.commit: [tid:0]: Can't commit, Instruction [sn:42] PC (0x4010fc=>0x401100).(0=>1) is head of ROB and not ready
 435000: system.cpu.commit: [tid:0]: ROB has 27 insts & 165 free entries.
 435500: system.cpu.fetch: Running stage.
 435500: system.cpu.fetch: Attempting to fetch from [tid:0]
 435500: system.cpu.fetch: [tid:0]: Adding instructions to queue to decode.
 435500: system.cpu.iq: Attempting to schedule ready instructions from the IQ.
 435500: system.cpu.iq: Not able to schedule any instructions.
 435500: system.cpu.commit: DefaultCommimt<Impl>::tick() begins
 435500: system.cpu.commit: Getting instructions from Rename stage.
 435500: system.cpu.commit: Trying to commit instructions in the ROB.
 435500: system.cpu.commit: [tid:0]: Can't commit, Instruction [sn:42] PC (0x4010fc=>0x401100).(0=>1) is head of ROB and not ready
 435500: system.cpu.commit: [tid:0]: ROB has 27 insts & 165 free entries.
 436000: system.cpu.fetch: Running stage.
 436000: system.cpu.fetch: Attempting to fetch from [tid:0]
 436000: system.cpu.fetch: [tid:0]: Adding instructions to queue to decode.
 436000: system.cpu.iq: Attempting to schedule ready instructions from the IQ.
 436000: system.cpu.iq: Not able to schedule any instructions.
 436000: system.cpu.commit: DefaultCommimt<Impl>::tick() begins
 436000: system.cpu.commit: Getting instructions from Rename stage.
 436000: system.cpu.commit: Trying to commit instructions in the ROB.
 436000: system.cpu.commit: [tid:0]: Can't commit, Instruction [sn:42] PC (0x4010fc=>0x401100).(0=>1) is head of ROB and not ready
 436000: system.cpu.commit: [tid:0]: ROB has 27 insts & 165 free entries.
 436500: system.cpu.fetch: Running stage.
 436500: system.cpu.fetch: Attempting to fetch from [tid:0]
 436500: system.cpu.fetch: [tid:0]: Adding instructions to queue to decode.
 436500: system.cpu.iq: Attempting to schedule ready instructions from the IQ.
 436500: system.cpu.iq: Not able to schedule any instructions.
 436500: system.cpu.commit: DefaultCommimt<Impl>::tick() begins
 436500: system.cpu.commit: Getting instructions from Rename stage.
 436500: system.cpu.commit: Trying to commit instructions in the ROB.
 436500: system.cpu.commit: [tid:0]: Can't commit, Instruction [sn:42] PC (0x4010fc=>0x401100).(0=>1) is head of ROB and not ready
 436500: system.cpu.commit: [tid:0]: ROB has 27 insts & 165 free entries.
 437000: system.cpu.fetch: Running stage.
 437000: system.cpu.fetch: Attempting to fetch from [tid:0]
 437000: system.cpu.fetch: [tid:0]: Adding instructions to queue to decode.
 437000: system.cpu.iq: Attempting to schedule ready instructions from the IQ.
 437000: system.cpu.iq: Not able to schedule any instructions.
 437000: system.cpu.commit: DefaultCommimt<Impl>::tick() begins
 437000: system.cpu.commit: Getting instructions from Rename stage.
 437000: system.cpu.commit: Trying to commit instructions in the ROB.
 437000: system.cpu.commit: [tid:0]: Can't commit, Instruction [sn:42] PC (0x4010fc=>0x401100).(0=>1) is head of ROB and not ready
 437000: system.cpu.commit: [tid:0]: ROB has 27 insts & 165 free entries.
 437500: system.cpu.fetch: Running stage.
 437500: system.cpu.fetch: Attempting to fetch from [tid:0]
 437500: system.cpu.fetch: [tid:0]: Adding instructions to queue to decode.
 437500: system.cpu.iq: Attempting to schedule ready instructions from the IQ.
 437500: system.cpu.iq: Not able to schedule any instructions.
 437500: system.cpu.commit: DefaultCommimt<Impl>::tick() begins
 437500: system.cpu.commit: Getting instructions from Rename stage.
 437500: system.cpu.commit: Trying to commit instructions in the ROB.
 437500: system.cpu.commit: [tid:0]: Can't commit, Instruction [sn:42] PC (0x4010fc=>0x401100).(0=>1) is head of ROB and not ready
 437500: system.cpu.commit: [tid:0]: ROB has 27 insts & 165 free entries.
 438000: system.cpu.fetch: Running stage.
 438000: system.cpu.fetch: Attempting to fetch from [tid:0]
 438000: system.cpu.fetch: [tid:0]: Adding instructions to queue to decode.
 438000: system.cpu.iq: Attempting to schedule ready instructions from the IQ.
 438000: system.cpu.iq: Not able to schedule any instructions.
 438000: system.cpu.commit: DefaultCommimt<Impl>::tick() begins
 438000: system.cpu.commit: Getting instructions from Rename stage.
 438000: system.cpu.commit: Trying to commit instructions in the ROB.
 438000: system.cpu.commit: [tid:0]: Can't commit, Instruction [sn:42] PC (0x4010fc=>0x401100).(0=>1) is head of ROB and not ready
 438000: system.cpu.commit: [tid:0]: ROB has 27 insts & 165 free entries.
 438500: system.cpu.fetch: Running stage.
 438500: system.cpu.fetch: Attempting to fetch from [tid:0]
 438500: system.cpu.fetch: [tid:0]: Adding instructions to queue to decode.
 438500: system.cpu.iq: Attempting to schedule ready instructions from the IQ.
 438500: system.cpu.iq: Not able to schedule any instructions.
 438500: system.cpu.commit: DefaultCommimt<Impl>::tick() begins
 438500: system.cpu.commit: Getting instructions from Rename stage.
 438500: system.cpu.commit: Trying to commit instructions in the ROB.
 438500: system.cpu.commit: [tid:0]: Can't commit, Instruction [sn:42] PC (0x4010fc=>0x401100).(0=>1) is head of ROB and not ready
 438500: system.cpu.commit: [tid:0]: ROB has 27 insts & 165 free entries.
 439000: system.cpu.fetch: Running stage.
 439000: system.cpu.fetch: Attempting to fetch from [tid:0]
 439000: system.cpu.fetch: [tid:0]: Adding instructions to queue to decode.
 439000: system.cpu.iq: Attempting to schedule ready instructions from the IQ.
 439000: system.cpu.iq: Not able to schedule any instructions.
 439000: system.cpu.commit: DefaultCommimt<Impl>::tick() begins
 439000: system.cpu.commit: Getting instructions from Rename stage.
 439000: system.cpu.commit: Trying to commit instructions in the ROB.
 439000: system.cpu.commit: [tid:0]: Can't commit, Instruction [sn:42] PC (0x4010fc=>0x401100).(0=>1) is head of ROB and not ready
 439000: system.cpu.commit: [tid:0]: ROB has 27 insts & 165 free entries.
 439500: system.cpu.fetch: Running stage.
 439500: system.cpu.fetch: Attempting to fetch from [tid:0]
 439500: system.cpu.fetch: [tid:0]: Adding instructions to queue to decode.
 439500: system.cpu.iq: Attempting to schedule ready instructions from the IQ.
 439500: system.cpu.iq: Not able to schedule any instructions.
 439500: system.cpu.commit: DefaultCommimt<Impl>::tick() begins
 439500: system.cpu.commit: Getting instructions from Rename stage.
 439500: system.cpu.commit: Trying to commit instructions in the ROB.
 439500: system.cpu.commit: [tid:0]: Can't commit, Instruction [sn:42] PC (0x4010fc=>0x401100).(0=>1) is head of ROB and not ready
 439500: system.cpu.commit: [tid:0]: ROB has 27 insts & 165 free entries.
 440000: system.cpu.fetch: Running stage.
 440000: system.cpu.fetch: Attempting to fetch from [tid:0]
 440000: system.cpu.fetch: [tid:0]: Adding instructions to queue to decode.
 440000: system.cpu.iq: Attempting to schedule ready instructions from the IQ.
 440000: system.cpu.iq: Not able to schedule any instructions.
 440000: system.cpu.commit: DefaultCommimt<Impl>::tick() begins
 440000: system.cpu.commit: Getting instructions from Rename stage.
 440000: system.cpu.commit: Trying to commit instructions in the ROB.
 440000: system.cpu.commit: [tid:0]: Can't commit, Instruction [sn:42] PC (0x4010fc=>0x401100).(0=>1) is head of ROB and not ready
 440000: system.cpu.commit: [tid:0]: ROB has 27 insts & 165 free entries.
 440500: system.cpu.fetch: Running stage.
 440500: system.cpu.fetch: Attempting to fetch from [tid:0]
 440500: system.cpu.fetch: [tid:0]: Adding instructions to queue to decode.
 440500: system.cpu.iq: Attempting to schedule ready instructions from the IQ.
 440500: system.cpu.iq: Not able to schedule any instructions.
 440500: system.cpu.commit: DefaultCommimt<Impl>::tick() begins
 440500: system.cpu.commit: Getting instructions from Rename stage.
 440500: system.cpu.commit: Trying to commit instructions in the ROB.
 440500: system.cpu.commit: [tid:0]: Can't commit, Instruction [sn:42] PC (0x4010fc=>0x401100).(0=>1) is head of ROB and not ready
 440500: system.cpu.commit: [tid:0]: ROB has 27 insts & 165 free entries.
 441000: system.cpu.fetch: Running stage.
 441000: system.cpu.fetch: Attempting to fetch from [tid:0]
 441000: system.cpu.fetch: [tid:0]: Adding instructions to queue to decode.
 441000: system.cpu.iq: Attempting to schedule ready instructions from the IQ.
 441000: system.cpu.iq: Not able to schedule any instructions.
 441000: system.cpu.commit: DefaultCommimt<Impl>::tick() begins
 441000: system.cpu.commit: Getting instructions from Rename stage.
 441000: system.cpu.commit: Trying to commit instructions in the ROB.
 441000: system.cpu.commit: [tid:0]: Can't commit, Instruction [sn:42] PC (0x4010fc=>0x401100).(0=>1) is head of ROB and not ready
 441000: system.cpu.commit: [tid:0]: ROB has 27 insts & 165 free entries.
 441500: system.cpu.fetch: Running stage.
 441500: system.cpu.fetch: Attempting to fetch from [tid:0]
 441500: system.cpu.fetch: [tid:0]: Adding instructions to queue to decode.
 441500: system.cpu.iq: Attempting to schedule ready instructions from the IQ.
 441500: system.cpu.iq: Not able to schedule any instructions.
 441500: system.cpu.commit: DefaultCommimt<Impl>::tick() begins
 441500: system.cpu.commit: Getting instructions from Rename stage.
 441500: system.cpu.commit: Trying to commit instructions in the ROB.
 441500: system.cpu.commit: [tid:0]: Can't commit, Instruction [sn:42] PC (0x4010fc=>0x401100).(0=>1) is head of ROB and not ready
 441500: system.cpu.commit: [tid:0]: ROB has 27 insts & 165 free entries.
 442000: system.cpu.fetch: Running stage.
 442000: system.cpu.fetch: Attempting to fetch from [tid:0]
 442000: system.cpu.fetch: [tid:0]: Adding instructions to queue to decode.
 442000: system.cpu.iq: Attempting to schedule ready instructions from the IQ.
 442000: system.cpu.iq: Not able to schedule any instructions.
 442000: system.cpu.commit: DefaultCommimt<Impl>::tick() begins
 442000: system.cpu.commit: Getting instructions from Rename stage.
 442000: system.cpu.commit: Trying to commit instructions in the ROB.
 442000: system.cpu.commit: [tid:0]: Can't commit, Instruction [sn:42] PC (0x4010fc=>0x401100).(0=>1) is head of ROB and not ready
 442000: system.cpu.commit: [tid:0]: ROB has 27 insts & 165 free entries.
 442500: system.cpu.fetch: Running stage.
 442500: system.cpu.fetch: Attempting to fetch from [tid:0]
 442500: system.cpu.fetch: [tid:0]: Adding instructions to queue to decode.
 442500: system.cpu.iq: Attempting to schedule ready instructions from the IQ.
 442500: system.cpu.iq: Not able to schedule any instructions.
 442500: system.cpu.commit: DefaultCommimt<Impl>::tick() begins
 442500: system.cpu.commit: Getting instructions from Rename stage.
 442500: system.cpu.commit: Trying to commit instructions in the ROB.
 442500: system.cpu.commit: [tid:0]: Can't commit, Instruction [sn:42] PC (0x4010fc=>0x401100).(0=>1) is head of ROB and not ready
 442500: system.cpu.commit: [tid:0]: ROB has 27 insts & 165 free entries.
 443000: system.cpu.fetch: Running stage.
 443000: system.cpu.fetch: Attempting to fetch from [tid:0]
 443000: system.cpu.fetch: [tid:0]: Adding instructions to queue to decode.
 443000: system.cpu.iq: Attempting to schedule ready instructions from the IQ.
 443000: system.cpu.iq: Not able to schedule any instructions.
 443000: system.cpu.commit: DefaultCommimt<Impl>::tick() begins
 443000: system.cpu.commit: Getting instructions from Rename stage.
 443000: system.cpu.commit: Trying to commit instructions in the ROB.
 443000: system.cpu.commit: [tid:0]: Can't commit, Instruction [sn:42] PC (0x4010fc=>0x401100).(0=>1) is head of ROB and not ready
 443000: system.cpu.commit: [tid:0]: ROB has 27 insts & 165 free entries.
 443500: system.cpu.fetch: Running stage.
 443500: system.cpu.fetch: Attempting to fetch from [tid:0]
 443500: system.cpu.fetch: [tid:0]: Adding instructions to queue to decode.
 443500: system.cpu.iq: Attempting to schedule ready instructions from the IQ.
 443500: system.cpu.iq: Not able to schedule any instructions.
 443500: system.cpu.commit: DefaultCommimt<Impl>::tick() begins
 443500: system.cpu.commit: Getting instructions from Rename stage.
 443500: system.cpu.commit: Trying to commit instructions in the ROB.
 443500: system.cpu.commit: [tid:0]: Can't commit, Instruction [sn:42] PC (0x4010fc=>0x401100).(0=>1) is head of ROB and not ready
 443500: system.cpu.commit: [tid:0]: ROB has 27 insts & 165 free entries.
 444000: system.cpu.fetch: Running stage.
 444000: system.cpu.fetch: Attempting to fetch from [tid:0]
 444000: system.cpu.fetch: [tid:0]: Adding instructions to queue to decode.
 444000: system.cpu.iq: Attempting to schedule ready instructions from the IQ.
 444000: system.cpu.iq: Not able to schedule any instructions.
 444000: system.cpu.commit: DefaultCommimt<Impl>::tick() begins
 444000: system.cpu.commit: Getting instructions from Rename stage.
 444000: system.cpu.commit: Trying to commit instructions in the ROB.
 444000: system.cpu.commit: [tid:0]: Can't commit, Instruction [sn:42] PC (0x4010fc=>0x401100).(0=>1) is head of ROB and not ready
 444000: system.cpu.commit: [tid:0]: ROB has 27 insts & 165 free entries.
 444500: system.cpu.fetch: Running stage.
 444500: system.cpu.fetch: Attempting to fetch from [tid:0]
 444500: system.cpu.fetch: [tid:0]: Adding instructions to queue to decode.
 444500: system.cpu.iq: Attempting to schedule ready instructions from the IQ.
 444500: system.cpu.iq: Not able to schedule any instructions.
 444500: system.cpu.commit: DefaultCommimt<Impl>::tick() begins
 444500: system.cpu.commit: Getting instructions from Rename stage.
 444500: system.cpu.commit: Trying to commit instructions in the ROB.
 444500: system.cpu.commit: [tid:0]: Can't commit, Instruction [sn:42] PC (0x4010fc=>0x401100).(0=>1) is head of ROB and not ready
 444500: system.cpu.commit: [tid:0]: ROB has 27 insts & 165 free entries.
 445000: system.cpu.fetch: Running stage.
 445000: system.cpu.fetch: Attempting to fetch from [tid:0]
 445000: system.cpu.fetch: [tid:0]: Adding instructions to queue to decode.
 445000: system.cpu.iq: Attempting to schedule ready instructions from the IQ.
 445000: system.cpu.iq: Not able to schedule any instructions.
 445000: system.cpu.commit: DefaultCommimt<Impl>::tick() begins
 445000: system.cpu.commit: Getting instructions from Rename stage.
 445000: system.cpu.commit: Trying to commit instructions in the ROB.
 445000: system.cpu.commit: [tid:0]: Can't commit, Instruction [sn:42] PC (0x4010fc=>0x401100).(0=>1) is head of ROB and not ready
 445000: system.cpu.commit: [tid:0]: ROB has 27 insts & 165 free entries.
 445500: system.cpu.fetch: Running stage.
 445500: system.cpu.fetch: Attempting to fetch from [tid:0]
 445500: system.cpu.fetch: [tid:0]: Adding instructions to queue to decode.
 445500: system.cpu.iq: Attempting to schedule ready instructions from the IQ.
 445500: system.cpu.iq: Not able to schedule any instructions.
 445500: system.cpu.commit: DefaultCommimt<Impl>::tick() begins
 445500: system.cpu.commit: Getting instructions from Rename stage.
 445500: system.cpu.commit: Trying to commit instructions in the ROB.
 445500: system.cpu.commit: [tid:0]: Can't commit, Instruction [sn:42] PC (0x4010fc=>0x401100).(0=>1) is head of ROB and not ready
 445500: system.cpu.commit: [tid:0]: ROB has 27 insts & 165 free entries.
 446000: system.cpu.fetch: Running stage.
 446000: system.cpu.fetch: Attempting to fetch from [tid:0]
 446000: system.cpu.fetch: [tid:0]: Adding instructions to queue to decode.
 446000: system.cpu.iq: Attempting to schedule ready instructions from the IQ.
 446000: system.cpu.iq: Not able to schedule any instructions.
 446000: system.cpu.commit: DefaultCommimt<Impl>::tick() begins
 446000: system.cpu.commit: Getting instructions from Rename stage.
 446000: system.cpu.commit: Trying to commit instructions in the ROB.
 446000: system.cpu.commit: [tid:0]: Can't commit, Instruction [sn:42] PC (0x4010fc=>0x401100).(0=>1) is head of ROB and not ready
 446000: system.cpu.commit: [tid:0]: ROB has 27 insts & 165 free entries.
 446500: system.cpu.fetch: Running stage.
 446500: system.cpu.fetch: Attempting to fetch from [tid:0]
 446500: system.cpu.fetch: [tid:0]: Adding instructions to queue to decode.
 446500: system.cpu.iq: Attempting to schedule ready instructions from the IQ.
 446500: system.cpu.iq: Not able to schedule any instructions.
 446500: system.cpu.commit: DefaultCommimt<Impl>::tick() begins
 446500: system.cpu.commit: Getting instructions from Rename stage.
 446500: system.cpu.commit: Trying to commit instructions in the ROB.
 446500: system.cpu.commit: [tid:0]: Can't commit, Instruction [sn:42] PC (0x4010fc=>0x401100).(0=>1) is head of ROB and not ready
 446500: system.cpu.commit: [tid:0]: ROB has 27 insts & 165 free entries.
 447000: system.cpu.fetch: Running stage.
 447000: system.cpu.fetch: Attempting to fetch from [tid:0]
 447000: system.cpu.fetch: [tid:0]: Adding instructions to queue to decode.
 447000: system.cpu.iq: Attempting to schedule ready instructions from the IQ.
 447000: system.cpu.iq: Not able to schedule any instructions.
 447000: system.cpu.commit: DefaultCommimt<Impl>::tick() begins
 447000: system.cpu.commit: Getting instructions from Rename stage.
 447000: system.cpu.commit: Trying to commit instructions in the ROB.
 447000: system.cpu.commit: [tid:0]: Can't commit, Instruction [sn:42] PC (0x4010fc=>0x401100).(0=>1) is head of ROB and not ready
 447000: system.cpu.commit: [tid:0]: ROB has 27 insts & 165 free entries.
 447500: system.cpu.fetch: Running stage.
 447500: system.cpu.fetch: Attempting to fetch from [tid:0]
 447500: system.cpu.fetch: [tid:0]: Adding instructions to queue to decode.
 447500: system.cpu.iq: Attempting to schedule ready instructions from the IQ.
 447500: system.cpu.iq: Not able to schedule any instructions.
 447500: system.cpu.commit: DefaultCommimt<Impl>::tick() begins
 447500: system.cpu.commit: Getting instructions from Rename stage.
 447500: system.cpu.commit: Trying to commit instructions in the ROB.
 447500: system.cpu.commit: [tid:0]: Can't commit, Instruction [sn:42] PC (0x4010fc=>0x401100).(0=>1) is head of ROB and not ready
 447500: system.cpu.commit: [tid:0]: ROB has 27 insts & 165 free entries.
 448000: system.cpu.fetch: Running stage.
 448000: system.cpu.fetch: Attempting to fetch from [tid:0]
 448000: system.cpu.fetch: [tid:0]: Adding instructions to queue to decode.
 448000: system.cpu.iq: Attempting to schedule ready instructions from the IQ.
 448000: system.cpu.iq: Not able to schedule any instructions.
 448000: system.cpu.commit: DefaultCommimt<Impl>::tick() begins
 448000: system.cpu.commit: Getting instructions from Rename stage.
 448000: system.cpu.commit: Trying to commit instructions in the ROB.
 448000: system.cpu.commit: [tid:0]: Can't commit, Instruction [sn:42] PC (0x4010fc=>0x401100).(0=>1) is head of ROB and not ready
 448000: system.cpu.commit: [tid:0]: ROB has 27 insts & 165 free entries.
 448500: system.cpu.fetch: Running stage.
 448500: system.cpu.fetch: Attempting to fetch from [tid:0]
 448500: system.cpu.fetch: [tid:0]: Adding instructions to queue to decode.
 448500: system.cpu.iq: Attempting to schedule ready instructions from the IQ.
 448500: system.cpu.iq: Not able to schedule any instructions.
 448500: system.cpu.commit: DefaultCommimt<Impl>::tick() begins
 448500: system.cpu.commit: Getting instructions from Rename stage.
 448500: system.cpu.commit: Trying to commit instructions in the ROB.
 448500: system.cpu.commit: [tid:0]: Can't commit, Instruction [sn:42] PC (0x4010fc=>0x401100).(0=>1) is head of ROB and not ready
 448500: system.cpu.commit: [tid:0]: ROB has 27 insts & 165 free entries.
 448501: system.cpu.iew.lsq: Received D$ response for packet addr 0x3462, block addr 0x3440
 449000: system.cpu.fetch: Running stage.
 449000: system.cpu.fetch: Attempting to fetch from [tid:0]
 449000: system.cpu.fetch: [tid:0]: Adding instructions to queue to decode.
 449000: system.cpu.iq: Waking dependents of completed instruction [sn:59].
 449000: system.cpu.iq: Completing mem instruction PC: (0x40112b=>0x401132).(0=>1) [sn:59]
 449000: system.cpu.memDep0: Completed mem instruction PC (0x40112b=>0x401132).(0=>1) [sn:59].
 449000: system.cpu.iq: Waking any dependents on register 91 (IntRegClass).
 449000: system.cpu.iq: Waking up a dependent instruction, [sn:60] PC (0x401132=>0x401136).(0=>1).
 449000: global: [sn:60] has 1 ready out of 2 sources. RTI 0)
 449000: system.cpu.iq: Waking up a dependent instruction, [sn:60] PC (0x401132=>0x401136).(0=>1).
 449000: global: [sn:60] has 2 ready out of 2 sources. RTI 0)
 449000: system.cpu.iq: (addIfReady, regular) Instruction is ready to issue, putting it onto the ready list, PC (0x401132=>0x401136).(0=>1) opclass:1 [sn:60].
 449000: system.cpu.iq: Attempting to schedule ready instructions from the IQ.
 449000: system.cpu.iq: Thread 0: Issuing instruction PC (0x401132=>0x401136).(0=>1) [sn:60]
 449000: system.cpu.commit: DefaultCommimt<Impl>::tick() begins
 449000: system.cpu.commit: Getting instructions from Rename stage.
 449000: system.cpu.commit: Trying to commit instructions in the ROB.
 449000: system.cpu.commit: [tid:0]: Can't commit, Instruction [sn:42] PC (0x4010fc=>0x401100).(0=>1) is head of ROB and not ready
 449000: system.cpu.commit: [tid:0]: ROB has 27 insts & 165 free entries.
 449500: system.cpu.fetch: Running stage.
 449500: system.cpu.fetch: Attempting to fetch from [tid:0]
 449500: system.cpu.fetch: [tid:0]: Adding instructions to queue to decode.
 449500: system.cpu.iq: Waking dependents of completed instruction [sn:60].
 449500: system.cpu.iq: Waking any dependents on register 92 (IntRegClass).
 449500: system.cpu.iq: Waking up a dependent instruction, [sn:62] PC (0x401136=>0x40113c).(1=>2).
 449500: global: [sn:62] has 2 ready out of 2 sources. RTI 0)
 449500: system.cpu.iq: (addIfReady, regular) Instruction is ready to issue, putting it onto the ready list, PC (0x401136=>0x40113c).(1=>2) opclass:1 [sn:62].
 449500: system.cpu.iq: Waking any dependents on register 34 (CCRegClass).
 449500: system.cpu.iq: Waking any dependents on register 35 (CCRegClass).
 449500: system.cpu.iq: Attempting to schedule ready instructions from the IQ.
 449500: system.cpu.iq: Thread 0: Issuing instruction PC (0x401136=>0x40113c).(1=>2) [sn:62]
 449500: system.cpu.iew.lsq.thread0: LQ size: 33, #loads occupied: 6
 449500: system.cpu.iew.lsq.thread0: SQ size: 33, #stores occupied: 0
 449500: system.cpu.commit: DefaultCommimt<Impl>::tick() begins
 449500: system.cpu.commit: Getting instructions from Rename stage.
 449500: system.cpu.commit: Trying to commit instructions in the ROB.
 449500: system.cpu.commit: get the inst [num:0]
 449500: system.cpu.commit: [tid:0]: Marking PC (0x40112b=>0x401132).(0=>1), [sn:59] ready within ROB.
 449500: system.cpu.commit: [tid:0]: Can't commit, Instruction [sn:42] PC (0x4010fc=>0x401100).(0=>1) is head of ROB and not ready
 449500: system.cpu.commit: [tid:0]: ROB has 27 insts & 165 free entries.
 450000: system.cpu.fetch: Running stage.
 450000: system.cpu.fetch: Attempting to fetch from [tid:0]
 450000: system.cpu.fetch: [tid:0]: Adding instructions to queue to decode.
 450000: system.cpu.iq: Waking dependents of completed instruction [sn:62].
 450000: system.cpu.iq: Waking any dependents on register 94 (IntRegClass).
 450000: system.cpu.iq: Waking up a dependent instruction, [sn:63] PC (0x40113c=>0x401140).(0=>1).
 450000: global: [sn:63] has 3 ready out of 3 sources. RTI 0)
 450000: system.cpu.iq: (regular) Checking if memory instruction [sn:63] can issue.
 450000: system.cpu.memDep0: Marking registers as ready for instruction PC (0x40113c=>0x401140).(0=>1) [sn:63].
 450000: system.cpu.memDep0: Instruction has its memory dependencies resolved, adding it to the ready list.
 450000: system.cpu.memDep0: Adding instruction [sn:63] to the ready list.
 450000: system.cpu.iq: (addReadyMemInst) Instruction is ready to issue, putting it onto the ready list, PC (0x40113c=>0x401140).(0=>1) opclass:32 [sn:63].
 450000: system.cpu.iq: Waking any dependents on register 36 (CCRegClass).
 450000: system.cpu.iq: Waking any dependents on register 37 (CCRegClass).
 450000: system.cpu.iq: Attempting to schedule ready instructions from the IQ.
 450000: system.cpu.iq: Thread 0: Issuing instruction PC (0x40113c=>0x401140).(0=>1) [sn:63]
 450000: system.cpu.memDep0: Issuing instruction PC 0x40113c [sn:63].
 450000: system.cpu.iew.lsq.thread0: LQ size: 33, #loads occupied: 6
 450000: system.cpu.iew.lsq.thread0: SQ size: 33, #stores occupied: 0
 450000: system.cpu.commit: DefaultCommimt<Impl>::tick() begins
 450000: system.cpu.commit: Getting instructions from Rename stage.
 450000: system.cpu.commit: Trying to commit instructions in the ROB.
 450000: system.cpu.commit: get the inst [num:0]
 450000: system.cpu.commit: [tid:0]: Marking PC (0x401132=>0x401136).(0=>1), [sn:60] ready within ROB.
 450000: system.cpu.commit: [tid:0]: Can't commit, Instruction [sn:42] PC (0x4010fc=>0x401100).(0=>1) is head of ROB and not ready
 450000: system.cpu.commit: [tid:0]: ROB has 27 insts & 165 free entries.
 450500: system.cpu.fetch: Running stage.
 450500: system.cpu.fetch: Attempting to fetch from [tid:0]
 450500: system.cpu.fetch: [tid:0]: Adding instructions to queue to decode.
 450500: system.cpu.iew.lsq.thread0: Executing load PC (0x40113c=>0x401140).(0=>1), [sn:63]
 450500: system.cpu.dtb: Translating vaddr 0x85030c0.
 450500: system.cpu.dtb: In protected mode.
 450500: system.cpu.dtb: Paging enabled.
 450500: system.cpu.dtb: Entry found with paddr 0x2000, doing protection checks.
 450500: system.cpu.dtb: Translated 0x85030c0 -> 0x20c0.
 450500: system.cpu.iew.lsq.thread0: Read called, load idx: 7, store idx: -1, storeHead: 1 addr: 0x20c0
 450500: system.cpu.iew.lsq.thread0: Doing memory access (normal load) for inst [sn:63] PC (0x40113c=>0x401140).(0=>1)
 450500: system.cpu.iew.lsq.thread0: Attempting load request - PC 0x40113c, SQ: [sn:63], Paddr 0x20c0, Vaddr 0x85030c0
 450500: system.cpu.iq: Attempting to schedule ready instructions from the IQ.
 450500: system.cpu.iq: Not able to schedule any instructions.
 450500: system.cpu.iew.lsq.thread0: LQ size: 33, #loads occupied: 6
 450500: system.cpu.iew.lsq.thread0: SQ size: 33, #stores occupied: 0
 450500: system.cpu.commit: DefaultCommimt<Impl>::tick() begins
 450500: system.cpu.commit: Getting instructions from Rename stage.
 450500: system.cpu.commit: Trying to commit instructions in the ROB.
 450500: system.cpu.commit: get the inst [num:0]
 450500: system.cpu.commit: [tid:0]: Marking PC (0x401136=>0x40113c).(1=>2), [sn:62] ready within ROB.
 450500: system.cpu.commit: [tid:0]: Can't commit, Instruction [sn:42] PC (0x4010fc=>0x401100).(0=>1) is head of ROB and not ready
 450500: system.cpu.commit: [tid:0]: ROB has 27 insts & 165 free entries.
 451000: system.cpu.fetch: Running stage.
 451000: system.cpu.fetch: Attempting to fetch from [tid:0]
 451000: system.cpu.fetch: [tid:0]: Adding instructions to queue to decode.
 451000: system.cpu.iq: Attempting to schedule ready instructions from the IQ.
 451000: system.cpu.iq: Not able to schedule any instructions.
 451000: system.cpu.commit: DefaultCommimt<Impl>::tick() begins
 451000: system.cpu.commit: Getting instructions from Rename stage.
 451000: system.cpu.commit: Trying to commit instructions in the ROB.
 451000: system.cpu.commit: [tid:0]: Can't commit, Instruction [sn:42] PC (0x4010fc=>0x401100).(0=>1) is head of ROB and not ready
 451000: system.cpu.commit: [tid:0]: ROB has 27 insts & 165 free entries.
 451500: system.cpu.fetch: Running stage.
 451500: system.cpu.fetch: Attempting to fetch from [tid:0]
 451500: system.cpu.fetch: [tid:0]: Adding instructions to queue to decode.
 451500: system.cpu.iq: Attempting to schedule ready instructions from the IQ.
 451500: system.cpu.iq: Not able to schedule any instructions.
 451500: system.cpu.commit: DefaultCommimt<Impl>::tick() begins
 451500: system.cpu.commit: Getting instructions from Rename stage.
 451500: system.cpu.commit: Trying to commit instructions in the ROB.
 451500: system.cpu.commit: [tid:0]: Can't commit, Instruction [sn:42] PC (0x4010fc=>0x401100).(0=>1) is head of ROB and not ready
 451500: system.cpu.commit: [tid:0]: ROB has 27 insts & 165 free entries.
 452000: system.cpu.fetch: Running stage.
 452000: system.cpu.fetch: Attempting to fetch from [tid:0]
 452000: system.cpu.fetch: [tid:0]: Adding instructions to queue to decode.
 452000: system.cpu.iq: Attempting to schedule ready instructions from the IQ.
 452000: system.cpu.iq: Not able to schedule any instructions.
 452000: system.cpu.commit: DefaultCommimt<Impl>::tick() begins
 452000: system.cpu.commit: Getting instructions from Rename stage.
 452000: system.cpu.commit: Trying to commit instructions in the ROB.
 452000: system.cpu.commit: [tid:0]: Can't commit, Instruction [sn:42] PC (0x4010fc=>0x401100).(0=>1) is head of ROB and not ready
 452000: system.cpu.commit: [tid:0]: ROB has 27 insts & 165 free entries.
 452500: system.cpu.fetch: Running stage.
 452500: system.cpu.fetch: Attempting to fetch from [tid:0]
 452500: system.cpu.fetch: [tid:0]: Adding instructions to queue to decode.
 452500: system.cpu.iq: Attempting to schedule ready instructions from the IQ.
 452500: system.cpu.iq: Not able to schedule any instructions.
 452500: system.cpu.commit: DefaultCommimt<Impl>::tick() begins
 452500: system.cpu.commit: Getting instructions from Rename stage.
 452500: system.cpu.commit: Trying to commit instructions in the ROB.
 452500: system.cpu.commit: [tid:0]: Can't commit, Instruction [sn:42] PC (0x4010fc=>0x401100).(0=>1) is head of ROB and not ready
 452500: system.cpu.commit: [tid:0]: ROB has 27 insts & 165 free entries.
 453000: system.cpu.fetch: Running stage.
 453000: system.cpu.fetch: Attempting to fetch from [tid:0]
 453000: system.cpu.fetch: [tid:0]: Adding instructions to queue to decode.
 453000: system.cpu.iq: Attempting to schedule ready instructions from the IQ.
 453000: system.cpu.iq: Not able to schedule any instructions.
 453000: system.cpu.commit: DefaultCommimt<Impl>::tick() begins
 453000: system.cpu.commit: Getting instructions from Rename stage.
 453000: system.cpu.commit: Trying to commit instructions in the ROB.
 453000: system.cpu.commit: [tid:0]: Can't commit, Instruction [sn:42] PC (0x4010fc=>0x401100).(0=>1) is head of ROB and not ready
 453000: system.cpu.commit: [tid:0]: ROB has 27 insts & 165 free entries.
 453500: system.cpu.fetch: Running stage.
 453500: system.cpu.fetch: Attempting to fetch from [tid:0]
 453500: system.cpu.fetch: [tid:0]: Adding instructions to queue to decode.
 453500: system.cpu.iq: Attempting to schedule ready instructions from the IQ.
 453500: system.cpu.iq: Not able to schedule any instructions.
 453500: system.cpu.commit: DefaultCommimt<Impl>::tick() begins
 453500: system.cpu.commit: Getting instructions from Rename stage.
 453500: system.cpu.commit: Trying to commit instructions in the ROB.
 453500: system.cpu.commit: [tid:0]: Can't commit, Instruction [sn:42] PC (0x4010fc=>0x401100).(0=>1) is head of ROB and not ready
 453500: system.cpu.commit: [tid:0]: ROB has 27 insts & 165 free entries.
 454000: system.cpu.fetch: Running stage.
 454000: system.cpu.fetch: Attempting to fetch from [tid:0]
 454000: system.cpu.fetch: [tid:0]: Adding instructions to queue to decode.
 454000: system.cpu.iq: Attempting to schedule ready instructions from the IQ.
 454000: system.cpu.iq: Not able to schedule any instructions.
 454000: system.cpu.commit: DefaultCommimt<Impl>::tick() begins
 454000: system.cpu.commit: Getting instructions from Rename stage.
 454000: system.cpu.commit: Trying to commit instructions in the ROB.
 454000: system.cpu.commit: [tid:0]: Can't commit, Instruction [sn:42] PC (0x4010fc=>0x401100).(0=>1) is head of ROB and not ready
 454000: system.cpu.commit: [tid:0]: ROB has 27 insts & 165 free entries.
 454500: system.cpu.fetch: Running stage.
 454500: system.cpu.fetch: Attempting to fetch from [tid:0]
 454500: system.cpu.fetch: [tid:0]: Adding instructions to queue to decode.
 454500: system.cpu.iq: Attempting to schedule ready instructions from the IQ.
 454500: system.cpu.iq: Not able to schedule any instructions.
 454500: system.cpu.commit: DefaultCommimt<Impl>::tick() begins
 454500: system.cpu.commit: Getting instructions from Rename stage.
 454500: system.cpu.commit: Trying to commit instructions in the ROB.
 454500: system.cpu.commit: [tid:0]: Can't commit, Instruction [sn:42] PC (0x4010fc=>0x401100).(0=>1) is head of ROB and not ready
 454500: system.cpu.commit: [tid:0]: ROB has 27 insts & 165 free entries.
 455000: system.cpu.fetch: Running stage.
 455000: system.cpu.fetch: Attempting to fetch from [tid:0]
 455000: system.cpu.fetch: [tid:0]: Adding instructions to queue to decode.
 455000: system.cpu.iq: Attempting to schedule ready instructions from the IQ.
 455000: system.cpu.iq: Not able to schedule any instructions.
 455000: system.cpu.commit: DefaultCommimt<Impl>::tick() begins
 455000: system.cpu.commit: Getting instructions from Rename stage.
 455000: system.cpu.commit: Trying to commit instructions in the ROB.
 455000: system.cpu.commit: [tid:0]: Can't commit, Instruction [sn:42] PC (0x4010fc=>0x401100).(0=>1) is head of ROB and not ready
 455000: system.cpu.commit: [tid:0]: ROB has 27 insts & 165 free entries.
 455500: system.cpu.fetch: Running stage.
 455500: system.cpu.fetch: Attempting to fetch from [tid:0]
 455500: system.cpu.fetch: [tid:0]: Adding instructions to queue to decode.
 455500: system.cpu.iq: Attempting to schedule ready instructions from the IQ.
 455500: system.cpu.iq: Not able to schedule any instructions.
 455500: system.cpu.commit: DefaultCommimt<Impl>::tick() begins
 455500: system.cpu.commit: Getting instructions from Rename stage.
 455500: system.cpu.commit: Trying to commit instructions in the ROB.
 455500: system.cpu.commit: [tid:0]: Can't commit, Instruction [sn:42] PC (0x4010fc=>0x401100).(0=>1) is head of ROB and not ready
 455500: system.cpu.commit: [tid:0]: ROB has 27 insts & 165 free entries.
 456000: system.cpu.fetch: Running stage.
 456000: system.cpu.fetch: Attempting to fetch from [tid:0]
 456000: system.cpu.fetch: [tid:0]: Adding instructions to queue to decode.
 456000: system.cpu.iq: Attempting to schedule ready instructions from the IQ.
 456000: system.cpu.iq: Not able to schedule any instructions.
 456000: system.cpu.commit: DefaultCommimt<Impl>::tick() begins
 456000: system.cpu.commit: Getting instructions from Rename stage.
 456000: system.cpu.commit: Trying to commit instructions in the ROB.
 456000: system.cpu.commit: [tid:0]: Can't commit, Instruction [sn:42] PC (0x4010fc=>0x401100).(0=>1) is head of ROB and not ready
 456000: system.cpu.commit: [tid:0]: ROB has 27 insts & 165 free entries.
 456500: system.cpu.fetch: Running stage.
 456500: system.cpu.fetch: Attempting to fetch from [tid:0]
 456500: system.cpu.fetch: [tid:0]: Adding instructions to queue to decode.
 456500: system.cpu.iq: Attempting to schedule ready instructions from the IQ.
 456500: system.cpu.iq: Not able to schedule any instructions.
 456500: system.cpu.commit: DefaultCommimt<Impl>::tick() begins
 456500: system.cpu.commit: Getting instructions from Rename stage.
 456500: system.cpu.commit: Trying to commit instructions in the ROB.
 456500: system.cpu.commit: [tid:0]: Can't commit, Instruction [sn:42] PC (0x4010fc=>0x401100).(0=>1) is head of ROB and not ready
 456500: system.cpu.commit: [tid:0]: ROB has 27 insts & 165 free entries.
 457000: system.cpu.fetch: Running stage.
 457000: system.cpu.fetch: Attempting to fetch from [tid:0]
 457000: system.cpu.fetch: [tid:0]: Adding instructions to queue to decode.
 457000: system.cpu.iq: Attempting to schedule ready instructions from the IQ.
 457000: system.cpu.iq: Not able to schedule any instructions.
 457000: system.cpu.commit: DefaultCommimt<Impl>::tick() begins
 457000: system.cpu.commit: Getting instructions from Rename stage.
 457000: system.cpu.commit: Trying to commit instructions in the ROB.
 457000: system.cpu.commit: [tid:0]: Can't commit, Instruction [sn:42] PC (0x4010fc=>0x401100).(0=>1) is head of ROB and not ready
 457000: system.cpu.commit: [tid:0]: ROB has 27 insts & 165 free entries.
 457500: system.cpu.fetch: Running stage.
 457500: system.cpu.fetch: Attempting to fetch from [tid:0]
 457500: system.cpu.fetch: [tid:0]: Adding instructions to queue to decode.
 457500: system.cpu.iq: Attempting to schedule ready instructions from the IQ.
 457500: system.cpu.iq: Not able to schedule any instructions.
 457500: system.cpu.commit: DefaultCommimt<Impl>::tick() begins
 457500: system.cpu.commit: Getting instructions from Rename stage.
 457500: system.cpu.commit: Trying to commit instructions in the ROB.
 457500: system.cpu.commit: [tid:0]: Can't commit, Instruction [sn:42] PC (0x4010fc=>0x401100).(0=>1) is head of ROB and not ready
 457500: system.cpu.commit: [tid:0]: ROB has 27 insts & 165 free entries.
 458000: system.cpu.fetch: Running stage.
 458000: system.cpu.fetch: Attempting to fetch from [tid:0]
 458000: system.cpu.fetch: [tid:0]: Adding instructions to queue to decode.
 458000: system.cpu.iq: Attempting to schedule ready instructions from the IQ.
 458000: system.cpu.iq: Not able to schedule any instructions.
 458000: system.cpu.commit: DefaultCommimt<Impl>::tick() begins
 458000: system.cpu.commit: Getting instructions from Rename stage.
 458000: system.cpu.commit: Trying to commit instructions in the ROB.
 458000: system.cpu.commit: [tid:0]: Can't commit, Instruction [sn:42] PC (0x4010fc=>0x401100).(0=>1) is head of ROB and not ready
 458000: system.cpu.commit: [tid:0]: ROB has 27 insts & 165 free entries.
 458500: system.cpu.fetch: Running stage.
 458500: system.cpu.fetch: Attempting to fetch from [tid:0]
 458500: system.cpu.fetch: [tid:0]: Adding instructions to queue to decode.
 458500: system.cpu.iq: Attempting to schedule ready instructions from the IQ.
 458500: system.cpu.iq: Not able to schedule any instructions.
 458500: system.cpu.commit: DefaultCommimt<Impl>::tick() begins
 458500: system.cpu.commit: Getting instructions from Rename stage.
 458500: system.cpu.commit: Trying to commit instructions in the ROB.
 458500: system.cpu.commit: [tid:0]: Can't commit, Instruction [sn:42] PC (0x4010fc=>0x401100).(0=>1) is head of ROB and not ready
 458500: system.cpu.commit: [tid:0]: ROB has 27 insts & 165 free entries.
 459000: system.cpu.fetch: Running stage.
 459000: system.cpu.fetch: Attempting to fetch from [tid:0]
 459000: system.cpu.fetch: [tid:0]: Adding instructions to queue to decode.
 459000: system.cpu.iq: Attempting to schedule ready instructions from the IQ.
 459000: system.cpu.iq: Not able to schedule any instructions.
 459000: system.cpu.commit: DefaultCommimt<Impl>::tick() begins
 459000: system.cpu.commit: Getting instructions from Rename stage.
 459000: system.cpu.commit: Trying to commit instructions in the ROB.
 459000: system.cpu.commit: [tid:0]: Can't commit, Instruction [sn:42] PC (0x4010fc=>0x401100).(0=>1) is head of ROB and not ready
 459000: system.cpu.commit: [tid:0]: ROB has 27 insts & 165 free entries.
 459500: system.cpu.fetch: Running stage.
 459500: system.cpu.fetch: Attempting to fetch from [tid:0]
 459500: system.cpu.fetch: [tid:0]: Adding instructions to queue to decode.
 459500: system.cpu.iq: Attempting to schedule ready instructions from the IQ.
 459500: system.cpu.iq: Not able to schedule any instructions.
 459500: system.cpu.commit: DefaultCommimt<Impl>::tick() begins
 459500: system.cpu.commit: Getting instructions from Rename stage.
 459500: system.cpu.commit: Trying to commit instructions in the ROB.
 459500: system.cpu.commit: [tid:0]: Can't commit, Instruction [sn:42] PC (0x4010fc=>0x401100).(0=>1) is head of ROB and not ready
 459500: system.cpu.commit: [tid:0]: ROB has 27 insts & 165 free entries.
 460000: system.cpu.fetch: Running stage.
 460000: system.cpu.fetch: Attempting to fetch from [tid:0]
 460000: system.cpu.fetch: [tid:0]: Adding instructions to queue to decode.
 460000: system.cpu.iq: Attempting to schedule ready instructions from the IQ.
 460000: system.cpu.iq: Not able to schedule any instructions.
 460000: system.cpu.commit: DefaultCommimt<Impl>::tick() begins
 460000: system.cpu.commit: Getting instructions from Rename stage.
 460000: system.cpu.commit: Trying to commit instructions in the ROB.
 460000: system.cpu.commit: [tid:0]: Can't commit, Instruction [sn:42] PC (0x4010fc=>0x401100).(0=>1) is head of ROB and not ready
 460000: system.cpu.commit: [tid:0]: ROB has 27 insts & 165 free entries.
 460500: system.cpu.fetch: Running stage.
 460500: system.cpu.fetch: Attempting to fetch from [tid:0]
 460500: system.cpu.fetch: [tid:0]: Adding instructions to queue to decode.
 460500: system.cpu.iq: Attempting to schedule ready instructions from the IQ.
 460500: system.cpu.iq: Not able to schedule any instructions.
 460500: system.cpu.commit: DefaultCommimt<Impl>::tick() begins
 460500: system.cpu.commit: Getting instructions from Rename stage.
 460500: system.cpu.commit: Trying to commit instructions in the ROB.
 460500: system.cpu.commit: [tid:0]: Can't commit, Instruction [sn:42] PC (0x4010fc=>0x401100).(0=>1) is head of ROB and not ready
 460500: system.cpu.commit: [tid:0]: ROB has 27 insts & 165 free entries.
 461000: system.cpu.fetch: Running stage.
 461000: system.cpu.fetch: Attempting to fetch from [tid:0]
 461000: system.cpu.fetch: [tid:0]: Adding instructions to queue to decode.
 461000: system.cpu.iq: Attempting to schedule ready instructions from the IQ.
 461000: system.cpu.iq: Not able to schedule any instructions.
 461000: system.cpu.commit: DefaultCommimt<Impl>::tick() begins
 461000: system.cpu.commit: Getting instructions from Rename stage.
 461000: system.cpu.commit: Trying to commit instructions in the ROB.
 461000: system.cpu.commit: [tid:0]: Can't commit, Instruction [sn:42] PC (0x4010fc=>0x401100).(0=>1) is head of ROB and not ready
 461000: system.cpu.commit: [tid:0]: ROB has 27 insts & 165 free entries.
 461500: system.cpu.fetch: Running stage.
 461500: system.cpu.fetch: Attempting to fetch from [tid:0]
 461500: system.cpu.fetch: [tid:0]: Adding instructions to queue to decode.
 461500: system.cpu.iq: Attempting to schedule ready instructions from the IQ.
 461500: system.cpu.iq: Not able to schedule any instructions.
 461500: system.cpu.commit: DefaultCommimt<Impl>::tick() begins
 461500: system.cpu.commit: Getting instructions from Rename stage.
 461500: system.cpu.commit: Trying to commit instructions in the ROB.
 461500: system.cpu.commit: [tid:0]: Can't commit, Instruction [sn:42] PC (0x4010fc=>0x401100).(0=>1) is head of ROB and not ready
 461500: system.cpu.commit: [tid:0]: ROB has 27 insts & 165 free entries.
 462000: system.cpu.fetch: Running stage.
 462000: system.cpu.fetch: Attempting to fetch from [tid:0]
 462000: system.cpu.fetch: [tid:0]: Adding instructions to queue to decode.
 462000: system.cpu.iq: Attempting to schedule ready instructions from the IQ.
 462000: system.cpu.iq: Not able to schedule any instructions.
 462000: system.cpu.commit: DefaultCommimt<Impl>::tick() begins
 462000: system.cpu.commit: Getting instructions from Rename stage.
 462000: system.cpu.commit: Trying to commit instructions in the ROB.
 462000: system.cpu.commit: [tid:0]: Can't commit, Instruction [sn:42] PC (0x4010fc=>0x401100).(0=>1) is head of ROB and not ready
 462000: system.cpu.commit: [tid:0]: ROB has 27 insts & 165 free entries.
 462500: system.cpu.fetch: Running stage.
 462500: system.cpu.fetch: Attempting to fetch from [tid:0]
 462500: system.cpu.fetch: [tid:0]: Adding instructions to queue to decode.
 462500: system.cpu.iq: Attempting to schedule ready instructions from the IQ.
 462500: system.cpu.iq: Not able to schedule any instructions.
 462500: system.cpu.commit: DefaultCommimt<Impl>::tick() begins
 462500: system.cpu.commit: Getting instructions from Rename stage.
 462500: system.cpu.commit: Trying to commit instructions in the ROB.
 462500: system.cpu.commit: [tid:0]: Can't commit, Instruction [sn:42] PC (0x4010fc=>0x401100).(0=>1) is head of ROB and not ready
 462500: system.cpu.commit: [tid:0]: ROB has 27 insts & 165 free entries.
 463000: system.cpu.fetch: Running stage.
 463000: system.cpu.fetch: Attempting to fetch from [tid:0]
 463000: system.cpu.fetch: [tid:0]: Adding instructions to queue to decode.
 463000: system.cpu.iq: Attempting to schedule ready instructions from the IQ.
 463000: system.cpu.iq: Not able to schedule any instructions.
 463000: system.cpu.commit: DefaultCommimt<Impl>::tick() begins
 463000: system.cpu.commit: Getting instructions from Rename stage.
 463000: system.cpu.commit: Trying to commit instructions in the ROB.
 463000: system.cpu.commit: [tid:0]: Can't commit, Instruction [sn:42] PC (0x4010fc=>0x401100).(0=>1) is head of ROB and not ready
 463000: system.cpu.commit: [tid:0]: ROB has 27 insts & 165 free entries.
 463500: system.cpu.fetch: Running stage.
 463500: system.cpu.fetch: Attempting to fetch from [tid:0]
 463500: system.cpu.fetch: [tid:0]: Adding instructions to queue to decode.
 463500: system.cpu.iq: Attempting to schedule ready instructions from the IQ.
 463500: system.cpu.iq: Not able to schedule any instructions.
 463500: system.cpu.commit: DefaultCommimt<Impl>::tick() begins
 463500: system.cpu.commit: Getting instructions from Rename stage.
 463500: system.cpu.commit: Trying to commit instructions in the ROB.
 463500: system.cpu.commit: [tid:0]: Can't commit, Instruction [sn:42] PC (0x4010fc=>0x401100).(0=>1) is head of ROB and not ready
 463500: system.cpu.commit: [tid:0]: ROB has 27 insts & 165 free entries.
 464000: system.cpu.fetch: Running stage.
 464000: system.cpu.fetch: Attempting to fetch from [tid:0]
 464000: system.cpu.fetch: [tid:0]: Adding instructions to queue to decode.
 464000: system.cpu.iq: Attempting to schedule ready instructions from the IQ.
 464000: system.cpu.iq: Not able to schedule any instructions.
 464000: system.cpu.commit: DefaultCommimt<Impl>::tick() begins
 464000: system.cpu.commit: Getting instructions from Rename stage.
 464000: system.cpu.commit: Trying to commit instructions in the ROB.
 464000: system.cpu.commit: [tid:0]: Can't commit, Instruction [sn:42] PC (0x4010fc=>0x401100).(0=>1) is head of ROB and not ready
 464000: system.cpu.commit: [tid:0]: ROB has 27 insts & 165 free entries.
 464500: system.cpu.fetch: Running stage.
 464500: system.cpu.fetch: Attempting to fetch from [tid:0]
 464500: system.cpu.fetch: [tid:0]: Adding instructions to queue to decode.
 464500: system.cpu.iq: Attempting to schedule ready instructions from the IQ.
 464500: system.cpu.iq: Not able to schedule any instructions.
 464500: system.cpu.commit: DefaultCommimt<Impl>::tick() begins
 464500: system.cpu.commit: Getting instructions from Rename stage.
 464500: system.cpu.commit: Trying to commit instructions in the ROB.
 464500: system.cpu.commit: [tid:0]: Can't commit, Instruction [sn:42] PC (0x4010fc=>0x401100).(0=>1) is head of ROB and not ready
 464500: system.cpu.commit: [tid:0]: ROB has 27 insts & 165 free entries.
 465000: system.cpu.fetch: Running stage.
 465000: system.cpu.fetch: Attempting to fetch from [tid:0]
 465000: system.cpu.fetch: [tid:0]: Adding instructions to queue to decode.
 465000: system.cpu.iq: Attempting to schedule ready instructions from the IQ.
 465000: system.cpu.iq: Not able to schedule any instructions.
 465000: system.cpu.commit: DefaultCommimt<Impl>::tick() begins
 465000: system.cpu.commit: Getting instructions from Rename stage.
 465000: system.cpu.commit: Trying to commit instructions in the ROB.
 465000: system.cpu.commit: [tid:0]: Can't commit, Instruction [sn:42] PC (0x4010fc=>0x401100).(0=>1) is head of ROB and not ready
 465000: system.cpu.commit: [tid:0]: ROB has 27 insts & 165 free entries.
 465500: system.cpu.fetch: Running stage.
 465500: system.cpu.fetch: Attempting to fetch from [tid:0]
 465500: system.cpu.fetch: [tid:0]: Adding instructions to queue to decode.
 465500: system.cpu.iq: Attempting to schedule ready instructions from the IQ.
 465500: system.cpu.iq: Not able to schedule any instructions.
 465500: system.cpu.commit: DefaultCommimt<Impl>::tick() begins
 465500: system.cpu.commit: Getting instructions from Rename stage.
 465500: system.cpu.commit: Trying to commit instructions in the ROB.
 465500: system.cpu.commit: [tid:0]: Can't commit, Instruction [sn:42] PC (0x4010fc=>0x401100).(0=>1) is head of ROB and not ready
 465500: system.cpu.commit: [tid:0]: ROB has 27 insts & 165 free entries.
 466000: system.cpu.fetch: Running stage.
 466000: system.cpu.fetch: Attempting to fetch from [tid:0]
 466000: system.cpu.fetch: [tid:0]: Adding instructions to queue to decode.
 466000: system.cpu.iq: Attempting to schedule ready instructions from the IQ.
 466000: system.cpu.iq: Not able to schedule any instructions.
 466000: system.cpu.commit: DefaultCommimt<Impl>::tick() begins
 466000: system.cpu.commit: Getting instructions from Rename stage.
 466000: system.cpu.commit: Trying to commit instructions in the ROB.
 466000: system.cpu.commit: [tid:0]: Can't commit, Instruction [sn:42] PC (0x4010fc=>0x401100).(0=>1) is head of ROB and not ready
 466000: system.cpu.commit: [tid:0]: ROB has 27 insts & 165 free entries.
 466500: system.cpu.fetch: Running stage.
 466500: system.cpu.fetch: Attempting to fetch from [tid:0]
 466500: system.cpu.fetch: [tid:0]: Adding instructions to queue to decode.
 466500: system.cpu.iq: Attempting to schedule ready instructions from the IQ.
 466500: system.cpu.iq: Not able to schedule any instructions.
 466500: system.cpu.commit: DefaultCommimt<Impl>::tick() begins
 466500: system.cpu.commit: Getting instructions from Rename stage.
 466500: system.cpu.commit: Trying to commit instructions in the ROB.
 466500: system.cpu.commit: [tid:0]: Can't commit, Instruction [sn:42] PC (0x4010fc=>0x401100).(0=>1) is head of ROB and not ready
 466500: system.cpu.commit: [tid:0]: ROB has 27 insts & 165 free entries.
 467000: system.cpu.fetch: Running stage.
 467000: system.cpu.fetch: Attempting to fetch from [tid:0]
 467000: system.cpu.fetch: [tid:0]: Adding instructions to queue to decode.
 467000: system.cpu.iq: Attempting to schedule ready instructions from the IQ.
 467000: system.cpu.iq: Not able to schedule any instructions.
 467000: system.cpu.commit: DefaultCommimt<Impl>::tick() begins
 467000: system.cpu.commit: Getting instructions from Rename stage.
 467000: system.cpu.commit: Trying to commit instructions in the ROB.
 467000: system.cpu.commit: [tid:0]: Can't commit, Instruction [sn:42] PC (0x4010fc=>0x401100).(0=>1) is head of ROB and not ready
 467000: system.cpu.commit: [tid:0]: ROB has 27 insts & 165 free entries.
 467500: system.cpu.fetch: Running stage.
 467500: system.cpu.fetch: Attempting to fetch from [tid:0]
 467500: system.cpu.fetch: [tid:0]: Adding instructions to queue to decode.
 467500: system.cpu.iq: Attempting to schedule ready instructions from the IQ.
 467500: system.cpu.iq: Not able to schedule any instructions.
 467500: system.cpu.commit: DefaultCommimt<Impl>::tick() begins
 467500: system.cpu.commit: Getting instructions from Rename stage.
 467500: system.cpu.commit: Trying to commit instructions in the ROB.
 467500: system.cpu.commit: [tid:0]: Can't commit, Instruction [sn:42] PC (0x4010fc=>0x401100).(0=>1) is head of ROB and not ready
 467500: system.cpu.commit: [tid:0]: ROB has 27 insts & 165 free entries.
 468000: system.cpu.fetch: Running stage.
 468000: system.cpu.fetch: Attempting to fetch from [tid:0]
 468000: system.cpu.fetch: [tid:0]: Adding instructions to queue to decode.
 468000: system.cpu.iq: Attempting to schedule ready instructions from the IQ.
 468000: system.cpu.iq: Not able to schedule any instructions.
 468000: system.cpu.commit: DefaultCommimt<Impl>::tick() begins
 468000: system.cpu.commit: Getting instructions from Rename stage.
 468000: system.cpu.commit: Trying to commit instructions in the ROB.
 468000: system.cpu.commit: [tid:0]: Can't commit, Instruction [sn:42] PC (0x4010fc=>0x401100).(0=>1) is head of ROB and not ready
 468000: system.cpu.commit: [tid:0]: ROB has 27 insts & 165 free entries.
 468500: system.cpu.fetch: Running stage.
 468500: system.cpu.fetch: Attempting to fetch from [tid:0]
 468500: system.cpu.fetch: [tid:0]: Adding instructions to queue to decode.
 468500: system.cpu.iq: Attempting to schedule ready instructions from the IQ.
 468500: system.cpu.iq: Not able to schedule any instructions.
 468500: system.cpu.commit: DefaultCommimt<Impl>::tick() begins
 468500: system.cpu.commit: Getting instructions from Rename stage.
 468500: system.cpu.commit: Trying to commit instructions in the ROB.
 468500: system.cpu.commit: [tid:0]: Can't commit, Instruction [sn:42] PC (0x4010fc=>0x401100).(0=>1) is head of ROB and not ready
 468500: system.cpu.commit: [tid:0]: ROB has 27 insts & 165 free entries.
 469000: system.cpu.fetch: Running stage.
 469000: system.cpu.fetch: Attempting to fetch from [tid:0]
 469000: system.cpu.fetch: [tid:0]: Adding instructions to queue to decode.
 469000: system.cpu.iq: Attempting to schedule ready instructions from the IQ.
 469000: system.cpu.iq: Not able to schedule any instructions.
 469000: system.cpu.commit: DefaultCommimt<Impl>::tick() begins
 469000: system.cpu.commit: Getting instructions from Rename stage.
 469000: system.cpu.commit: Trying to commit instructions in the ROB.
 469000: system.cpu.commit: [tid:0]: Can't commit, Instruction [sn:42] PC (0x4010fc=>0x401100).(0=>1) is head of ROB and not ready
 469000: system.cpu.commit: [tid:0]: ROB has 27 insts & 165 free entries.
 469500: system.cpu.fetch: Running stage.
 469500: system.cpu.fetch: Attempting to fetch from [tid:0]
 469500: system.cpu.fetch: [tid:0]: Adding instructions to queue to decode.
 469500: system.cpu.iq: Attempting to schedule ready instructions from the IQ.
 469500: system.cpu.iq: Not able to schedule any instructions.
 469500: system.cpu.commit: DefaultCommimt<Impl>::tick() begins
 469500: system.cpu.commit: Getting instructions from Rename stage.
 469500: system.cpu.commit: Trying to commit instructions in the ROB.
 469500: system.cpu.commit: [tid:0]: Can't commit, Instruction [sn:42] PC (0x4010fc=>0x401100).(0=>1) is head of ROB and not ready
 469500: system.cpu.commit: [tid:0]: ROB has 27 insts & 165 free entries.
 470000: system.cpu.fetch: Running stage.
 470000: system.cpu.fetch: Attempting to fetch from [tid:0]
 470000: system.cpu.fetch: [tid:0]: Adding instructions to queue to decode.
 470000: system.cpu.iq: Attempting to schedule ready instructions from the IQ.
 470000: system.cpu.iq: Not able to schedule any instructions.
 470000: system.cpu.commit: DefaultCommimt<Impl>::tick() begins
 470000: system.cpu.commit: Getting instructions from Rename stage.
 470000: system.cpu.commit: Trying to commit instructions in the ROB.
 470000: system.cpu.commit: [tid:0]: Can't commit, Instruction [sn:42] PC (0x4010fc=>0x401100).(0=>1) is head of ROB and not ready
 470000: system.cpu.commit: [tid:0]: ROB has 27 insts & 165 free entries.
 470500: system.cpu.fetch: Running stage.
 470500: system.cpu.fetch: Attempting to fetch from [tid:0]
 470500: system.cpu.fetch: [tid:0]: Adding instructions to queue to decode.
 470500: system.cpu.iq: Attempting to schedule ready instructions from the IQ.
 470500: system.cpu.iq: Not able to schedule any instructions.
 470500: system.cpu.commit: DefaultCommimt<Impl>::tick() begins
 470500: system.cpu.commit: Getting instructions from Rename stage.
 470500: system.cpu.commit: Trying to commit instructions in the ROB.
 470500: system.cpu.commit: [tid:0]: Can't commit, Instruction [sn:42] PC (0x4010fc=>0x401100).(0=>1) is head of ROB and not ready
 470500: system.cpu.commit: [tid:0]: ROB has 27 insts & 165 free entries.
 471000: system.cpu.fetch: Running stage.
 471000: system.cpu.fetch: Attempting to fetch from [tid:0]
 471000: system.cpu.fetch: [tid:0]: Adding instructions to queue to decode.
 471000: system.cpu.iq: Attempting to schedule ready instructions from the IQ.
 471000: system.cpu.iq: Not able to schedule any instructions.
 471000: system.cpu.commit: DefaultCommimt<Impl>::tick() begins
 471000: system.cpu.commit: Getting instructions from Rename stage.
 471000: system.cpu.commit: Trying to commit instructions in the ROB.
 471000: system.cpu.commit: [tid:0]: Can't commit, Instruction [sn:42] PC (0x4010fc=>0x401100).(0=>1) is head of ROB and not ready
 471000: system.cpu.commit: [tid:0]: ROB has 27 insts & 165 free entries.
 471500: system.cpu.fetch: Running stage.
 471500: system.cpu.fetch: Attempting to fetch from [tid:0]
 471500: system.cpu.fetch: [tid:0]: Adding instructions to queue to decode.
 471500: system.cpu.iq: Attempting to schedule ready instructions from the IQ.
 471500: system.cpu.iq: Not able to schedule any instructions.
 471500: system.cpu.commit: DefaultCommimt<Impl>::tick() begins
 471500: system.cpu.commit: Getting instructions from Rename stage.
 471500: system.cpu.commit: Trying to commit instructions in the ROB.
 471500: system.cpu.commit: [tid:0]: Can't commit, Instruction [sn:42] PC (0x4010fc=>0x401100).(0=>1) is head of ROB and not ready
 471500: system.cpu.commit: [tid:0]: ROB has 27 insts & 165 free entries.
 472000: system.cpu.fetch: Running stage.
 472000: system.cpu.fetch: Attempting to fetch from [tid:0]
 472000: system.cpu.fetch: [tid:0]: Adding instructions to queue to decode.
 472000: system.cpu.iq: Attempting to schedule ready instructions from the IQ.
 472000: system.cpu.iq: Not able to schedule any instructions.
 472000: system.cpu.commit: DefaultCommimt<Impl>::tick() begins
 472000: system.cpu.commit: Getting instructions from Rename stage.
 472000: system.cpu.commit: Trying to commit instructions in the ROB.
 472000: system.cpu.commit: [tid:0]: Can't commit, Instruction [sn:42] PC (0x4010fc=>0x401100).(0=>1) is head of ROB and not ready
 472000: system.cpu.commit: [tid:0]: ROB has 27 insts & 165 free entries.
 472500: system.cpu.fetch: Running stage.
 472500: system.cpu.fetch: Attempting to fetch from [tid:0]
 472500: system.cpu.fetch: [tid:0]: Adding instructions to queue to decode.
 472500: system.cpu.iq: Attempting to schedule ready instructions from the IQ.
 472500: system.cpu.iq: Not able to schedule any instructions.
 472500: system.cpu.commit: DefaultCommimt<Impl>::tick() begins
 472500: system.cpu.commit: Getting instructions from Rename stage.
 472500: system.cpu.commit: Trying to commit instructions in the ROB.
 472500: system.cpu.commit: [tid:0]: Can't commit, Instruction [sn:42] PC (0x4010fc=>0x401100).(0=>1) is head of ROB and not ready
 472500: system.cpu.commit: [tid:0]: ROB has 27 insts & 165 free entries.
 473000: system.cpu.fetch: Running stage.
 473000: system.cpu.fetch: Attempting to fetch from [tid:0]
 473000: system.cpu.fetch: [tid:0]: Adding instructions to queue to decode.
 473000: system.cpu.iq: Attempting to schedule ready instructions from the IQ.
 473000: system.cpu.iq: Not able to schedule any instructions.
 473000: system.cpu.commit: DefaultCommimt<Impl>::tick() begins
 473000: system.cpu.commit: Getting instructions from Rename stage.
 473000: system.cpu.commit: Trying to commit instructions in the ROB.
 473000: system.cpu.commit: [tid:0]: Can't commit, Instruction [sn:42] PC (0x4010fc=>0x401100).(0=>1) is head of ROB and not ready
 473000: system.cpu.commit: [tid:0]: ROB has 27 insts & 165 free entries.
 473500: system.cpu.fetch: Running stage.
 473500: system.cpu.fetch: Attempting to fetch from [tid:0]
 473500: system.cpu.fetch: [tid:0]: Adding instructions to queue to decode.
 473500: system.cpu.iq: Attempting to schedule ready instructions from the IQ.
 473500: system.cpu.iq: Not able to schedule any instructions.
 473500: system.cpu.commit: DefaultCommimt<Impl>::tick() begins
 473500: system.cpu.commit: Getting instructions from Rename stage.
 473500: system.cpu.commit: Trying to commit instructions in the ROB.
 473500: system.cpu.commit: [tid:0]: Can't commit, Instruction [sn:42] PC (0x4010fc=>0x401100).(0=>1) is head of ROB and not ready
 473500: system.cpu.commit: [tid:0]: ROB has 27 insts & 165 free entries.
 474000: system.cpu.fetch: Running stage.
 474000: system.cpu.fetch: Attempting to fetch from [tid:0]
 474000: system.cpu.fetch: [tid:0]: Adding instructions to queue to decode.
 474000: system.cpu.iq: Attempting to schedule ready instructions from the IQ.
 474000: system.cpu.iq: Not able to schedule any instructions.
 474000: system.cpu.commit: DefaultCommimt<Impl>::tick() begins
 474000: system.cpu.commit: Getting instructions from Rename stage.
 474000: system.cpu.commit: Trying to commit instructions in the ROB.
 474000: system.cpu.commit: [tid:0]: Can't commit, Instruction [sn:42] PC (0x4010fc=>0x401100).(0=>1) is head of ROB and not ready
 474000: system.cpu.commit: [tid:0]: ROB has 27 insts & 165 free entries.
 474500: system.cpu.fetch: Running stage.
 474500: system.cpu.fetch: Attempting to fetch from [tid:0]
 474500: system.cpu.fetch: [tid:0]: Adding instructions to queue to decode.
 474500: system.cpu.iq: Attempting to schedule ready instructions from the IQ.
 474500: system.cpu.iq: Not able to schedule any instructions.
 474500: system.cpu.commit: DefaultCommimt<Impl>::tick() begins
 474500: system.cpu.commit: Getting instructions from Rename stage.
 474500: system.cpu.commit: Trying to commit instructions in the ROB.
 474500: system.cpu.commit: [tid:0]: Can't commit, Instruction [sn:42] PC (0x4010fc=>0x401100).(0=>1) is head of ROB and not ready
 474500: system.cpu.commit: [tid:0]: ROB has 27 insts & 165 free entries.
 475000: system.cpu.fetch: Running stage.
 475000: system.cpu.fetch: Attempting to fetch from [tid:0]
 475000: system.cpu.fetch: [tid:0]: Adding instructions to queue to decode.
 475000: system.cpu.iq: Attempting to schedule ready instructions from the IQ.
 475000: system.cpu.iq: Not able to schedule any instructions.
 475000: system.cpu.commit: DefaultCommimt<Impl>::tick() begins
 475000: system.cpu.commit: Getting instructions from Rename stage.
 475000: system.cpu.commit: Trying to commit instructions in the ROB.
 475000: system.cpu.commit: [tid:0]: Can't commit, Instruction [sn:42] PC (0x4010fc=>0x401100).(0=>1) is head of ROB and not ready
 475000: system.cpu.commit: [tid:0]: ROB has 27 insts & 165 free entries.
 475500: system.cpu.fetch: Running stage.
 475500: system.cpu.fetch: Attempting to fetch from [tid:0]
 475500: system.cpu.fetch: [tid:0]: Adding instructions to queue to decode.
 475500: system.cpu.iq: Attempting to schedule ready instructions from the IQ.
 475500: system.cpu.iq: (addReadyMemInst) Instruction is ready to issue, putting it onto the ready list, PC (0x40113c=>0x401140).(0=>1) opclass:32 [sn:63].
 475500: system.cpu.iq: Thread 0: Issuing instruction PC (0x40113c=>0x401140).(0=>1) [sn:63]
 475500: system.cpu.memDep0: Issuing instruction PC 0x40113c [sn:63].
 475500: system.cpu.commit: DefaultCommimt<Impl>::tick() begins
 475500: system.cpu.commit: Getting instructions from Rename stage.
 475500: system.cpu.commit: Trying to commit instructions in the ROB.
 475500: system.cpu.commit: [tid:0]: Can't commit, Instruction [sn:42] PC (0x4010fc=>0x401100).(0=>1) is head of ROB and not ready
 475500: system.cpu.commit: [tid:0]: ROB has 27 insts & 165 free entries.
 475501: system.cpu.iew.lsq: Received D$ response for packet addr 0x20c0, block addr 0x20c0
 476000: system.cpu.fetch: Running stage.
 476000: system.cpu.fetch: Attempting to fetch from [tid:0]
 476000: system.cpu.fetch: [tid:0]: Adding instructions to queue to decode.
 476000: system.cpu.iew.lsq.thread0: Executing load PC (0x40113c=>0x401140).(0=>1), [sn:63]
 476000: system.cpu.dtb: Translating vaddr 0x85030c0.
 476000: system.cpu.dtb: In protected mode.
 476000: system.cpu.dtb: Paging enabled.
 476000: system.cpu.dtb: Entry found with paddr 0x2000, doing protection checks.
 476000: system.cpu.dtb: Translated 0x85030c0 -> 0x20c0.
 476000: system.cpu.iew.lsq.thread0: Read called, load idx: 7, store idx: -1, storeHead: 1 addr: 0x20c0
 476000: system.cpu.iew.lsq.thread0: Doing memory access (normal load) for inst [sn:63] PC (0x40113c=>0x401140).(0=>1)
 476000: system.cpu.iew.lsq.thread0: Attempting load request - PC 0x40113c, SQ: [sn:63], Paddr 0x20c0, Vaddr 0x85030c0
 476000: system.cpu.iew.lsq.thread0: successfully sent out packet(s) for inst [sn:63]
 476000: system.cpu.iew.lsq.thread0: Successfully sent out load request - PC 0x40113c, SQ: [sn:63], Paddr 0x20c0, Vaddr 0x85030c0, block addr 0x20c0
 476000: system.cpu.iq: Waking dependents of completed instruction [sn:42].
 476000: system.cpu.iq: Completing mem instruction PC: (0x4010fc=>0x401100).(0=>1) [sn:42]
 476000: system.cpu.memDep0: Completed mem instruction PC (0x4010fc=>0x401100).(0=>1) [sn:42].
 476000: system.cpu.iq: Waking any dependents on register 76 (IntRegClass).
 476000: system.cpu.iq: Waking up a dependent instruction, [sn:44] PC (0x401100=>0x401107).(1=>2).
 476000: global: [sn:44] has 2 ready out of 2 sources. RTI 0)
 476000: system.cpu.iq: (addIfReady, regular) Instruction is ready to issue, putting it onto the ready list, PC (0x401100=>0x401107).(1=>2) opclass:1 [sn:44].
 476000: system.cpu.iq: Attempting to schedule ready instructions from the IQ.
 476000: system.cpu.iq: Thread 0: Issuing instruction PC (0x401100=>0x401107).(1=>2) [sn:44]
 476000: system.cpu.iew.lsq.thread0: LQ size: 33, #loads occupied: 6
 476000: system.cpu.iew.lsq.thread0: SQ size: 33, #stores occupied: 0
 476000: system.cpu.commit: DefaultCommimt<Impl>::tick() begins
 476000: system.cpu.commit: Getting instructions from Rename stage.
 476000: system.cpu.commit: Trying to commit instructions in the ROB.
 476000: system.cpu.commit: [tid:0]: Can't commit, Instruction [sn:42] PC (0x4010fc=>0x401100).(0=>1) is head of ROB and not ready
 476000: system.cpu.commit: [tid:0]: ROB has 27 insts & 165 free entries.
 476500: system.cpu.fetch: Running stage.
 476500: system.cpu.fetch: Attempting to fetch from [tid:0]
 476500: system.cpu.fetch: [tid:0]: Adding instructions to queue to decode.
 476500: system.cpu.iq: Waking dependents of completed instruction [sn:44].
 476500: system.cpu.iq: Waking any dependents on register 78 (IntRegClass).
 476500: system.cpu.iq: Waking up a dependent instruction, [sn:45] PC (0x401107=>0x40110b).(0=>1).
 476500: global: [sn:45] has 3 ready out of 3 sources. RTI 0)
 476500: system.cpu.iq: (regular) Checking if memory instruction [sn:45] can issue.
 476500: system.cpu.memDep0: Marking registers as ready for instruction PC (0x401107=>0x40110b).(0=>1) [sn:45].
 476500: system.cpu.memDep0: Instruction has its memory dependencies resolved, adding it to the ready list.
 476500: system.cpu.memDep0: Adding instruction [sn:45] to the ready list.
 476500: system.cpu.iq: (addReadyMemInst) Instruction is ready to issue, putting it onto the ready list, PC (0x401107=>0x40110b).(0=>1) opclass:32 [sn:45].
 476500: system.cpu.iq: Waking any dependents on register 24 (CCRegClass).
 476500: system.cpu.iq: Waking any dependents on register 25 (CCRegClass).
 476500: system.cpu.iq: Attempting to schedule ready instructions from the IQ.
 476500: system.cpu.iq: Thread 0: Issuing instruction PC (0x401107=>0x40110b).(0=>1) [sn:45]
 476500: system.cpu.memDep0: Issuing instruction PC 0x401107 [sn:45].
 476500: system.cpu.iew.lsq.thread0: LQ size: 33, #loads occupied: 6
 476500: system.cpu.iew.lsq.thread0: SQ size: 33, #stores occupied: 0
 476500: system.cpu.commit: DefaultCommimt<Impl>::tick() begins
 476500: system.cpu.commit: Getting instructions from Rename stage.
 476500: system.cpu.commit: Trying to commit instructions in the ROB.
 476500: system.cpu.commit: get the inst [num:0]
 476500: system.cpu.commit: [tid:0]: Marking PC (0x4010fc=>0x401100).(0=>1), [sn:42] ready within ROB.
 476500: system.cpu.commit: [tid:0]: Instruction [sn:42] PC (0x4010fc=>0x401100).(0=>1) is head of ROB and ready to commit
 476500: system.cpu.commit: [tid:0]: ROB has 27 insts & 165 free entries.
 476501: system.cpu.iew.lsq: Received D$ response for packet addr 0x20c0, block addr 0x20c0
 477000: system.cpu.fetch: Running stage.
 477000: system.cpu.fetch: Attempting to fetch from [tid:0]
 477000: system.cpu.fetch: [tid:0]: Adding instructions to queue to decode.
 477000: system.cpu.iew.lsq.thread0: Executing load PC (0x401107=>0x40110b).(0=>1), [sn:45]
 477000: system.cpu.dtb: Translating vaddr 0x8503740.
 477000: system.cpu.dtb: In protected mode.
 477000: system.cpu.dtb: Paging enabled.
 477000: system.cpu.dtb: Entry found with paddr 0x2000, doing protection checks.
 477000: system.cpu.dtb: Translated 0x8503740 -> 0x2740.
 477000: system.cpu.iew.lsq.thread0: Read called, load idx: 3, store idx: -1, storeHead: 1 addr: 0x2740
 477000: system.cpu.iew.lsq.thread0: Doing memory access (normal load) for inst [sn:45] PC (0x401107=>0x40110b).(0=>1)
 477000: system.cpu.iew.lsq.thread0: Attempting load request - PC 0x401107, SQ: [sn:45], Paddr 0x2740, Vaddr 0x8503740
 477000: system.cpu.iew.lsq.thread0: successfully sent out packet(s) for inst [sn:45]
 477000: system.cpu.iew.lsq.thread0: Successfully sent out load request - PC 0x401107, SQ: [sn:45], Paddr 0x2740, Vaddr 0x8503740, block addr 0x2740
 477000: system.cpu.iq: Waking dependents of completed instruction [sn:63].
 477000: system.cpu.iq: Completing mem instruction PC: (0x40113c=>0x401140).(0=>1) [sn:63]
 477000: system.cpu.memDep0: Completed mem instruction PC (0x40113c=>0x401140).(0=>1) [sn:63].
 477000: system.cpu.iq: Waking any dependents on register 95 (IntRegClass).
 477000: system.cpu.iq: Attempting to schedule ready instructions from the IQ.
 477000: system.cpu.iq: Not able to schedule any instructions.
 477000: system.cpu.iew.lsq.thread0: LQ size: 33, #loads occupied: 6
 477000: system.cpu.iew.lsq.thread0: SQ size: 33, #stores occupied: 0
 477000: system.cpu.commit: DefaultCommimt<Impl>::tick() begins
 477000: system.cpu.commit: Getting instructions from Rename stage.
 477000: system.cpu.commit: Trying to commit instructions in the ROB.
 477000: system.cpu.commit: Trying to commit head instruction, [sn:42] [tid:0]
 477000: system.cpu.commit: Committing instruction with [sn:42] PC (0x4010fc=>0x401100).(0=>1)
 477000: system.cpu.rob: [tid:0]: Retiring head instruction, instruction PC (0x4010fc=>0x401100).(0=>1), [sn:42]
 477000: system.cpu.commit: Trying to commit head instruction, [sn:43] [tid:0]
 477000: system.cpu.commit: Committing instruction with [sn:43] PC (0x401100=>0x401107).(0=>1)
 477000: system.cpu.rob: [tid:0]: Retiring head instruction, instruction PC (0x401100=>0x401107).(0=>1), [sn:43]
 477000: system.cpu.commit: get the inst [num:0]
 477000: system.cpu.commit: [tid:0]: Marking PC (0x401100=>0x401107).(1=>2), [sn:44] ready within ROB.
 477000: system.cpu.commit: [tid:0]: Instruction [sn:44] PC (0x401100=>0x401107).(1=>2) is head of ROB and ready to commit
 477000: system.cpu.commit: [tid:0]: ROB has 25 insts & 167 free entries.
 477500: system.cpu.branchPred: [tid:0]: Committing branches until [sn:43].
 477500: system.cpu.fetch: Running stage.
 477500: system.cpu.fetch: Attempting to fetch from [tid:0]
 477500: system.cpu.fetch: [tid:0]: Adding instructions to queue to decode.
 477500: system.cpu.iq: Attempting to schedule ready instructions from the IQ.
 477500: system.cpu.iq: Not able to schedule any instructions.
 477500: system.cpu.iew.lsq.thread0: Committing head load instruction, PC (0x4010fc=>0x401100).(0=>1)
 477500: system.cpu.iq: [tid:0]: Committing instructions older than [sn:43]
 477500: system.cpu.commit: DefaultCommimt<Impl>::tick() begins
 477500: system.cpu.commit: Getting instructions from Rename stage.
 477500: system.cpu.commit: Trying to commit instructions in the ROB.
 477500: system.cpu.commit: Trying to commit head instruction, [sn:44] [tid:0]
 477500: system.cpu.commit: Committing instruction with [sn:44] PC (0x401100=>0x401107).(1=>2)
 477500: system.cpu.rob: [tid:0]: Retiring head instruction, instruction PC (0x401100=>0x401107).(1=>2), [sn:44]
 477500: system.cpu.commit: get the inst [num:0]
 477500: system.cpu.commit: [tid:0]: Marking PC (0x40113c=>0x401140).(0=>1), [sn:63] ready within ROB.
 477500: system.cpu.commit: [tid:0]: Can't commit, Instruction [sn:45] PC (0x401107=>0x40110b).(0=>1) is head of ROB and not ready
 477500: system.cpu.commit: [tid:0]: ROB has 24 insts & 168 free entries.
 478000: system.cpu.branchPred: [tid:0]: Committing branches until [sn:44].
 478000: system.cpu.fetch: Running stage.
 478000: system.cpu.fetch: Attempting to fetch from [tid:0]
 478000: system.cpu.fetch: [tid:0]: Adding instructions to queue to decode.
 478000: system.cpu.iq: Attempting to schedule ready instructions from the IQ.
 478000: system.cpu.iq: Not able to schedule any instructions.
 478000: system.cpu.iq: [tid:0]: Committing instructions older than [sn:44]
 478000: system.cpu.iew.lsq.thread0: LQ size: 33, #loads occupied: 5
 478000: system.cpu.iew.lsq.thread0: SQ size: 33, #stores occupied: 0
 478000: system.cpu.commit: DefaultCommimt<Impl>::tick() begins
 478000: system.cpu.commit: Getting instructions from Rename stage.
 478000: system.cpu.commit: Trying to commit instructions in the ROB.
 478000: system.cpu.commit: [tid:0]: Can't commit, Instruction [sn:45] PC (0x401107=>0x40110b).(0=>1) is head of ROB and not ready
 478000: system.cpu.commit: [tid:0]: ROB has 24 insts & 168 free entries.
 478500: system.cpu.fetch: Running stage.
 478500: system.cpu.fetch: Attempting to fetch from [tid:0]
 478500: system.cpu.fetch: [tid:0]: Adding instructions to queue to decode.
 478500: system.cpu.iq: Attempting to schedule ready instructions from the IQ.
 478500: system.cpu.iq: Not able to schedule any instructions.
 478500: system.cpu.iew.lsq.thread0: LQ size: 33, #loads occupied: 5
 478500: system.cpu.iew.lsq.thread0: SQ size: 33, #stores occupied: 0
 478500: system.cpu.commit: DefaultCommimt<Impl>::tick() begins
 478500: system.cpu.commit: Getting instructions from Rename stage.
 478500: system.cpu.commit: Trying to commit instructions in the ROB.
 478500: system.cpu.commit: [tid:0]: Can't commit, Instruction [sn:45] PC (0x401107=>0x40110b).(0=>1) is head of ROB and not ready
 478500: system.cpu.commit: [tid:0]: ROB has 24 insts & 168 free entries.
 479000: system.cpu.fetch: Running stage.
 479000: system.cpu.fetch: Attempting to fetch from [tid:0]
 479000: system.cpu.fetch: [tid:0]: Adding instructions to queue to decode.
 479000: system.cpu.iq: Attempting to schedule ready instructions from the IQ.
 479000: system.cpu.iq: Not able to schedule any instructions.
 479000: system.cpu.commit: DefaultCommimt<Impl>::tick() begins
 479000: system.cpu.commit: Getting instructions from Rename stage.
 479000: system.cpu.commit: Trying to commit instructions in the ROB.
 479000: system.cpu.commit: [tid:0]: Can't commit, Instruction [sn:45] PC (0x401107=>0x40110b).(0=>1) is head of ROB and not ready
 479000: system.cpu.commit: [tid:0]: ROB has 24 insts & 168 free entries.
 479500: system.cpu.fetch: Running stage.
 479500: system.cpu.fetch: Attempting to fetch from [tid:0]
 479500: system.cpu.fetch: [tid:0]: Adding instructions to queue to decode.
 479500: system.cpu.iq: Attempting to schedule ready instructions from the IQ.
 479500: system.cpu.iq: Not able to schedule any instructions.
 479500: system.cpu.commit: DefaultCommimt<Impl>::tick() begins
 479500: system.cpu.commit: Getting instructions from Rename stage.
 479500: system.cpu.commit: Trying to commit instructions in the ROB.
 479500: system.cpu.commit: [tid:0]: Can't commit, Instruction [sn:45] PC (0x401107=>0x40110b).(0=>1) is head of ROB and not ready
 479500: system.cpu.commit: [tid:0]: ROB has 24 insts & 168 free entries.
 480000: system.cpu.fetch: Running stage.
 480000: system.cpu.fetch: Attempting to fetch from [tid:0]
 480000: system.cpu.fetch: [tid:0]: Adding instructions to queue to decode.
 480000: system.cpu.iq: Attempting to schedule ready instructions from the IQ.
 480000: system.cpu.iq: Not able to schedule any instructions.
 480000: system.cpu.commit: DefaultCommimt<Impl>::tick() begins
 480000: system.cpu.commit: Getting instructions from Rename stage.
 480000: system.cpu.commit: Trying to commit instructions in the ROB.
 480000: system.cpu.commit: [tid:0]: Can't commit, Instruction [sn:45] PC (0x401107=>0x40110b).(0=>1) is head of ROB and not ready
 480000: system.cpu.commit: [tid:0]: ROB has 24 insts & 168 free entries.
 480500: system.cpu.fetch: Running stage.
 480500: system.cpu.fetch: Attempting to fetch from [tid:0]
 480500: system.cpu.fetch: [tid:0]: Adding instructions to queue to decode.
 480500: system.cpu.iq: Attempting to schedule ready instructions from the IQ.
 480500: system.cpu.iq: Not able to schedule any instructions.
 480500: system.cpu.commit: DefaultCommimt<Impl>::tick() begins
 480500: system.cpu.commit: Getting instructions from Rename stage.
 480500: system.cpu.commit: Trying to commit instructions in the ROB.
 480500: system.cpu.commit: [tid:0]: Can't commit, Instruction [sn:45] PC (0x401107=>0x40110b).(0=>1) is head of ROB and not ready
 480500: system.cpu.commit: [tid:0]: ROB has 24 insts & 168 free entries.
 481000: system.cpu.fetch: Running stage.
 481000: system.cpu.fetch: Attempting to fetch from [tid:0]
 481000: system.cpu.fetch: [tid:0]: Adding instructions to queue to decode.
 481000: system.cpu.iq: Attempting to schedule ready instructions from the IQ.
 481000: system.cpu.iq: Not able to schedule any instructions.
 481000: system.cpu.commit: DefaultCommimt<Impl>::tick() begins
 481000: system.cpu.commit: Getting instructions from Rename stage.
 481000: system.cpu.commit: Trying to commit instructions in the ROB.
 481000: system.cpu.commit: [tid:0]: Can't commit, Instruction [sn:45] PC (0x401107=>0x40110b).(0=>1) is head of ROB and not ready
 481000: system.cpu.commit: [tid:0]: ROB has 24 insts & 168 free entries.
 481500: system.cpu.fetch: Running stage.
 481500: system.cpu.fetch: Attempting to fetch from [tid:0]
 481500: system.cpu.fetch: [tid:0]: Adding instructions to queue to decode.
 481500: system.cpu.iq: Attempting to schedule ready instructions from the IQ.
 481500: system.cpu.iq: Not able to schedule any instructions.
 481500: system.cpu.commit: DefaultCommimt<Impl>::tick() begins
 481500: system.cpu.commit: Getting instructions from Rename stage.
 481500: system.cpu.commit: Trying to commit instructions in the ROB.
 481500: system.cpu.commit: [tid:0]: Can't commit, Instruction [sn:45] PC (0x401107=>0x40110b).(0=>1) is head of ROB and not ready
 481500: system.cpu.commit: [tid:0]: ROB has 24 insts & 168 free entries.
 482000: system.cpu.fetch: Running stage.
 482000: system.cpu.fetch: Attempting to fetch from [tid:0]
 482000: system.cpu.fetch: [tid:0]: Adding instructions to queue to decode.
 482000: system.cpu.iq: Attempting to schedule ready instructions from the IQ.
 482000: system.cpu.iq: Not able to schedule any instructions.
 482000: system.cpu.commit: DefaultCommimt<Impl>::tick() begins
 482000: system.cpu.commit: Getting instructions from Rename stage.
 482000: system.cpu.commit: Trying to commit instructions in the ROB.
 482000: system.cpu.commit: [tid:0]: Can't commit, Instruction [sn:45] PC (0x401107=>0x40110b).(0=>1) is head of ROB and not ready
 482000: system.cpu.commit: [tid:0]: ROB has 24 insts & 168 free entries.
 482500: system.cpu.fetch: Running stage.
 482500: system.cpu.fetch: Attempting to fetch from [tid:0]
 482500: system.cpu.fetch: [tid:0]: Adding instructions to queue to decode.
 482500: system.cpu.iq: Attempting to schedule ready instructions from the IQ.
 482500: system.cpu.iq: Not able to schedule any instructions.
 482500: system.cpu.commit: DefaultCommimt<Impl>::tick() begins
 482500: system.cpu.commit: Getting instructions from Rename stage.
 482500: system.cpu.commit: Trying to commit instructions in the ROB.
 482500: system.cpu.commit: [tid:0]: Can't commit, Instruction [sn:45] PC (0x401107=>0x40110b).(0=>1) is head of ROB and not ready
 482500: system.cpu.commit: [tid:0]: ROB has 24 insts & 168 free entries.
 483000: system.cpu.fetch: Running stage.
 483000: system.cpu.fetch: Attempting to fetch from [tid:0]
 483000: system.cpu.fetch: [tid:0]: Adding instructions to queue to decode.
 483000: system.cpu.iq: Attempting to schedule ready instructions from the IQ.
 483000: system.cpu.iq: Not able to schedule any instructions.
 483000: system.cpu.commit: DefaultCommimt<Impl>::tick() begins
 483000: system.cpu.commit: Getting instructions from Rename stage.
 483000: system.cpu.commit: Trying to commit instructions in the ROB.
 483000: system.cpu.commit: [tid:0]: Can't commit, Instruction [sn:45] PC (0x401107=>0x40110b).(0=>1) is head of ROB and not ready
 483000: system.cpu.commit: [tid:0]: ROB has 24 insts & 168 free entries.
 483500: system.cpu.fetch: Running stage.
 483500: system.cpu.fetch: Attempting to fetch from [tid:0]
 483500: system.cpu.fetch: [tid:0]: Adding instructions to queue to decode.
 483500: system.cpu.iq: Attempting to schedule ready instructions from the IQ.
 483500: system.cpu.iq: Not able to schedule any instructions.
 483500: system.cpu.commit: DefaultCommimt<Impl>::tick() begins
 483500: system.cpu.commit: Getting instructions from Rename stage.
 483500: system.cpu.commit: Trying to commit instructions in the ROB.
 483500: system.cpu.commit: [tid:0]: Can't commit, Instruction [sn:45] PC (0x401107=>0x40110b).(0=>1) is head of ROB and not ready
 483500: system.cpu.commit: [tid:0]: ROB has 24 insts & 168 free entries.
 484000: system.cpu.fetch: Running stage.
 484000: system.cpu.fetch: Attempting to fetch from [tid:0]
 484000: system.cpu.fetch: [tid:0]: Adding instructions to queue to decode.
 484000: system.cpu.iq: Attempting to schedule ready instructions from the IQ.
 484000: system.cpu.iq: Not able to schedule any instructions.
 484000: system.cpu.commit: DefaultCommimt<Impl>::tick() begins
 484000: system.cpu.commit: Getting instructions from Rename stage.
 484000: system.cpu.commit: Trying to commit instructions in the ROB.
 484000: system.cpu.commit: [tid:0]: Can't commit, Instruction [sn:45] PC (0x401107=>0x40110b).(0=>1) is head of ROB and not ready
 484000: system.cpu.commit: [tid:0]: ROB has 24 insts & 168 free entries.
 484500: system.cpu.fetch: Running stage.
 484500: system.cpu.fetch: Attempting to fetch from [tid:0]
 484500: system.cpu.fetch: [tid:0]: Adding instructions to queue to decode.
 484500: system.cpu.iq: Attempting to schedule ready instructions from the IQ.
 484500: system.cpu.iq: Not able to schedule any instructions.
 484500: system.cpu.commit: DefaultCommimt<Impl>::tick() begins
 484500: system.cpu.commit: Getting instructions from Rename stage.
 484500: system.cpu.commit: Trying to commit instructions in the ROB.
 484500: system.cpu.commit: [tid:0]: Can't commit, Instruction [sn:45] PC (0x401107=>0x40110b).(0=>1) is head of ROB and not ready
 484500: system.cpu.commit: [tid:0]: ROB has 24 insts & 168 free entries.
 485000: system.cpu.fetch: Running stage.
 485000: system.cpu.fetch: Attempting to fetch from [tid:0]
 485000: system.cpu.fetch: [tid:0]: Adding instructions to queue to decode.
 485000: system.cpu.iq: Attempting to schedule ready instructions from the IQ.
 485000: system.cpu.iq: Not able to schedule any instructions.
 485000: system.cpu.commit: DefaultCommimt<Impl>::tick() begins
 485000: system.cpu.commit: Getting instructions from Rename stage.
 485000: system.cpu.commit: Trying to commit instructions in the ROB.
 485000: system.cpu.commit: [tid:0]: Can't commit, Instruction [sn:45] PC (0x401107=>0x40110b).(0=>1) is head of ROB and not ready
 485000: system.cpu.commit: [tid:0]: ROB has 24 insts & 168 free entries.
 485500: system.cpu.fetch: Running stage.
 485500: system.cpu.fetch: Attempting to fetch from [tid:0]
 485500: system.cpu.fetch: [tid:0]: Adding instructions to queue to decode.
 485500: system.cpu.iq: Attempting to schedule ready instructions from the IQ.
 485500: system.cpu.iq: Not able to schedule any instructions.
 485500: system.cpu.commit: DefaultCommimt<Impl>::tick() begins
 485500: system.cpu.commit: Getting instructions from Rename stage.
 485500: system.cpu.commit: Trying to commit instructions in the ROB.
 485500: system.cpu.commit: [tid:0]: Can't commit, Instruction [sn:45] PC (0x401107=>0x40110b).(0=>1) is head of ROB and not ready
 485500: system.cpu.commit: [tid:0]: ROB has 24 insts & 168 free entries.
 486000: system.cpu.fetch: Running stage.
 486000: system.cpu.fetch: Attempting to fetch from [tid:0]
 486000: system.cpu.fetch: [tid:0]: Adding instructions to queue to decode.
 486000: system.cpu.iq: Attempting to schedule ready instructions from the IQ.
 486000: system.cpu.iq: Not able to schedule any instructions.
 486000: system.cpu.commit: DefaultCommimt<Impl>::tick() begins
 486000: system.cpu.commit: Getting instructions from Rename stage.
 486000: system.cpu.commit: Trying to commit instructions in the ROB.
 486000: system.cpu.commit: [tid:0]: Can't commit, Instruction [sn:45] PC (0x401107=>0x40110b).(0=>1) is head of ROB and not ready
 486000: system.cpu.commit: [tid:0]: ROB has 24 insts & 168 free entries.
 486500: system.cpu.fetch: Running stage.
 486500: system.cpu.fetch: Attempting to fetch from [tid:0]
 486500: system.cpu.fetch: [tid:0]: Adding instructions to queue to decode.
 486500: system.cpu.iq: Attempting to schedule ready instructions from the IQ.
 486500: system.cpu.iq: Not able to schedule any instructions.
 486500: system.cpu.commit: DefaultCommimt<Impl>::tick() begins
 486500: system.cpu.commit: Getting instructions from Rename stage.
 486500: system.cpu.commit: Trying to commit instructions in the ROB.
 486500: system.cpu.commit: [tid:0]: Can't commit, Instruction [sn:45] PC (0x401107=>0x40110b).(0=>1) is head of ROB and not ready
 486500: system.cpu.commit: [tid:0]: ROB has 24 insts & 168 free entries.
 487000: system.cpu.fetch: Running stage.
 487000: system.cpu.fetch: Attempting to fetch from [tid:0]
 487000: system.cpu.fetch: [tid:0]: Adding instructions to queue to decode.
 487000: system.cpu.iq: Attempting to schedule ready instructions from the IQ.
 487000: system.cpu.iq: Not able to schedule any instructions.
 487000: system.cpu.commit: DefaultCommimt<Impl>::tick() begins
 487000: system.cpu.commit: Getting instructions from Rename stage.
 487000: system.cpu.commit: Trying to commit instructions in the ROB.
 487000: system.cpu.commit: [tid:0]: Can't commit, Instruction [sn:45] PC (0x401107=>0x40110b).(0=>1) is head of ROB and not ready
 487000: system.cpu.commit: [tid:0]: ROB has 24 insts & 168 free entries.
 487500: system.cpu.fetch: Running stage.
 487500: system.cpu.fetch: Attempting to fetch from [tid:0]
 487500: system.cpu.fetch: [tid:0]: Adding instructions to queue to decode.
 487500: system.cpu.iq: Attempting to schedule ready instructions from the IQ.
 487500: system.cpu.iq: Not able to schedule any instructions.
 487500: system.cpu.commit: DefaultCommimt<Impl>::tick() begins
 487500: system.cpu.commit: Getting instructions from Rename stage.
 487500: system.cpu.commit: Trying to commit instructions in the ROB.
 487500: system.cpu.commit: [tid:0]: Can't commit, Instruction [sn:45] PC (0x401107=>0x40110b).(0=>1) is head of ROB and not ready
 487500: system.cpu.commit: [tid:0]: ROB has 24 insts & 168 free entries.
 488000: system.cpu.fetch: Running stage.
 488000: system.cpu.fetch: Attempting to fetch from [tid:0]
 488000: system.cpu.fetch: [tid:0]: Adding instructions to queue to decode.
 488000: system.cpu.iq: Attempting to schedule ready instructions from the IQ.
 488000: system.cpu.iq: Not able to schedule any instructions.
 488000: system.cpu.commit: DefaultCommimt<Impl>::tick() begins
 488000: system.cpu.commit: Getting instructions from Rename stage.
 488000: system.cpu.commit: Trying to commit instructions in the ROB.
 488000: system.cpu.commit: [tid:0]: Can't commit, Instruction [sn:45] PC (0x401107=>0x40110b).(0=>1) is head of ROB and not ready
 488000: system.cpu.commit: [tid:0]: ROB has 24 insts & 168 free entries.
 488500: system.cpu.fetch: Running stage.
 488500: system.cpu.fetch: Attempting to fetch from [tid:0]
 488500: system.cpu.fetch: [tid:0]: Adding instructions to queue to decode.
 488500: system.cpu.iq: Attempting to schedule ready instructions from the IQ.
 488500: system.cpu.iq: Not able to schedule any instructions.
 488500: system.cpu.commit: DefaultCommimt<Impl>::tick() begins
 488500: system.cpu.commit: Getting instructions from Rename stage.
 488500: system.cpu.commit: Trying to commit instructions in the ROB.
 488500: system.cpu.commit: [tid:0]: Can't commit, Instruction [sn:45] PC (0x401107=>0x40110b).(0=>1) is head of ROB and not ready
 488500: system.cpu.commit: [tid:0]: ROB has 24 insts & 168 free entries.
 489000: system.cpu.fetch: Running stage.
 489000: system.cpu.fetch: Attempting to fetch from [tid:0]
 489000: system.cpu.fetch: [tid:0]: Adding instructions to queue to decode.
 489000: system.cpu.iq: Attempting to schedule ready instructions from the IQ.
 489000: system.cpu.iq: Not able to schedule any instructions.
 489000: system.cpu.commit: DefaultCommimt<Impl>::tick() begins
 489000: system.cpu.commit: Getting instructions from Rename stage.
 489000: system.cpu.commit: Trying to commit instructions in the ROB.
 489000: system.cpu.commit: [tid:0]: Can't commit, Instruction [sn:45] PC (0x401107=>0x40110b).(0=>1) is head of ROB and not ready
 489000: system.cpu.commit: [tid:0]: ROB has 24 insts & 168 free entries.
 489500: system.cpu.fetch: Running stage.
 489500: system.cpu.fetch: Attempting to fetch from [tid:0]
 489500: system.cpu.fetch: [tid:0]: Adding instructions to queue to decode.
 489500: system.cpu.iq: Attempting to schedule ready instructions from the IQ.
 489500: system.cpu.iq: Not able to schedule any instructions.
 489500: system.cpu.commit: DefaultCommimt<Impl>::tick() begins
 489500: system.cpu.commit: Getting instructions from Rename stage.
 489500: system.cpu.commit: Trying to commit instructions in the ROB.
 489500: system.cpu.commit: [tid:0]: Can't commit, Instruction [sn:45] PC (0x401107=>0x40110b).(0=>1) is head of ROB and not ready
 489500: system.cpu.commit: [tid:0]: ROB has 24 insts & 168 free entries.
 490000: system.cpu.fetch: Running stage.
 490000: system.cpu.fetch: Attempting to fetch from [tid:0]
 490000: system.cpu.fetch: [tid:0]: Adding instructions to queue to decode.
 490000: system.cpu.iq: Attempting to schedule ready instructions from the IQ.
 490000: system.cpu.iq: Not able to schedule any instructions.
 490000: system.cpu.commit: DefaultCommimt<Impl>::tick() begins
 490000: system.cpu.commit: Getting instructions from Rename stage.
 490000: system.cpu.commit: Trying to commit instructions in the ROB.
 490000: system.cpu.commit: [tid:0]: Can't commit, Instruction [sn:45] PC (0x401107=>0x40110b).(0=>1) is head of ROB and not ready
 490000: system.cpu.commit: [tid:0]: ROB has 24 insts & 168 free entries.
 490500: system.cpu.fetch: Running stage.
 490500: system.cpu.fetch: Attempting to fetch from [tid:0]
 490500: system.cpu.fetch: [tid:0]: Adding instructions to queue to decode.
 490500: system.cpu.iq: Attempting to schedule ready instructions from the IQ.
 490500: system.cpu.iq: Not able to schedule any instructions.
 490500: system.cpu.commit: DefaultCommimt<Impl>::tick() begins
 490500: system.cpu.commit: Getting instructions from Rename stage.
 490500: system.cpu.commit: Trying to commit instructions in the ROB.
 490500: system.cpu.commit: [tid:0]: Can't commit, Instruction [sn:45] PC (0x401107=>0x40110b).(0=>1) is head of ROB and not ready
 490500: system.cpu.commit: [tid:0]: ROB has 24 insts & 168 free entries.
 491000: system.cpu.fetch: Running stage.
 491000: system.cpu.fetch: Attempting to fetch from [tid:0]
 491000: system.cpu.fetch: [tid:0]: Adding instructions to queue to decode.
 491000: system.cpu.iq: Attempting to schedule ready instructions from the IQ.
 491000: system.cpu.iq: Not able to schedule any instructions.
 491000: system.cpu.commit: DefaultCommimt<Impl>::tick() begins
 491000: system.cpu.commit: Getting instructions from Rename stage.
 491000: system.cpu.commit: Trying to commit instructions in the ROB.
 491000: system.cpu.commit: [tid:0]: Can't commit, Instruction [sn:45] PC (0x401107=>0x40110b).(0=>1) is head of ROB and not ready
 491000: system.cpu.commit: [tid:0]: ROB has 24 insts & 168 free entries.
 491500: system.cpu.fetch: Running stage.
 491500: system.cpu.fetch: Attempting to fetch from [tid:0]
 491500: system.cpu.fetch: [tid:0]: Adding instructions to queue to decode.
 491500: system.cpu.iq: Attempting to schedule ready instructions from the IQ.
 491500: system.cpu.iq: Not able to schedule any instructions.
 491500: system.cpu.commit: DefaultCommimt<Impl>::tick() begins
 491500: system.cpu.commit: Getting instructions from Rename stage.
 491500: system.cpu.commit: Trying to commit instructions in the ROB.
 491500: system.cpu.commit: [tid:0]: Can't commit, Instruction [sn:45] PC (0x401107=>0x40110b).(0=>1) is head of ROB and not ready
 491500: system.cpu.commit: [tid:0]: ROB has 24 insts & 168 free entries.
 492000: system.cpu.fetch: Running stage.
 492000: system.cpu.fetch: Attempting to fetch from [tid:0]
 492000: system.cpu.fetch: [tid:0]: Adding instructions to queue to decode.
 492000: system.cpu.iq: Attempting to schedule ready instructions from the IQ.
 492000: system.cpu.iq: Not able to schedule any instructions.
 492000: system.cpu.commit: DefaultCommimt<Impl>::tick() begins
 492000: system.cpu.commit: Getting instructions from Rename stage.
 492000: system.cpu.commit: Trying to commit instructions in the ROB.
 492000: system.cpu.commit: [tid:0]: Can't commit, Instruction [sn:45] PC (0x401107=>0x40110b).(0=>1) is head of ROB and not ready
 492000: system.cpu.commit: [tid:0]: ROB has 24 insts & 168 free entries.
 492500: system.cpu.fetch: Running stage.
 492500: system.cpu.fetch: Attempting to fetch from [tid:0]
 492500: system.cpu.fetch: [tid:0]: Adding instructions to queue to decode.
 492500: system.cpu.iq: Attempting to schedule ready instructions from the IQ.
 492500: system.cpu.iq: Not able to schedule any instructions.
 492500: system.cpu.commit: DefaultCommimt<Impl>::tick() begins
 492500: system.cpu.commit: Getting instructions from Rename stage.
 492500: system.cpu.commit: Trying to commit instructions in the ROB.
 492500: system.cpu.commit: [tid:0]: Can't commit, Instruction [sn:45] PC (0x401107=>0x40110b).(0=>1) is head of ROB and not ready
 492500: system.cpu.commit: [tid:0]: ROB has 24 insts & 168 free entries.
 493000: system.cpu.fetch: Running stage.
 493000: system.cpu.fetch: Attempting to fetch from [tid:0]
 493000: system.cpu.fetch: [tid:0]: Adding instructions to queue to decode.
 493000: system.cpu.iq: Attempting to schedule ready instructions from the IQ.
 493000: system.cpu.iq: Not able to schedule any instructions.
 493000: system.cpu.commit: DefaultCommimt<Impl>::tick() begins
 493000: system.cpu.commit: Getting instructions from Rename stage.
 493000: system.cpu.commit: Trying to commit instructions in the ROB.
 493000: system.cpu.commit: [tid:0]: Can't commit, Instruction [sn:45] PC (0x401107=>0x40110b).(0=>1) is head of ROB and not ready
 493000: system.cpu.commit: [tid:0]: ROB has 24 insts & 168 free entries.
 493500: system.cpu.fetch: Running stage.
 493500: system.cpu.fetch: Attempting to fetch from [tid:0]
 493500: system.cpu.fetch: [tid:0]: Adding instructions to queue to decode.
 493500: system.cpu.iq: Attempting to schedule ready instructions from the IQ.
 493500: system.cpu.iq: Not able to schedule any instructions.
 493500: system.cpu.commit: DefaultCommimt<Impl>::tick() begins
 493500: system.cpu.commit: Getting instructions from Rename stage.
 493500: system.cpu.commit: Trying to commit instructions in the ROB.
 493500: system.cpu.commit: [tid:0]: Can't commit, Instruction [sn:45] PC (0x401107=>0x40110b).(0=>1) is head of ROB and not ready
 493500: system.cpu.commit: [tid:0]: ROB has 24 insts & 168 free entries.
 494000: system.cpu.fetch: Running stage.
 494000: system.cpu.fetch: Attempting to fetch from [tid:0]
 494000: system.cpu.fetch: [tid:0]: Adding instructions to queue to decode.
 494000: system.cpu.iq: Attempting to schedule ready instructions from the IQ.
 494000: system.cpu.iq: Not able to schedule any instructions.
 494000: system.cpu.commit: DefaultCommimt<Impl>::tick() begins
 494000: system.cpu.commit: Getting instructions from Rename stage.
 494000: system.cpu.commit: Trying to commit instructions in the ROB.
 494000: system.cpu.commit: [tid:0]: Can't commit, Instruction [sn:45] PC (0x401107=>0x40110b).(0=>1) is head of ROB and not ready
 494000: system.cpu.commit: [tid:0]: ROB has 24 insts & 168 free entries.
 494500: system.cpu.fetch: Running stage.
 494500: system.cpu.fetch: Attempting to fetch from [tid:0]
 494500: system.cpu.fetch: [tid:0]: Adding instructions to queue to decode.
 494500: system.cpu.iq: Attempting to schedule ready instructions from the IQ.
 494500: system.cpu.iq: Not able to schedule any instructions.
 494500: system.cpu.commit: DefaultCommimt<Impl>::tick() begins
 494500: system.cpu.commit: Getting instructions from Rename stage.
 494500: system.cpu.commit: Trying to commit instructions in the ROB.
 494500: system.cpu.commit: [tid:0]: Can't commit, Instruction [sn:45] PC (0x401107=>0x40110b).(0=>1) is head of ROB and not ready
 494500: system.cpu.commit: [tid:0]: ROB has 24 insts & 168 free entries.
 495000: system.cpu.fetch: Running stage.
 495000: system.cpu.fetch: Attempting to fetch from [tid:0]
 495000: system.cpu.fetch: [tid:0]: Adding instructions to queue to decode.
 495000: system.cpu.iq: Attempting to schedule ready instructions from the IQ.
 495000: system.cpu.iq: Not able to schedule any instructions.
 495000: system.cpu.commit: DefaultCommimt<Impl>::tick() begins
 495000: system.cpu.commit: Getting instructions from Rename stage.
 495000: system.cpu.commit: Trying to commit instructions in the ROB.
 495000: system.cpu.commit: [tid:0]: Can't commit, Instruction [sn:45] PC (0x401107=>0x40110b).(0=>1) is head of ROB and not ready
 495000: system.cpu.commit: [tid:0]: ROB has 24 insts & 168 free entries.
 495500: system.cpu.fetch: Running stage.
 495500: system.cpu.fetch: Attempting to fetch from [tid:0]
 495500: system.cpu.fetch: [tid:0]: Adding instructions to queue to decode.
 495500: system.cpu.iq: Attempting to schedule ready instructions from the IQ.
 495500: system.cpu.iq: Not able to schedule any instructions.
 495500: system.cpu.commit: DefaultCommimt<Impl>::tick() begins
 495500: system.cpu.commit: Getting instructions from Rename stage.
 495500: system.cpu.commit: Trying to commit instructions in the ROB.
 495500: system.cpu.commit: [tid:0]: Can't commit, Instruction [sn:45] PC (0x401107=>0x40110b).(0=>1) is head of ROB and not ready
 495500: system.cpu.commit: [tid:0]: ROB has 24 insts & 168 free entries.
 496000: system.cpu.fetch: Running stage.
 496000: system.cpu.fetch: Attempting to fetch from [tid:0]
 496000: system.cpu.fetch: [tid:0]: Adding instructions to queue to decode.
 496000: system.cpu.iq: Attempting to schedule ready instructions from the IQ.
 496000: system.cpu.iq: Not able to schedule any instructions.
 496000: system.cpu.commit: DefaultCommimt<Impl>::tick() begins
 496000: system.cpu.commit: Getting instructions from Rename stage.
 496000: system.cpu.commit: Trying to commit instructions in the ROB.
 496000: system.cpu.commit: [tid:0]: Can't commit, Instruction [sn:45] PC (0x401107=>0x40110b).(0=>1) is head of ROB and not ready
 496000: system.cpu.commit: [tid:0]: ROB has 24 insts & 168 free entries.
 496500: system.cpu.fetch: Running stage.
 496500: system.cpu.fetch: Attempting to fetch from [tid:0]
 496500: system.cpu.fetch: [tid:0]: Adding instructions to queue to decode.
 496500: system.cpu.iq: Attempting to schedule ready instructions from the IQ.
 496500: system.cpu.iq: Not able to schedule any instructions.
 496500: system.cpu.commit: DefaultCommimt<Impl>::tick() begins
 496500: system.cpu.commit: Getting instructions from Rename stage.
 496500: system.cpu.commit: Trying to commit instructions in the ROB.
 496500: system.cpu.commit: [tid:0]: Can't commit, Instruction [sn:45] PC (0x401107=>0x40110b).(0=>1) is head of ROB and not ready
 496500: system.cpu.commit: [tid:0]: ROB has 24 insts & 168 free entries.
 497000: system.cpu.fetch: Running stage.
 497000: system.cpu.fetch: Attempting to fetch from [tid:0]
 497000: system.cpu.fetch: [tid:0]: Adding instructions to queue to decode.
 497000: system.cpu.iq: Attempting to schedule ready instructions from the IQ.
 497000: system.cpu.iq: Not able to schedule any instructions.
 497000: system.cpu.commit: DefaultCommimt<Impl>::tick() begins
 497000: system.cpu.commit: Getting instructions from Rename stage.
 497000: system.cpu.commit: Trying to commit instructions in the ROB.
 497000: system.cpu.commit: [tid:0]: Can't commit, Instruction [sn:45] PC (0x401107=>0x40110b).(0=>1) is head of ROB and not ready
 497000: system.cpu.commit: [tid:0]: ROB has 24 insts & 168 free entries.
 497500: system.cpu.fetch: Running stage.
 497500: system.cpu.fetch: Attempting to fetch from [tid:0]
 497500: system.cpu.fetch: [tid:0]: Adding instructions to queue to decode.
 497500: system.cpu.iq: Attempting to schedule ready instructions from the IQ.
 497500: system.cpu.iq: Not able to schedule any instructions.
 497500: system.cpu.commit: DefaultCommimt<Impl>::tick() begins
 497500: system.cpu.commit: Getting instructions from Rename stage.
 497500: system.cpu.commit: Trying to commit instructions in the ROB.
 497500: system.cpu.commit: [tid:0]: Can't commit, Instruction [sn:45] PC (0x401107=>0x40110b).(0=>1) is head of ROB and not ready
 497500: system.cpu.commit: [tid:0]: ROB has 24 insts & 168 free entries.
 498000: system.cpu.fetch: Running stage.
 498000: system.cpu.fetch: Attempting to fetch from [tid:0]
 498000: system.cpu.fetch: [tid:0]: Adding instructions to queue to decode.
 498000: system.cpu.iq: Attempting to schedule ready instructions from the IQ.
 498000: system.cpu.iq: Not able to schedule any instructions.
 498000: system.cpu.commit: DefaultCommimt<Impl>::tick() begins
 498000: system.cpu.commit: Getting instructions from Rename stage.
 498000: system.cpu.commit: Trying to commit instructions in the ROB.
 498000: system.cpu.commit: [tid:0]: Can't commit, Instruction [sn:45] PC (0x401107=>0x40110b).(0=>1) is head of ROB and not ready
 498000: system.cpu.commit: [tid:0]: ROB has 24 insts & 168 free entries.
 498500: system.cpu.fetch: Running stage.
 498500: system.cpu.fetch: Attempting to fetch from [tid:0]
 498500: system.cpu.fetch: [tid:0]: Adding instructions to queue to decode.
 498500: system.cpu.iq: Attempting to schedule ready instructions from the IQ.
 498500: system.cpu.iq: Not able to schedule any instructions.
 498500: system.cpu.commit: DefaultCommimt<Impl>::tick() begins
 498500: system.cpu.commit: Getting instructions from Rename stage.
 498500: system.cpu.commit: Trying to commit instructions in the ROB.
 498500: system.cpu.commit: [tid:0]: Can't commit, Instruction [sn:45] PC (0x401107=>0x40110b).(0=>1) is head of ROB and not ready
 498500: system.cpu.commit: [tid:0]: ROB has 24 insts & 168 free entries.
 499000: system.cpu.fetch: Running stage.
 499000: system.cpu.fetch: Attempting to fetch from [tid:0]
 499000: system.cpu.fetch: [tid:0]: Adding instructions to queue to decode.
 499000: system.cpu.iq: Attempting to schedule ready instructions from the IQ.
 499000: system.cpu.iq: Not able to schedule any instructions.
 499000: system.cpu.commit: DefaultCommimt<Impl>::tick() begins
 499000: system.cpu.commit: Getting instructions from Rename stage.
 499000: system.cpu.commit: Trying to commit instructions in the ROB.
 499000: system.cpu.commit: [tid:0]: Can't commit, Instruction [sn:45] PC (0x401107=>0x40110b).(0=>1) is head of ROB and not ready
 499000: system.cpu.commit: [tid:0]: ROB has 24 insts & 168 free entries.
 499500: system.cpu.fetch: Running stage.
 499500: system.cpu.fetch: Attempting to fetch from [tid:0]
 499500: system.cpu.fetch: [tid:0]: Adding instructions to queue to decode.
 499500: system.cpu.iq: Attempting to schedule ready instructions from the IQ.
 499500: system.cpu.iq: Not able to schedule any instructions.
 499500: system.cpu.commit: DefaultCommimt<Impl>::tick() begins
 499500: system.cpu.commit: Getting instructions from Rename stage.
 499500: system.cpu.commit: Trying to commit instructions in the ROB.
 499500: system.cpu.commit: [tid:0]: Can't commit, Instruction [sn:45] PC (0x401107=>0x40110b).(0=>1) is head of ROB and not ready
 499500: system.cpu.commit: [tid:0]: ROB has 24 insts & 168 free entries.
 500000: system.cpu.fetch: Running stage.
 500000: system.cpu.fetch: Attempting to fetch from [tid:0]
 500000: system.cpu.fetch: [tid:0]: Adding instructions to queue to decode.
 500000: system.cpu.iq: Attempting to schedule ready instructions from the IQ.
 500000: system.cpu.iq: Not able to schedule any instructions.
 500000: system.cpu.commit: DefaultCommimt<Impl>::tick() begins
 500000: system.cpu.commit: Getting instructions from Rename stage.
 500000: system.cpu.commit: Trying to commit instructions in the ROB.
 500000: system.cpu.commit: [tid:0]: Can't commit, Instruction [sn:45] PC (0x401107=>0x40110b).(0=>1) is head of ROB and not ready
 500000: system.cpu.commit: [tid:0]: ROB has 24 insts & 168 free entries.
 500500: system.cpu.fetch: Running stage.
 500500: system.cpu.fetch: Attempting to fetch from [tid:0]
 500500: system.cpu.fetch: [tid:0]: Adding instructions to queue to decode.
 500500: system.cpu.iq: Attempting to schedule ready instructions from the IQ.
 500500: system.cpu.iq: Not able to schedule any instructions.
 500500: system.cpu.commit: DefaultCommimt<Impl>::tick() begins
 500500: system.cpu.commit: Getting instructions from Rename stage.
 500500: system.cpu.commit: Trying to commit instructions in the ROB.
 500500: system.cpu.commit: [tid:0]: Can't commit, Instruction [sn:45] PC (0x401107=>0x40110b).(0=>1) is head of ROB and not ready
 500500: system.cpu.commit: [tid:0]: ROB has 24 insts & 168 free entries.
 501000: system.cpu.fetch: Running stage.
 501000: system.cpu.fetch: Attempting to fetch from [tid:0]
 501000: system.cpu.fetch: [tid:0]: Adding instructions to queue to decode.
 501000: system.cpu.iq: Attempting to schedule ready instructions from the IQ.
 501000: system.cpu.iq: Not able to schedule any instructions.
 501000: system.cpu.commit: DefaultCommimt<Impl>::tick() begins
 501000: system.cpu.commit: Getting instructions from Rename stage.
 501000: system.cpu.commit: Trying to commit instructions in the ROB.
 501000: system.cpu.commit: [tid:0]: Can't commit, Instruction [sn:45] PC (0x401107=>0x40110b).(0=>1) is head of ROB and not ready
 501000: system.cpu.commit: [tid:0]: ROB has 24 insts & 168 free entries.
 501500: system.cpu.fetch: Running stage.
 501500: system.cpu.fetch: Attempting to fetch from [tid:0]
 501500: system.cpu.fetch: [tid:0]: Adding instructions to queue to decode.
 501500: system.cpu.iq: Attempting to schedule ready instructions from the IQ.
 501500: system.cpu.iq: Not able to schedule any instructions.
 501500: system.cpu.commit: DefaultCommimt<Impl>::tick() begins
 501500: system.cpu.commit: Getting instructions from Rename stage.
 501500: system.cpu.commit: Trying to commit instructions in the ROB.
 501500: system.cpu.commit: [tid:0]: Can't commit, Instruction [sn:45] PC (0x401107=>0x40110b).(0=>1) is head of ROB and not ready
 501500: system.cpu.commit: [tid:0]: ROB has 24 insts & 168 free entries.
 502000: system.cpu.fetch: Running stage.
 502000: system.cpu.fetch: Attempting to fetch from [tid:0]
 502000: system.cpu.fetch: [tid:0]: Adding instructions to queue to decode.
 502000: system.cpu.iq: Attempting to schedule ready instructions from the IQ.
 502000: system.cpu.iq: Not able to schedule any instructions.
 502000: system.cpu.commit: DefaultCommimt<Impl>::tick() begins
 502000: system.cpu.commit: Getting instructions from Rename stage.
 502000: system.cpu.commit: Trying to commit instructions in the ROB.
 502000: system.cpu.commit: [tid:0]: Can't commit, Instruction [sn:45] PC (0x401107=>0x40110b).(0=>1) is head of ROB and not ready
 502000: system.cpu.commit: [tid:0]: ROB has 24 insts & 168 free entries.
 502500: system.cpu.fetch: Running stage.
 502500: system.cpu.fetch: Attempting to fetch from [tid:0]
 502500: system.cpu.fetch: [tid:0]: Adding instructions to queue to decode.
 502500: system.cpu.iq: Attempting to schedule ready instructions from the IQ.
 502500: system.cpu.iq: Not able to schedule any instructions.
 502500: system.cpu.commit: DefaultCommimt<Impl>::tick() begins
 502500: system.cpu.commit: Getting instructions from Rename stage.
 502500: system.cpu.commit: Trying to commit instructions in the ROB.
 502500: system.cpu.commit: [tid:0]: Can't commit, Instruction [sn:45] PC (0x401107=>0x40110b).(0=>1) is head of ROB and not ready
 502500: system.cpu.commit: [tid:0]: ROB has 24 insts & 168 free entries.
 503000: system.cpu.fetch: Running stage.
 503000: system.cpu.fetch: Attempting to fetch from [tid:0]
 503000: system.cpu.fetch: [tid:0]: Adding instructions to queue to decode.
 503000: system.cpu.iq: Attempting to schedule ready instructions from the IQ.
 503000: system.cpu.iq: Not able to schedule any instructions.
 503000: system.cpu.commit: DefaultCommimt<Impl>::tick() begins
 503000: system.cpu.commit: Getting instructions from Rename stage.
 503000: system.cpu.commit: Trying to commit instructions in the ROB.
 503000: system.cpu.commit: [tid:0]: Can't commit, Instruction [sn:45] PC (0x401107=>0x40110b).(0=>1) is head of ROB and not ready
 503000: system.cpu.commit: [tid:0]: ROB has 24 insts & 168 free entries.
 503500: system.cpu.fetch: Running stage.
 503500: system.cpu.fetch: Attempting to fetch from [tid:0]
 503500: system.cpu.fetch: [tid:0]: Adding instructions to queue to decode.
 503500: system.cpu.iq: Attempting to schedule ready instructions from the IQ.
 503500: system.cpu.iq: Not able to schedule any instructions.
 503500: system.cpu.commit: DefaultCommimt<Impl>::tick() begins
 503500: system.cpu.commit: Getting instructions from Rename stage.
 503500: system.cpu.commit: Trying to commit instructions in the ROB.
 503500: system.cpu.commit: [tid:0]: Can't commit, Instruction [sn:45] PC (0x401107=>0x40110b).(0=>1) is head of ROB and not ready
 503500: system.cpu.commit: [tid:0]: ROB has 24 insts & 168 free entries.
 504000: system.cpu.fetch: Running stage.
 504000: system.cpu.fetch: Attempting to fetch from [tid:0]
 504000: system.cpu.fetch: [tid:0]: Adding instructions to queue to decode.
 504000: system.cpu.iq: Attempting to schedule ready instructions from the IQ.
 504000: system.cpu.iq: Not able to schedule any instructions.
 504000: system.cpu.commit: DefaultCommimt<Impl>::tick() begins
 504000: system.cpu.commit: Getting instructions from Rename stage.
 504000: system.cpu.commit: Trying to commit instructions in the ROB.
 504000: system.cpu.commit: [tid:0]: Can't commit, Instruction [sn:45] PC (0x401107=>0x40110b).(0=>1) is head of ROB and not ready
 504000: system.cpu.commit: [tid:0]: ROB has 24 insts & 168 free entries.
 504500: system.cpu.fetch: Running stage.
 504500: system.cpu.fetch: Attempting to fetch from [tid:0]
 504500: system.cpu.fetch: [tid:0]: Adding instructions to queue to decode.
 504500: system.cpu.iq: Attempting to schedule ready instructions from the IQ.
 504500: system.cpu.iq: Not able to schedule any instructions.
 504500: system.cpu.commit: DefaultCommimt<Impl>::tick() begins
 504500: system.cpu.commit: Getting instructions from Rename stage.
 504500: system.cpu.commit: Trying to commit instructions in the ROB.
 504500: system.cpu.commit: [tid:0]: Can't commit, Instruction [sn:45] PC (0x401107=>0x40110b).(0=>1) is head of ROB and not ready
 504500: system.cpu.commit: [tid:0]: ROB has 24 insts & 168 free entries.
 505000: system.cpu.fetch: Running stage.
 505000: system.cpu.fetch: Attempting to fetch from [tid:0]
 505000: system.cpu.fetch: [tid:0]: Adding instructions to queue to decode.
 505000: system.cpu.iq: Attempting to schedule ready instructions from the IQ.
 505000: system.cpu.iq: Not able to schedule any instructions.
 505000: system.cpu.commit: DefaultCommimt<Impl>::tick() begins
 505000: system.cpu.commit: Getting instructions from Rename stage.
 505000: system.cpu.commit: Trying to commit instructions in the ROB.
 505000: system.cpu.commit: [tid:0]: Can't commit, Instruction [sn:45] PC (0x401107=>0x40110b).(0=>1) is head of ROB and not ready
 505000: system.cpu.commit: [tid:0]: ROB has 24 insts & 168 free entries.
 505500: system.cpu.fetch: Running stage.
 505500: system.cpu.fetch: Attempting to fetch from [tid:0]
 505500: system.cpu.fetch: [tid:0]: Adding instructions to queue to decode.
 505500: system.cpu.iq: Attempting to schedule ready instructions from the IQ.
 505500: system.cpu.iq: Not able to schedule any instructions.
 505500: system.cpu.commit: DefaultCommimt<Impl>::tick() begins
 505500: system.cpu.commit: Getting instructions from Rename stage.
 505500: system.cpu.commit: Trying to commit instructions in the ROB.
 505500: system.cpu.commit: [tid:0]: Can't commit, Instruction [sn:45] PC (0x401107=>0x40110b).(0=>1) is head of ROB and not ready
 505500: system.cpu.commit: [tid:0]: ROB has 24 insts & 168 free entries.
 506000: system.cpu.fetch: Running stage.
 506000: system.cpu.fetch: Attempting to fetch from [tid:0]
 506000: system.cpu.fetch: [tid:0]: Adding instructions to queue to decode.
 506000: system.cpu.iq: Attempting to schedule ready instructions from the IQ.
 506000: system.cpu.iq: Not able to schedule any instructions.
 506000: system.cpu.commit: DefaultCommimt<Impl>::tick() begins
 506000: system.cpu.commit: Getting instructions from Rename stage.
 506000: system.cpu.commit: Trying to commit instructions in the ROB.
 506000: system.cpu.commit: [tid:0]: Can't commit, Instruction [sn:45] PC (0x401107=>0x40110b).(0=>1) is head of ROB and not ready
 506000: system.cpu.commit: [tid:0]: ROB has 24 insts & 168 free entries.
 506500: system.cpu.fetch: Running stage.
 506500: system.cpu.fetch: Attempting to fetch from [tid:0]
 506500: system.cpu.fetch: [tid:0]: Adding instructions to queue to decode.
 506500: system.cpu.iq: Attempting to schedule ready instructions from the IQ.
 506500: system.cpu.iq: Not able to schedule any instructions.
 506500: system.cpu.commit: DefaultCommimt<Impl>::tick() begins
 506500: system.cpu.commit: Getting instructions from Rename stage.
 506500: system.cpu.commit: Trying to commit instructions in the ROB.
 506500: system.cpu.commit: [tid:0]: Can't commit, Instruction [sn:45] PC (0x401107=>0x40110b).(0=>1) is head of ROB and not ready
 506500: system.cpu.commit: [tid:0]: ROB has 24 insts & 168 free entries.
 507000: system.cpu.fetch: Running stage.
 507000: system.cpu.fetch: Attempting to fetch from [tid:0]
 507000: system.cpu.fetch: [tid:0]: Adding instructions to queue to decode.
 507000: system.cpu.iq: Attempting to schedule ready instructions from the IQ.
 507000: system.cpu.iq: Not able to schedule any instructions.
 507000: system.cpu.commit: DefaultCommimt<Impl>::tick() begins
 507000: system.cpu.commit: Getting instructions from Rename stage.
 507000: system.cpu.commit: Trying to commit instructions in the ROB.
 507000: system.cpu.commit: [tid:0]: Can't commit, Instruction [sn:45] PC (0x401107=>0x40110b).(0=>1) is head of ROB and not ready
 507000: system.cpu.commit: [tid:0]: ROB has 24 insts & 168 free entries.
 507500: system.cpu.fetch: Running stage.
 507500: system.cpu.fetch: Attempting to fetch from [tid:0]
 507500: system.cpu.fetch: [tid:0]: Adding instructions to queue to decode.
 507500: system.cpu.iq: Attempting to schedule ready instructions from the IQ.
 507500: system.cpu.iq: Not able to schedule any instructions.
 507500: system.cpu.commit: DefaultCommimt<Impl>::tick() begins
 507500: system.cpu.commit: Getting instructions from Rename stage.
 507500: system.cpu.commit: Trying to commit instructions in the ROB.
 507500: system.cpu.commit: [tid:0]: Can't commit, Instruction [sn:45] PC (0x401107=>0x40110b).(0=>1) is head of ROB and not ready
 507500: system.cpu.commit: [tid:0]: ROB has 24 insts & 168 free entries.
 508000: system.cpu.fetch: Running stage.
 508000: system.cpu.fetch: Attempting to fetch from [tid:0]
 508000: system.cpu.fetch: [tid:0]: Adding instructions to queue to decode.
 508000: system.cpu.iq: Attempting to schedule ready instructions from the IQ.
 508000: system.cpu.iq: Not able to schedule any instructions.
 508000: system.cpu.commit: DefaultCommimt<Impl>::tick() begins
 508000: system.cpu.commit: Getting instructions from Rename stage.
 508000: system.cpu.commit: Trying to commit instructions in the ROB.
 508000: system.cpu.commit: [tid:0]: Can't commit, Instruction [sn:45] PC (0x401107=>0x40110b).(0=>1) is head of ROB and not ready
 508000: system.cpu.commit: [tid:0]: ROB has 24 insts & 168 free entries.
 508500: system.cpu.fetch: Running stage.
 508500: system.cpu.fetch: Attempting to fetch from [tid:0]
 508500: system.cpu.fetch: [tid:0]: Adding instructions to queue to decode.
 508500: system.cpu.iq: Attempting to schedule ready instructions from the IQ.
 508500: system.cpu.iq: Not able to schedule any instructions.
 508500: system.cpu.commit: DefaultCommimt<Impl>::tick() begins
 508500: system.cpu.commit: Getting instructions from Rename stage.
 508500: system.cpu.commit: Trying to commit instructions in the ROB.
 508500: system.cpu.commit: [tid:0]: Can't commit, Instruction [sn:45] PC (0x401107=>0x40110b).(0=>1) is head of ROB and not ready
 508500: system.cpu.commit: [tid:0]: ROB has 24 insts & 168 free entries.
 509000: system.cpu.fetch: Running stage.
 509000: system.cpu.fetch: Attempting to fetch from [tid:0]
 509000: system.cpu.fetch: [tid:0]: Adding instructions to queue to decode.
 509000: system.cpu.iq: Attempting to schedule ready instructions from the IQ.
 509000: system.cpu.iq: Not able to schedule any instructions.
 509000: system.cpu.commit: DefaultCommimt<Impl>::tick() begins
 509000: system.cpu.commit: Getting instructions from Rename stage.
 509000: system.cpu.commit: Trying to commit instructions in the ROB.
 509000: system.cpu.commit: [tid:0]: Can't commit, Instruction [sn:45] PC (0x401107=>0x40110b).(0=>1) is head of ROB and not ready
 509000: system.cpu.commit: [tid:0]: ROB has 24 insts & 168 free entries.
 509500: system.cpu.fetch: Running stage.
 509500: system.cpu.fetch: Attempting to fetch from [tid:0]
 509500: system.cpu.fetch: [tid:0]: Adding instructions to queue to decode.
 509500: system.cpu.iq: Attempting to schedule ready instructions from the IQ.
 509500: system.cpu.iq: Not able to schedule any instructions.
 509500: system.cpu.commit: DefaultCommimt<Impl>::tick() begins
 509500: system.cpu.commit: Getting instructions from Rename stage.
 509500: system.cpu.commit: Trying to commit instructions in the ROB.
 509500: system.cpu.commit: [tid:0]: Can't commit, Instruction [sn:45] PC (0x401107=>0x40110b).(0=>1) is head of ROB and not ready
 509500: system.cpu.commit: [tid:0]: ROB has 24 insts & 168 free entries.
 510000: system.cpu.fetch: Running stage.
 510000: system.cpu.fetch: Attempting to fetch from [tid:0]
 510000: system.cpu.fetch: [tid:0]: Adding instructions to queue to decode.
 510000: system.cpu.iq: Attempting to schedule ready instructions from the IQ.
 510000: system.cpu.iq: Not able to schedule any instructions.
 510000: system.cpu.commit: DefaultCommimt<Impl>::tick() begins
 510000: system.cpu.commit: Getting instructions from Rename stage.
 510000: system.cpu.commit: Trying to commit instructions in the ROB.
 510000: system.cpu.commit: [tid:0]: Can't commit, Instruction [sn:45] PC (0x401107=>0x40110b).(0=>1) is head of ROB and not ready
 510000: system.cpu.commit: [tid:0]: ROB has 24 insts & 168 free entries.
 510500: system.cpu.fetch: Running stage.
 510500: system.cpu.fetch: Attempting to fetch from [tid:0]
 510500: system.cpu.fetch: [tid:0]: Adding instructions to queue to decode.
 510500: system.cpu.iq: Attempting to schedule ready instructions from the IQ.
 510500: system.cpu.iq: Not able to schedule any instructions.
 510500: system.cpu.commit: DefaultCommimt<Impl>::tick() begins
 510500: system.cpu.commit: Getting instructions from Rename stage.
 510500: system.cpu.commit: Trying to commit instructions in the ROB.
 510500: system.cpu.commit: [tid:0]: Can't commit, Instruction [sn:45] PC (0x401107=>0x40110b).(0=>1) is head of ROB and not ready
 510500: system.cpu.commit: [tid:0]: ROB has 24 insts & 168 free entries.
 511000: system.cpu.fetch: Running stage.
 511000: system.cpu.fetch: Attempting to fetch from [tid:0]
 511000: system.cpu.fetch: [tid:0]: Adding instructions to queue to decode.
 511000: system.cpu.iq: Attempting to schedule ready instructions from the IQ.
 511000: system.cpu.iq: Not able to schedule any instructions.
 511000: system.cpu.commit: DefaultCommimt<Impl>::tick() begins
 511000: system.cpu.commit: Getting instructions from Rename stage.
 511000: system.cpu.commit: Trying to commit instructions in the ROB.
 511000: system.cpu.commit: [tid:0]: Can't commit, Instruction [sn:45] PC (0x401107=>0x40110b).(0=>1) is head of ROB and not ready
 511000: system.cpu.commit: [tid:0]: ROB has 24 insts & 168 free entries.
 511500: system.cpu.fetch: Running stage.
 511500: system.cpu.fetch: Attempting to fetch from [tid:0]
 511500: system.cpu.fetch: [tid:0]: Adding instructions to queue to decode.
 511500: system.cpu.iq: Attempting to schedule ready instructions from the IQ.
 511500: system.cpu.iq: Not able to schedule any instructions.
 511500: system.cpu.commit: DefaultCommimt<Impl>::tick() begins
 511500: system.cpu.commit: Getting instructions from Rename stage.
 511500: system.cpu.commit: Trying to commit instructions in the ROB.
 511500: system.cpu.commit: [tid:0]: Can't commit, Instruction [sn:45] PC (0x401107=>0x40110b).(0=>1) is head of ROB and not ready
 511500: system.cpu.commit: [tid:0]: ROB has 24 insts & 168 free entries.
 512000: system.cpu.fetch: Running stage.
 512000: system.cpu.fetch: Attempting to fetch from [tid:0]
 512000: system.cpu.fetch: [tid:0]: Adding instructions to queue to decode.
 512000: system.cpu.iq: Attempting to schedule ready instructions from the IQ.
 512000: system.cpu.iq: Not able to schedule any instructions.
 512000: system.cpu.commit: DefaultCommimt<Impl>::tick() begins
 512000: system.cpu.commit: Getting instructions from Rename stage.
 512000: system.cpu.commit: Trying to commit instructions in the ROB.
 512000: system.cpu.commit: [tid:0]: Can't commit, Instruction [sn:45] PC (0x401107=>0x40110b).(0=>1) is head of ROB and not ready
 512000: system.cpu.commit: [tid:0]: ROB has 24 insts & 168 free entries.
 512500: system.cpu.fetch: Running stage.
 512500: system.cpu.fetch: Attempting to fetch from [tid:0]
 512500: system.cpu.fetch: [tid:0]: Adding instructions to queue to decode.
 512500: system.cpu.iq: Attempting to schedule ready instructions from the IQ.
 512500: system.cpu.iq: Not able to schedule any instructions.
 512500: system.cpu.commit: DefaultCommimt<Impl>::tick() begins
 512500: system.cpu.commit: Getting instructions from Rename stage.
 512500: system.cpu.commit: Trying to commit instructions in the ROB.
 512500: system.cpu.commit: [tid:0]: Can't commit, Instruction [sn:45] PC (0x401107=>0x40110b).(0=>1) is head of ROB and not ready
 512500: system.cpu.commit: [tid:0]: ROB has 24 insts & 168 free entries.
 513000: system.cpu.fetch: Running stage.
 513000: system.cpu.fetch: Attempting to fetch from [tid:0]
 513000: system.cpu.fetch: [tid:0]: Adding instructions to queue to decode.
 513000: system.cpu.iq: Attempting to schedule ready instructions from the IQ.
 513000: system.cpu.iq: Not able to schedule any instructions.
 513000: system.cpu.commit: DefaultCommimt<Impl>::tick() begins
 513000: system.cpu.commit: Getting instructions from Rename stage.
 513000: system.cpu.commit: Trying to commit instructions in the ROB.
 513000: system.cpu.commit: [tid:0]: Can't commit, Instruction [sn:45] PC (0x401107=>0x40110b).(0=>1) is head of ROB and not ready
 513000: system.cpu.commit: [tid:0]: ROB has 24 insts & 168 free entries.
 513500: system.cpu.fetch: Running stage.
 513500: system.cpu.fetch: Attempting to fetch from [tid:0]
 513500: system.cpu.fetch: [tid:0]: Adding instructions to queue to decode.
 513500: system.cpu.iq: Attempting to schedule ready instructions from the IQ.
 513500: system.cpu.iq: Not able to schedule any instructions.
 513500: system.cpu.commit: DefaultCommimt<Impl>::tick() begins
 513500: system.cpu.commit: Getting instructions from Rename stage.
 513500: system.cpu.commit: Trying to commit instructions in the ROB.
 513500: system.cpu.commit: [tid:0]: Can't commit, Instruction [sn:45] PC (0x401107=>0x40110b).(0=>1) is head of ROB and not ready
 513500: system.cpu.commit: [tid:0]: ROB has 24 insts & 168 free entries.
 514000: system.cpu.fetch: Running stage.
 514000: system.cpu.fetch: Attempting to fetch from [tid:0]
 514000: system.cpu.fetch: [tid:0]: Adding instructions to queue to decode.
 514000: system.cpu.iq: Attempting to schedule ready instructions from the IQ.
 514000: system.cpu.iq: Not able to schedule any instructions.
 514000: system.cpu.commit: DefaultCommimt<Impl>::tick() begins
 514000: system.cpu.commit: Getting instructions from Rename stage.
 514000: system.cpu.commit: Trying to commit instructions in the ROB.
 514000: system.cpu.commit: [tid:0]: Can't commit, Instruction [sn:45] PC (0x401107=>0x40110b).(0=>1) is head of ROB and not ready
 514000: system.cpu.commit: [tid:0]: ROB has 24 insts & 168 free entries.
 514500: system.cpu.fetch: Running stage.
 514500: system.cpu.fetch: Attempting to fetch from [tid:0]
 514500: system.cpu.fetch: [tid:0]: Adding instructions to queue to decode.
 514500: system.cpu.iq: Attempting to schedule ready instructions from the IQ.
 514500: system.cpu.iq: Not able to schedule any instructions.
 514500: system.cpu.commit: DefaultCommimt<Impl>::tick() begins
 514500: system.cpu.commit: Getting instructions from Rename stage.
 514500: system.cpu.commit: Trying to commit instructions in the ROB.
 514500: system.cpu.commit: [tid:0]: Can't commit, Instruction [sn:45] PC (0x401107=>0x40110b).(0=>1) is head of ROB and not ready
 514500: system.cpu.commit: [tid:0]: ROB has 24 insts & 168 free entries.
 515000: system.cpu.fetch: Running stage.
 515000: system.cpu.fetch: Attempting to fetch from [tid:0]
 515000: system.cpu.fetch: [tid:0]: Adding instructions to queue to decode.
 515000: system.cpu.iq: Attempting to schedule ready instructions from the IQ.
 515000: system.cpu.iq: Not able to schedule any instructions.
 515000: system.cpu.commit: DefaultCommimt<Impl>::tick() begins
 515000: system.cpu.commit: Getting instructions from Rename stage.
 515000: system.cpu.commit: Trying to commit instructions in the ROB.
 515000: system.cpu.commit: [tid:0]: Can't commit, Instruction [sn:45] PC (0x401107=>0x40110b).(0=>1) is head of ROB and not ready
 515000: system.cpu.commit: [tid:0]: ROB has 24 insts & 168 free entries.
 515500: system.cpu.fetch: Running stage.
 515500: system.cpu.fetch: Attempting to fetch from [tid:0]
 515500: system.cpu.fetch: [tid:0]: Adding instructions to queue to decode.
 515500: system.cpu.iq: Attempting to schedule ready instructions from the IQ.
 515500: system.cpu.iq: Not able to schedule any instructions.
 515500: system.cpu.commit: DefaultCommimt<Impl>::tick() begins
 515500: system.cpu.commit: Getting instructions from Rename stage.
 515500: system.cpu.commit: Trying to commit instructions in the ROB.
 515500: system.cpu.commit: [tid:0]: Can't commit, Instruction [sn:45] PC (0x401107=>0x40110b).(0=>1) is head of ROB and not ready
 515500: system.cpu.commit: [tid:0]: ROB has 24 insts & 168 free entries.
 516000: system.cpu.fetch: Running stage.
 516000: system.cpu.fetch: Attempting to fetch from [tid:0]
 516000: system.cpu.fetch: [tid:0]: Adding instructions to queue to decode.
 516000: system.cpu.iq: Attempting to schedule ready instructions from the IQ.
 516000: system.cpu.iq: Not able to schedule any instructions.
 516000: system.cpu.commit: DefaultCommimt<Impl>::tick() begins
 516000: system.cpu.commit: Getting instructions from Rename stage.
 516000: system.cpu.commit: Trying to commit instructions in the ROB.
 516000: system.cpu.commit: [tid:0]: Can't commit, Instruction [sn:45] PC (0x401107=>0x40110b).(0=>1) is head of ROB and not ready
 516000: system.cpu.commit: [tid:0]: ROB has 24 insts & 168 free entries.
 516500: system.cpu.fetch: Running stage.
 516500: system.cpu.fetch: Attempting to fetch from [tid:0]
 516500: system.cpu.fetch: [tid:0]: Adding instructions to queue to decode.
 516500: system.cpu.iq: Attempting to schedule ready instructions from the IQ.
 516500: system.cpu.iq: Not able to schedule any instructions.
 516500: system.cpu.commit: DefaultCommimt<Impl>::tick() begins
 516500: system.cpu.commit: Getting instructions from Rename stage.
 516500: system.cpu.commit: Trying to commit instructions in the ROB.
 516500: system.cpu.commit: [tid:0]: Can't commit, Instruction [sn:45] PC (0x401107=>0x40110b).(0=>1) is head of ROB and not ready
 516500: system.cpu.commit: [tid:0]: ROB has 24 insts & 168 free entries.
 517000: system.cpu.fetch: Running stage.
 517000: system.cpu.fetch: Attempting to fetch from [tid:0]
 517000: system.cpu.fetch: [tid:0]: Adding instructions to queue to decode.
 517000: system.cpu.iq: Attempting to schedule ready instructions from the IQ.
 517000: system.cpu.iq: Not able to schedule any instructions.
 517000: system.cpu.commit: DefaultCommimt<Impl>::tick() begins
 517000: system.cpu.commit: Getting instructions from Rename stage.
 517000: system.cpu.commit: Trying to commit instructions in the ROB.
 517000: system.cpu.commit: [tid:0]: Can't commit, Instruction [sn:45] PC (0x401107=>0x40110b).(0=>1) is head of ROB and not ready
 517000: system.cpu.commit: [tid:0]: ROB has 24 insts & 168 free entries.
 517500: system.cpu.fetch: Running stage.
 517500: system.cpu.fetch: Attempting to fetch from [tid:0]
 517500: system.cpu.fetch: [tid:0]: Adding instructions to queue to decode.
 517500: system.cpu.iq: Attempting to schedule ready instructions from the IQ.
 517500: system.cpu.iq: Not able to schedule any instructions.
 517500: system.cpu.commit: DefaultCommimt<Impl>::tick() begins
 517500: system.cpu.commit: Getting instructions from Rename stage.
 517500: system.cpu.commit: Trying to commit instructions in the ROB.
 517500: system.cpu.commit: [tid:0]: Can't commit, Instruction [sn:45] PC (0x401107=>0x40110b).(0=>1) is head of ROB and not ready
 517500: system.cpu.commit: [tid:0]: ROB has 24 insts & 168 free entries.
 518000: system.cpu.fetch: Running stage.
 518000: system.cpu.fetch: Attempting to fetch from [tid:0]
 518000: system.cpu.fetch: [tid:0]: Adding instructions to queue to decode.
 518000: system.cpu.iq: Attempting to schedule ready instructions from the IQ.
 518000: system.cpu.iq: Not able to schedule any instructions.
 518000: system.cpu.commit: DefaultCommimt<Impl>::tick() begins
 518000: system.cpu.commit: Getting instructions from Rename stage.
 518000: system.cpu.commit: Trying to commit instructions in the ROB.
 518000: system.cpu.commit: [tid:0]: Can't commit, Instruction [sn:45] PC (0x401107=>0x40110b).(0=>1) is head of ROB and not ready
 518000: system.cpu.commit: [tid:0]: ROB has 24 insts & 168 free entries.
 518500: system.cpu.fetch: Running stage.
 518500: system.cpu.fetch: Attempting to fetch from [tid:0]
 518500: system.cpu.fetch: [tid:0]: Adding instructions to queue to decode.
 518500: system.cpu.iq: Attempting to schedule ready instructions from the IQ.
 518500: system.cpu.iq: Not able to schedule any instructions.
 518500: system.cpu.commit: DefaultCommimt<Impl>::tick() begins
 518500: system.cpu.commit: Getting instructions from Rename stage.
 518500: system.cpu.commit: Trying to commit instructions in the ROB.
 518500: system.cpu.commit: [tid:0]: Can't commit, Instruction [sn:45] PC (0x401107=>0x40110b).(0=>1) is head of ROB and not ready
 518500: system.cpu.commit: [tid:0]: ROB has 24 insts & 168 free entries.
 519000: system.cpu.fetch: Running stage.
 519000: system.cpu.fetch: Attempting to fetch from [tid:0]
 519000: system.cpu.fetch: [tid:0]: Adding instructions to queue to decode.
 519000: system.cpu.iq: Attempting to schedule ready instructions from the IQ.
 519000: system.cpu.iq: Not able to schedule any instructions.
 519000: system.cpu.commit: DefaultCommimt<Impl>::tick() begins
 519000: system.cpu.commit: Getting instructions from Rename stage.
 519000: system.cpu.commit: Trying to commit instructions in the ROB.
 519000: system.cpu.commit: [tid:0]: Can't commit, Instruction [sn:45] PC (0x401107=>0x40110b).(0=>1) is head of ROB and not ready
 519000: system.cpu.commit: [tid:0]: ROB has 24 insts & 168 free entries.
 519500: system.cpu.fetch: Running stage.
 519500: system.cpu.fetch: Attempting to fetch from [tid:0]
 519500: system.cpu.fetch: [tid:0]: Adding instructions to queue to decode.
 519500: system.cpu.iq: Attempting to schedule ready instructions from the IQ.
 519500: system.cpu.iq: Not able to schedule any instructions.
 519500: system.cpu.commit: DefaultCommimt<Impl>::tick() begins
 519500: system.cpu.commit: Getting instructions from Rename stage.
 519500: system.cpu.commit: Trying to commit instructions in the ROB.
 519500: system.cpu.commit: [tid:0]: Can't commit, Instruction [sn:45] PC (0x401107=>0x40110b).(0=>1) is head of ROB and not ready
 519500: system.cpu.commit: [tid:0]: ROB has 24 insts & 168 free entries.
 520000: system.cpu.fetch: Running stage.
 520000: system.cpu.fetch: Attempting to fetch from [tid:0]
 520000: system.cpu.fetch: [tid:0]: Adding instructions to queue to decode.
 520000: system.cpu.iq: Attempting to schedule ready instructions from the IQ.
 520000: system.cpu.iq: Not able to schedule any instructions.
 520000: system.cpu.commit: DefaultCommimt<Impl>::tick() begins
 520000: system.cpu.commit: Getting instructions from Rename stage.
 520000: system.cpu.commit: Trying to commit instructions in the ROB.
 520000: system.cpu.commit: [tid:0]: Can't commit, Instruction [sn:45] PC (0x401107=>0x40110b).(0=>1) is head of ROB and not ready
 520000: system.cpu.commit: [tid:0]: ROB has 24 insts & 168 free entries.
 520500: system.cpu.fetch: Running stage.
 520500: system.cpu.fetch: Attempting to fetch from [tid:0]
 520500: system.cpu.fetch: [tid:0]: Adding instructions to queue to decode.
 520500: system.cpu.iq: Attempting to schedule ready instructions from the IQ.
 520500: system.cpu.iq: Not able to schedule any instructions.
 520500: system.cpu.commit: DefaultCommimt<Impl>::tick() begins
 520500: system.cpu.commit: Getting instructions from Rename stage.
 520500: system.cpu.commit: Trying to commit instructions in the ROB.
 520500: system.cpu.commit: [tid:0]: Can't commit, Instruction [sn:45] PC (0x401107=>0x40110b).(0=>1) is head of ROB and not ready
 520500: system.cpu.commit: [tid:0]: ROB has 24 insts & 168 free entries.
 521000: system.cpu.fetch: Running stage.
 521000: system.cpu.fetch: Attempting to fetch from [tid:0]
 521000: system.cpu.fetch: [tid:0]: Adding instructions to queue to decode.
 521000: system.cpu.iq: Attempting to schedule ready instructions from the IQ.
 521000: system.cpu.iq: Not able to schedule any instructions.
 521000: system.cpu.commit: DefaultCommimt<Impl>::tick() begins
 521000: system.cpu.commit: Getting instructions from Rename stage.
 521000: system.cpu.commit: Trying to commit instructions in the ROB.
 521000: system.cpu.commit: [tid:0]: Can't commit, Instruction [sn:45] PC (0x401107=>0x40110b).(0=>1) is head of ROB and not ready
 521000: system.cpu.commit: [tid:0]: ROB has 24 insts & 168 free entries.
 521500: system.cpu.fetch: Running stage.
 521500: system.cpu.fetch: Attempting to fetch from [tid:0]
 521500: system.cpu.fetch: [tid:0]: Adding instructions to queue to decode.
 521500: system.cpu.iq: Attempting to schedule ready instructions from the IQ.
 521500: system.cpu.iq: Not able to schedule any instructions.
 521500: system.cpu.commit: DefaultCommimt<Impl>::tick() begins
 521500: system.cpu.commit: Getting instructions from Rename stage.
 521500: system.cpu.commit: Trying to commit instructions in the ROB.
 521500: system.cpu.commit: [tid:0]: Can't commit, Instruction [sn:45] PC (0x401107=>0x40110b).(0=>1) is head of ROB and not ready
 521500: system.cpu.commit: [tid:0]: ROB has 24 insts & 168 free entries.
 522000: system.cpu.fetch: Running stage.
 522000: system.cpu.fetch: Attempting to fetch from [tid:0]
 522000: system.cpu.fetch: [tid:0]: Adding instructions to queue to decode.
 522000: system.cpu.iq: Attempting to schedule ready instructions from the IQ.
 522000: system.cpu.iq: Not able to schedule any instructions.
 522000: system.cpu.commit: DefaultCommimt<Impl>::tick() begins
 522000: system.cpu.commit: Getting instructions from Rename stage.
 522000: system.cpu.commit: Trying to commit instructions in the ROB.
 522000: system.cpu.commit: [tid:0]: Can't commit, Instruction [sn:45] PC (0x401107=>0x40110b).(0=>1) is head of ROB and not ready
 522000: system.cpu.commit: [tid:0]: ROB has 24 insts & 168 free entries.
 522500: system.cpu.fetch: Running stage.
 522500: system.cpu.fetch: Attempting to fetch from [tid:0]
 522500: system.cpu.fetch: [tid:0]: Adding instructions to queue to decode.
 522500: system.cpu.iq: Attempting to schedule ready instructions from the IQ.
 522500: system.cpu.iq: Not able to schedule any instructions.
 522500: system.cpu.commit: DefaultCommimt<Impl>::tick() begins
 522500: system.cpu.commit: Getting instructions from Rename stage.
 522500: system.cpu.commit: Trying to commit instructions in the ROB.
 522500: system.cpu.commit: [tid:0]: Can't commit, Instruction [sn:45] PC (0x401107=>0x40110b).(0=>1) is head of ROB and not ready
 522500: system.cpu.commit: [tid:0]: ROB has 24 insts & 168 free entries.
 523000: system.cpu.fetch: Running stage.
 523000: system.cpu.fetch: Attempting to fetch from [tid:0]
 523000: system.cpu.fetch: [tid:0]: Adding instructions to queue to decode.
 523000: system.cpu.iq: Attempting to schedule ready instructions from the IQ.
 523000: system.cpu.iq: Not able to schedule any instructions.
 523000: system.cpu.commit: DefaultCommimt<Impl>::tick() begins
 523000: system.cpu.commit: Getting instructions from Rename stage.
 523000: system.cpu.commit: Trying to commit instructions in the ROB.
 523000: system.cpu.commit: [tid:0]: Can't commit, Instruction [sn:45] PC (0x401107=>0x40110b).(0=>1) is head of ROB and not ready
 523000: system.cpu.commit: [tid:0]: ROB has 24 insts & 168 free entries.
 523500: system.cpu.fetch: Running stage.
 523500: system.cpu.fetch: Attempting to fetch from [tid:0]
 523500: system.cpu.fetch: [tid:0]: Adding instructions to queue to decode.
 523500: system.cpu.iq: Attempting to schedule ready instructions from the IQ.
 523500: system.cpu.iq: Not able to schedule any instructions.
 523500: system.cpu.commit: DefaultCommimt<Impl>::tick() begins
 523500: system.cpu.commit: Getting instructions from Rename stage.
 523500: system.cpu.commit: Trying to commit instructions in the ROB.
 523500: system.cpu.commit: [tid:0]: Can't commit, Instruction [sn:45] PC (0x401107=>0x40110b).(0=>1) is head of ROB and not ready
 523500: system.cpu.commit: [tid:0]: ROB has 24 insts & 168 free entries.
 524000: system.cpu.fetch: Running stage.
 524000: system.cpu.fetch: Attempting to fetch from [tid:0]
 524000: system.cpu.fetch: [tid:0]: Adding instructions to queue to decode.
 524000: system.cpu.iq: Attempting to schedule ready instructions from the IQ.
 524000: system.cpu.iq: Not able to schedule any instructions.
 524000: system.cpu.commit: DefaultCommimt<Impl>::tick() begins
 524000: system.cpu.commit: Getting instructions from Rename stage.
 524000: system.cpu.commit: Trying to commit instructions in the ROB.
 524000: system.cpu.commit: [tid:0]: Can't commit, Instruction [sn:45] PC (0x401107=>0x40110b).(0=>1) is head of ROB and not ready
 524000: system.cpu.commit: [tid:0]: ROB has 24 insts & 168 free entries.
 524500: system.cpu.fetch: Running stage.
 524500: system.cpu.fetch: Attempting to fetch from [tid:0]
 524500: system.cpu.fetch: [tid:0]: Adding instructions to queue to decode.
 524500: system.cpu.iq: Attempting to schedule ready instructions from the IQ.
 524500: system.cpu.iq: Not able to schedule any instructions.
 524500: system.cpu.commit: DefaultCommimt<Impl>::tick() begins
 524500: system.cpu.commit: Getting instructions from Rename stage.
 524500: system.cpu.commit: Trying to commit instructions in the ROB.
 524500: system.cpu.commit: [tid:0]: Can't commit, Instruction [sn:45] PC (0x401107=>0x40110b).(0=>1) is head of ROB and not ready
 524500: system.cpu.commit: [tid:0]: ROB has 24 insts & 168 free entries.
 525000: system.cpu.fetch: Running stage.
 525000: system.cpu.fetch: Attempting to fetch from [tid:0]
 525000: system.cpu.fetch: [tid:0]: Adding instructions to queue to decode.
 525000: system.cpu.iq: Attempting to schedule ready instructions from the IQ.
 525000: system.cpu.iq: Not able to schedule any instructions.
 525000: system.cpu.commit: DefaultCommimt<Impl>::tick() begins
 525000: system.cpu.commit: Getting instructions from Rename stage.
 525000: system.cpu.commit: Trying to commit instructions in the ROB.
 525000: system.cpu.commit: [tid:0]: Can't commit, Instruction [sn:45] PC (0x401107=>0x40110b).(0=>1) is head of ROB and not ready
 525000: system.cpu.commit: [tid:0]: ROB has 24 insts & 168 free entries.
 525500: system.cpu.fetch: Running stage.
 525500: system.cpu.fetch: Attempting to fetch from [tid:0]
 525500: system.cpu.fetch: [tid:0]: Adding instructions to queue to decode.
 525500: system.cpu.iq: Attempting to schedule ready instructions from the IQ.
 525500: system.cpu.iq: Not able to schedule any instructions.
 525500: system.cpu.commit: DefaultCommimt<Impl>::tick() begins
 525500: system.cpu.commit: Getting instructions from Rename stage.
 525500: system.cpu.commit: Trying to commit instructions in the ROB.
 525500: system.cpu.commit: [tid:0]: Can't commit, Instruction [sn:45] PC (0x401107=>0x40110b).(0=>1) is head of ROB and not ready
 525500: system.cpu.commit: [tid:0]: ROB has 24 insts & 168 free entries.
 526000: system.cpu.fetch: Running stage.
 526000: system.cpu.fetch: Attempting to fetch from [tid:0]
 526000: system.cpu.fetch: [tid:0]: Adding instructions to queue to decode.
 526000: system.cpu.iq: Attempting to schedule ready instructions from the IQ.
 526000: system.cpu.iq: Not able to schedule any instructions.
 526000: system.cpu.commit: DefaultCommimt<Impl>::tick() begins
 526000: system.cpu.commit: Getting instructions from Rename stage.
 526000: system.cpu.commit: Trying to commit instructions in the ROB.
 526000: system.cpu.commit: [tid:0]: Can't commit, Instruction [sn:45] PC (0x401107=>0x40110b).(0=>1) is head of ROB and not ready
 526000: system.cpu.commit: [tid:0]: ROB has 24 insts & 168 free entries.
 526500: system.cpu.fetch: Running stage.
 526500: system.cpu.fetch: Attempting to fetch from [tid:0]
 526500: system.cpu.fetch: [tid:0]: Adding instructions to queue to decode.
 526500: system.cpu.iq: Attempting to schedule ready instructions from the IQ.
 526500: system.cpu.iq: Not able to schedule any instructions.
 526500: system.cpu.commit: DefaultCommimt<Impl>::tick() begins
 526500: system.cpu.commit: Getting instructions from Rename stage.
 526500: system.cpu.commit: Trying to commit instructions in the ROB.
 526500: system.cpu.commit: [tid:0]: Can't commit, Instruction [sn:45] PC (0x401107=>0x40110b).(0=>1) is head of ROB and not ready
 526500: system.cpu.commit: [tid:0]: ROB has 24 insts & 168 free entries.
 527000: system.cpu.fetch: Running stage.
 527000: system.cpu.fetch: Attempting to fetch from [tid:0]
 527000: system.cpu.fetch: [tid:0]: Adding instructions to queue to decode.
 527000: system.cpu.iq: Attempting to schedule ready instructions from the IQ.
 527000: system.cpu.iq: Not able to schedule any instructions.
 527000: system.cpu.commit: DefaultCommimt<Impl>::tick() begins
 527000: system.cpu.commit: Getting instructions from Rename stage.
 527000: system.cpu.commit: Trying to commit instructions in the ROB.
 527000: system.cpu.commit: [tid:0]: Can't commit, Instruction [sn:45] PC (0x401107=>0x40110b).(0=>1) is head of ROB and not ready
 527000: system.cpu.commit: [tid:0]: ROB has 24 insts & 168 free entries.
 527500: system.cpu.fetch: Running stage.
 527500: system.cpu.fetch: Attempting to fetch from [tid:0]
 527500: system.cpu.fetch: [tid:0]: Adding instructions to queue to decode.
 527500: system.cpu.iq: Attempting to schedule ready instructions from the IQ.
 527500: system.cpu.iq: Not able to schedule any instructions.
 527500: system.cpu.commit: DefaultCommimt<Impl>::tick() begins
 527500: system.cpu.commit: Getting instructions from Rename stage.
 527500: system.cpu.commit: Trying to commit instructions in the ROB.
 527500: system.cpu.commit: [tid:0]: Can't commit, Instruction [sn:45] PC (0x401107=>0x40110b).(0=>1) is head of ROB and not ready
 527500: system.cpu.commit: [tid:0]: ROB has 24 insts & 168 free entries.
 528000: system.cpu.fetch: Running stage.
 528000: system.cpu.fetch: Attempting to fetch from [tid:0]
 528000: system.cpu.fetch: [tid:0]: Adding instructions to queue to decode.
 528000: system.cpu.iq: Attempting to schedule ready instructions from the IQ.
 528000: system.cpu.iq: Not able to schedule any instructions.
 528000: system.cpu.commit: DefaultCommimt<Impl>::tick() begins
 528000: system.cpu.commit: Getting instructions from Rename stage.
 528000: system.cpu.commit: Trying to commit instructions in the ROB.
 528000: system.cpu.commit: [tid:0]: Can't commit, Instruction [sn:45] PC (0x401107=>0x40110b).(0=>1) is head of ROB and not ready
 528000: system.cpu.commit: [tid:0]: ROB has 24 insts & 168 free entries.
 528500: system.cpu.fetch: Running stage.
 528500: system.cpu.fetch: Attempting to fetch from [tid:0]
 528500: system.cpu.fetch: [tid:0]: Adding instructions to queue to decode.
 528500: system.cpu.iq: Attempting to schedule ready instructions from the IQ.
 528500: system.cpu.iq: Not able to schedule any instructions.
 528500: system.cpu.commit: DefaultCommimt<Impl>::tick() begins
 528500: system.cpu.commit: Getting instructions from Rename stage.
 528500: system.cpu.commit: Trying to commit instructions in the ROB.
 528500: system.cpu.commit: [tid:0]: Can't commit, Instruction [sn:45] PC (0x401107=>0x40110b).(0=>1) is head of ROB and not ready
 528500: system.cpu.commit: [tid:0]: ROB has 24 insts & 168 free entries.
 529000: system.cpu.fetch: Running stage.
 529000: system.cpu.fetch: Attempting to fetch from [tid:0]
 529000: system.cpu.fetch: [tid:0]: Adding instructions to queue to decode.
 529000: system.cpu.iq: Attempting to schedule ready instructions from the IQ.
 529000: system.cpu.iq: Not able to schedule any instructions.
 529000: system.cpu.commit: DefaultCommimt<Impl>::tick() begins
 529000: system.cpu.commit: Getting instructions from Rename stage.
 529000: system.cpu.commit: Trying to commit instructions in the ROB.
 529000: system.cpu.commit: [tid:0]: Can't commit, Instruction [sn:45] PC (0x401107=>0x40110b).(0=>1) is head of ROB and not ready
 529000: system.cpu.commit: [tid:0]: ROB has 24 insts & 168 free entries.
 529500: system.cpu.fetch: Running stage.
 529500: system.cpu.fetch: Attempting to fetch from [tid:0]
 529500: system.cpu.fetch: [tid:0]: Adding instructions to queue to decode.
 529500: system.cpu.iq: Attempting to schedule ready instructions from the IQ.
 529500: system.cpu.iq: Not able to schedule any instructions.
 529500: system.cpu.commit: DefaultCommimt<Impl>::tick() begins
 529500: system.cpu.commit: Getting instructions from Rename stage.
 529500: system.cpu.commit: Trying to commit instructions in the ROB.
 529500: system.cpu.commit: [tid:0]: Can't commit, Instruction [sn:45] PC (0x401107=>0x40110b).(0=>1) is head of ROB and not ready
 529500: system.cpu.commit: [tid:0]: ROB has 24 insts & 168 free entries.
 530000: system.cpu.fetch: Running stage.
 530000: system.cpu.fetch: Attempting to fetch from [tid:0]
 530000: system.cpu.fetch: [tid:0]: Adding instructions to queue to decode.
 530000: system.cpu.iq: Attempting to schedule ready instructions from the IQ.
 530000: system.cpu.iq: Not able to schedule any instructions.
 530000: system.cpu.commit: DefaultCommimt<Impl>::tick() begins
 530000: system.cpu.commit: Getting instructions from Rename stage.
 530000: system.cpu.commit: Trying to commit instructions in the ROB.
 530000: system.cpu.commit: [tid:0]: Can't commit, Instruction [sn:45] PC (0x401107=>0x40110b).(0=>1) is head of ROB and not ready
 530000: system.cpu.commit: [tid:0]: ROB has 24 insts & 168 free entries.
 530500: system.cpu.fetch: Running stage.
 530500: system.cpu.fetch: Attempting to fetch from [tid:0]
 530500: system.cpu.fetch: [tid:0]: Adding instructions to queue to decode.
 530500: system.cpu.iq: Attempting to schedule ready instructions from the IQ.
 530500: system.cpu.iq: Not able to schedule any instructions.
 530500: system.cpu.commit: DefaultCommimt<Impl>::tick() begins
 530500: system.cpu.commit: Getting instructions from Rename stage.
 530500: system.cpu.commit: Trying to commit instructions in the ROB.
 530500: system.cpu.commit: [tid:0]: Can't commit, Instruction [sn:45] PC (0x401107=>0x40110b).(0=>1) is head of ROB and not ready
 530500: system.cpu.commit: [tid:0]: ROB has 24 insts & 168 free entries.
 531000: system.cpu.fetch: Running stage.
 531000: system.cpu.fetch: Attempting to fetch from [tid:0]
 531000: system.cpu.fetch: [tid:0]: Adding instructions to queue to decode.
 531000: system.cpu.iq: Attempting to schedule ready instructions from the IQ.
 531000: system.cpu.iq: Not able to schedule any instructions.
 531000: system.cpu.commit: DefaultCommimt<Impl>::tick() begins
 531000: system.cpu.commit: Getting instructions from Rename stage.
 531000: system.cpu.commit: Trying to commit instructions in the ROB.
 531000: system.cpu.commit: [tid:0]: Can't commit, Instruction [sn:45] PC (0x401107=>0x40110b).(0=>1) is head of ROB and not ready
 531000: system.cpu.commit: [tid:0]: ROB has 24 insts & 168 free entries.
 531500: system.cpu.fetch: Running stage.
 531500: system.cpu.fetch: Attempting to fetch from [tid:0]
 531500: system.cpu.fetch: [tid:0]: Adding instructions to queue to decode.
 531500: system.cpu.iq: Attempting to schedule ready instructions from the IQ.
 531500: system.cpu.iq: Not able to schedule any instructions.
 531500: system.cpu.commit: DefaultCommimt<Impl>::tick() begins
 531500: system.cpu.commit: Getting instructions from Rename stage.
 531500: system.cpu.commit: Trying to commit instructions in the ROB.
 531500: system.cpu.commit: [tid:0]: Can't commit, Instruction [sn:45] PC (0x401107=>0x40110b).(0=>1) is head of ROB and not ready
 531500: system.cpu.commit: [tid:0]: ROB has 24 insts & 168 free entries.
 532000: system.cpu.fetch: Running stage.
 532000: system.cpu.fetch: Attempting to fetch from [tid:0]
 532000: system.cpu.fetch: [tid:0]: Adding instructions to queue to decode.
 532000: system.cpu.iq: Attempting to schedule ready instructions from the IQ.
 532000: system.cpu.iq: Not able to schedule any instructions.
 532000: system.cpu.commit: DefaultCommimt<Impl>::tick() begins
 532000: system.cpu.commit: Getting instructions from Rename stage.
 532000: system.cpu.commit: Trying to commit instructions in the ROB.
 532000: system.cpu.commit: [tid:0]: Can't commit, Instruction [sn:45] PC (0x401107=>0x40110b).(0=>1) is head of ROB and not ready
 532000: system.cpu.commit: [tid:0]: ROB has 24 insts & 168 free entries.
 532500: system.cpu.fetch: Running stage.
 532500: system.cpu.fetch: Attempting to fetch from [tid:0]
 532500: system.cpu.fetch: [tid:0]: Adding instructions to queue to decode.
 532500: system.cpu.iq: Attempting to schedule ready instructions from the IQ.
 532500: system.cpu.iq: Not able to schedule any instructions.
 532500: system.cpu.commit: DefaultCommimt<Impl>::tick() begins
 532500: system.cpu.commit: Getting instructions from Rename stage.
 532500: system.cpu.commit: Trying to commit instructions in the ROB.
 532500: system.cpu.commit: [tid:0]: Can't commit, Instruction [sn:45] PC (0x401107=>0x40110b).(0=>1) is head of ROB and not ready
 532500: system.cpu.commit: [tid:0]: ROB has 24 insts & 168 free entries.
 533000: system.cpu.fetch: Running stage.
 533000: system.cpu.fetch: Attempting to fetch from [tid:0]
 533000: system.cpu.fetch: [tid:0]: Adding instructions to queue to decode.
 533000: system.cpu.iq: Attempting to schedule ready instructions from the IQ.
 533000: system.cpu.iq: Not able to schedule any instructions.
 533000: system.cpu.commit: DefaultCommimt<Impl>::tick() begins
 533000: system.cpu.commit: Getting instructions from Rename stage.
 533000: system.cpu.commit: Trying to commit instructions in the ROB.
 533000: system.cpu.commit: [tid:0]: Can't commit, Instruction [sn:45] PC (0x401107=>0x40110b).(0=>1) is head of ROB and not ready
 533000: system.cpu.commit: [tid:0]: ROB has 24 insts & 168 free entries.
 533500: system.cpu.fetch: Running stage.
 533500: system.cpu.fetch: Attempting to fetch from [tid:0]
 533500: system.cpu.fetch: [tid:0]: Adding instructions to queue to decode.
 533500: system.cpu.iq: Attempting to schedule ready instructions from the IQ.
 533500: system.cpu.iq: Not able to schedule any instructions.
 533500: system.cpu.commit: DefaultCommimt<Impl>::tick() begins
 533500: system.cpu.commit: Getting instructions from Rename stage.
 533500: system.cpu.commit: Trying to commit instructions in the ROB.
 533500: system.cpu.commit: [tid:0]: Can't commit, Instruction [sn:45] PC (0x401107=>0x40110b).(0=>1) is head of ROB and not ready
 533500: system.cpu.commit: [tid:0]: ROB has 24 insts & 168 free entries.
 534000: system.cpu.fetch: Running stage.
 534000: system.cpu.fetch: Attempting to fetch from [tid:0]
 534000: system.cpu.fetch: [tid:0]: Adding instructions to queue to decode.
 534000: system.cpu.iq: Attempting to schedule ready instructions from the IQ.
 534000: system.cpu.iq: Not able to schedule any instructions.
 534000: system.cpu.commit: DefaultCommimt<Impl>::tick() begins
 534000: system.cpu.commit: Getting instructions from Rename stage.
 534000: system.cpu.commit: Trying to commit instructions in the ROB.
 534000: system.cpu.commit: [tid:0]: Can't commit, Instruction [sn:45] PC (0x401107=>0x40110b).(0=>1) is head of ROB and not ready
 534000: system.cpu.commit: [tid:0]: ROB has 24 insts & 168 free entries.
 534500: system.cpu.fetch: Running stage.
 534500: system.cpu.fetch: Attempting to fetch from [tid:0]
 534500: system.cpu.fetch: [tid:0]: Adding instructions to queue to decode.
 534500: system.cpu.iq: Attempting to schedule ready instructions from the IQ.
 534500: system.cpu.iq: Not able to schedule any instructions.
 534500: system.cpu.commit: DefaultCommimt<Impl>::tick() begins
 534500: system.cpu.commit: Getting instructions from Rename stage.
 534500: system.cpu.commit: Trying to commit instructions in the ROB.
 534500: system.cpu.commit: [tid:0]: Can't commit, Instruction [sn:45] PC (0x401107=>0x40110b).(0=>1) is head of ROB and not ready
 534500: system.cpu.commit: [tid:0]: ROB has 24 insts & 168 free entries.
 535000: system.cpu.fetch: Running stage.
 535000: system.cpu.fetch: Attempting to fetch from [tid:0]
 535000: system.cpu.fetch: [tid:0]: Adding instructions to queue to decode.
 535000: system.cpu.iq: Attempting to schedule ready instructions from the IQ.
 535000: system.cpu.iq: Not able to schedule any instructions.
 535000: system.cpu.commit: DefaultCommimt<Impl>::tick() begins
 535000: system.cpu.commit: Getting instructions from Rename stage.
 535000: system.cpu.commit: Trying to commit instructions in the ROB.
 535000: system.cpu.commit: [tid:0]: Can't commit, Instruction [sn:45] PC (0x401107=>0x40110b).(0=>1) is head of ROB and not ready
 535000: system.cpu.commit: [tid:0]: ROB has 24 insts & 168 free entries.
 535500: system.cpu.fetch: Running stage.
 535500: system.cpu.fetch: Attempting to fetch from [tid:0]
 535500: system.cpu.fetch: [tid:0]: Adding instructions to queue to decode.
 535500: system.cpu.iq: Attempting to schedule ready instructions from the IQ.
 535500: system.cpu.iq: Not able to schedule any instructions.
 535500: system.cpu.commit: DefaultCommimt<Impl>::tick() begins
 535500: system.cpu.commit: Getting instructions from Rename stage.
 535500: system.cpu.commit: Trying to commit instructions in the ROB.
 535500: system.cpu.commit: [tid:0]: Can't commit, Instruction [sn:45] PC (0x401107=>0x40110b).(0=>1) is head of ROB and not ready
 535500: system.cpu.commit: [tid:0]: ROB has 24 insts & 168 free entries.
 536000: system.cpu.fetch: Running stage.
 536000: system.cpu.fetch: Attempting to fetch from [tid:0]
 536000: system.cpu.fetch: [tid:0]: Adding instructions to queue to decode.
 536000: system.cpu.iq: Attempting to schedule ready instructions from the IQ.
 536000: system.cpu.iq: Not able to schedule any instructions.
 536000: system.cpu.commit: DefaultCommimt<Impl>::tick() begins
 536000: system.cpu.commit: Getting instructions from Rename stage.
 536000: system.cpu.commit: Trying to commit instructions in the ROB.
 536000: system.cpu.commit: [tid:0]: Can't commit, Instruction [sn:45] PC (0x401107=>0x40110b).(0=>1) is head of ROB and not ready
 536000: system.cpu.commit: [tid:0]: ROB has 24 insts & 168 free entries.
 536500: system.cpu.fetch: Running stage.
 536500: system.cpu.fetch: Attempting to fetch from [tid:0]
 536500: system.cpu.fetch: [tid:0]: Adding instructions to queue to decode.
 536500: system.cpu.iq: Attempting to schedule ready instructions from the IQ.
 536500: system.cpu.iq: Not able to schedule any instructions.
 536500: system.cpu.commit: DefaultCommimt<Impl>::tick() begins
 536500: system.cpu.commit: Getting instructions from Rename stage.
 536500: system.cpu.commit: Trying to commit instructions in the ROB.
 536500: system.cpu.commit: [tid:0]: Can't commit, Instruction [sn:45] PC (0x401107=>0x40110b).(0=>1) is head of ROB and not ready
 536500: system.cpu.commit: [tid:0]: ROB has 24 insts & 168 free entries.
 537000: system.cpu.fetch: Running stage.
 537000: system.cpu.fetch: Attempting to fetch from [tid:0]
 537000: system.cpu.fetch: [tid:0]: Adding instructions to queue to decode.
 537000: system.cpu.iq: Attempting to schedule ready instructions from the IQ.
 537000: system.cpu.iq: Not able to schedule any instructions.
 537000: system.cpu.commit: DefaultCommimt<Impl>::tick() begins
 537000: system.cpu.commit: Getting instructions from Rename stage.
 537000: system.cpu.commit: Trying to commit instructions in the ROB.
 537000: system.cpu.commit: [tid:0]: Can't commit, Instruction [sn:45] PC (0x401107=>0x40110b).(0=>1) is head of ROB and not ready
 537000: system.cpu.commit: [tid:0]: ROB has 24 insts & 168 free entries.
 537500: system.cpu.fetch: Running stage.
 537500: system.cpu.fetch: Attempting to fetch from [tid:0]
 537500: system.cpu.fetch: [tid:0]: Adding instructions to queue to decode.
 537500: system.cpu.iq: Attempting to schedule ready instructions from the IQ.
 537500: system.cpu.iq: Not able to schedule any instructions.
 537500: system.cpu.commit: DefaultCommimt<Impl>::tick() begins
 537500: system.cpu.commit: Getting instructions from Rename stage.
 537500: system.cpu.commit: Trying to commit instructions in the ROB.
 537500: system.cpu.commit: [tid:0]: Can't commit, Instruction [sn:45] PC (0x401107=>0x40110b).(0=>1) is head of ROB and not ready
 537500: system.cpu.commit: [tid:0]: ROB has 24 insts & 168 free entries.
 538000: system.cpu.fetch: Running stage.
 538000: system.cpu.fetch: Attempting to fetch from [tid:0]
 538000: system.cpu.fetch: [tid:0]: Adding instructions to queue to decode.
 538000: system.cpu.iq: Attempting to schedule ready instructions from the IQ.
 538000: system.cpu.iq: Not able to schedule any instructions.
 538000: system.cpu.commit: DefaultCommimt<Impl>::tick() begins
 538000: system.cpu.commit: Getting instructions from Rename stage.
 538000: system.cpu.commit: Trying to commit instructions in the ROB.
 538000: system.cpu.commit: [tid:0]: Can't commit, Instruction [sn:45] PC (0x401107=>0x40110b).(0=>1) is head of ROB and not ready
 538000: system.cpu.commit: [tid:0]: ROB has 24 insts & 168 free entries.
 538500: system.cpu.fetch: Running stage.
 538500: system.cpu.fetch: Attempting to fetch from [tid:0]
 538500: system.cpu.fetch: [tid:0]: Adding instructions to queue to decode.
 538500: system.cpu.iq: Attempting to schedule ready instructions from the IQ.
 538500: system.cpu.iq: Not able to schedule any instructions.
 538500: system.cpu.commit: DefaultCommimt<Impl>::tick() begins
 538500: system.cpu.commit: Getting instructions from Rename stage.
 538500: system.cpu.commit: Trying to commit instructions in the ROB.
 538500: system.cpu.commit: [tid:0]: Can't commit, Instruction [sn:45] PC (0x401107=>0x40110b).(0=>1) is head of ROB and not ready
 538500: system.cpu.commit: [tid:0]: ROB has 24 insts & 168 free entries.
 538501: system.cpu.iew.lsq: Received D$ response for packet addr 0x2740, block addr 0x2740
 539000: system.cpu.fetch: Running stage.
 539000: system.cpu.fetch: Attempting to fetch from [tid:0]
 539000: system.cpu.fetch: [tid:0]: Adding instructions to queue to decode.
 539000: system.cpu.iq: Waking dependents of completed instruction [sn:45].
 539000: system.cpu.iq: Completing mem instruction PC: (0x401107=>0x40110b).(0=>1) [sn:45]
 539000: system.cpu.memDep0: Completed mem instruction PC (0x401107=>0x40110b).(0=>1) [sn:45].
 539000: system.cpu.iq: Waking any dependents on register 79 (IntRegClass).
 539000: system.cpu.iq: Waking up a dependent instruction, [sn:47] PC (0x40110b=>0x401112).(1=>2).
 539000: global: [sn:47] has 2 ready out of 2 sources. RTI 0)
 539000: system.cpu.iq: (addIfReady, regular) Instruction is ready to issue, putting it onto the ready list, PC (0x40110b=>0x401112).(1=>2) opclass:1 [sn:47].
 539000: system.cpu.iq: Attempting to schedule ready instructions from the IQ.
 539000: system.cpu.iq: Thread 0: Issuing instruction PC (0x40110b=>0x401112).(1=>2) [sn:47]
 539000: system.cpu.commit: DefaultCommimt<Impl>::tick() begins
 539000: system.cpu.commit: Getting instructions from Rename stage.
 539000: system.cpu.commit: Trying to commit instructions in the ROB.
 539000: system.cpu.commit: [tid:0]: Can't commit, Instruction [sn:45] PC (0x401107=>0x40110b).(0=>1) is head of ROB and not ready
 539000: system.cpu.commit: [tid:0]: ROB has 24 insts & 168 free entries.
 539500: system.cpu.fetch: Running stage.
 539500: system.cpu.fetch: Attempting to fetch from [tid:0]
 539500: system.cpu.fetch: [tid:0]: Adding instructions to queue to decode.
 539500: system.cpu.iq: Waking dependents of completed instruction [sn:47].
 539500: system.cpu.iq: Waking any dependents on register 81 (IntRegClass).
 539500: system.cpu.iq: Waking up a dependent instruction, [sn:48] PC (0x401112=>0x401116).(0=>1).
 539500: global: [sn:48] has 3 ready out of 3 sources. RTI 0)
 539500: system.cpu.iq: (regular) Checking if memory instruction [sn:48] can issue.
 539500: system.cpu.memDep0: Marking registers as ready for instruction PC (0x401112=>0x401116).(0=>1) [sn:48].
 539500: system.cpu.memDep0: Instruction has its memory dependencies resolved, adding it to the ready list.
 539500: system.cpu.memDep0: Adding instruction [sn:48] to the ready list.
 539500: system.cpu.iq: (addReadyMemInst) Instruction is ready to issue, putting it onto the ready list, PC (0x401112=>0x401116).(0=>1) opclass:32 [sn:48].
 539500: system.cpu.iq: Waking any dependents on register 26 (CCRegClass).
 539500: system.cpu.iq: Waking any dependents on register 27 (CCRegClass).
 539500: system.cpu.iq: Attempting to schedule ready instructions from the IQ.
 539500: system.cpu.iq: Thread 0: Issuing instruction PC (0x401112=>0x401116).(0=>1) [sn:48]
 539500: system.cpu.memDep0: Issuing instruction PC 0x401112 [sn:48].
 539500: system.cpu.iew.lsq.thread0: LQ size: 33, #loads occupied: 5
 539500: system.cpu.iew.lsq.thread0: SQ size: 33, #stores occupied: 0
 539500: system.cpu.commit: DefaultCommimt<Impl>::tick() begins
 539500: system.cpu.commit: Getting instructions from Rename stage.
 539500: system.cpu.commit: Trying to commit instructions in the ROB.
 539500: system.cpu.commit: get the inst [num:0]
 539500: system.cpu.commit: [tid:0]: Marking PC (0x401107=>0x40110b).(0=>1), [sn:45] ready within ROB.
 539500: system.cpu.commit: [tid:0]: Instruction [sn:45] PC (0x401107=>0x40110b).(0=>1) is head of ROB and ready to commit
 539500: system.cpu.commit: [tid:0]: ROB has 24 insts & 168 free entries.
 540000: system.cpu.fetch: Running stage.
 540000: system.cpu.fetch: Attempting to fetch from [tid:0]
 540000: system.cpu.fetch: [tid:0]: Adding instructions to queue to decode.
 540000: system.cpu.iew.lsq.thread0: Executing load PC (0x401112=>0x401116).(0=>1), [sn:48]
 540000: system.cpu.dtb: Translating vaddr 0x8503700.
 540000: system.cpu.dtb: In protected mode.
 540000: system.cpu.dtb: Paging enabled.
 540000: system.cpu.dtb: Entry found with paddr 0x2000, doing protection checks.
 540000: system.cpu.dtb: Translated 0x8503700 -> 0x2700.
 540000: system.cpu.iew.lsq.thread0: Read called, load idx: 4, store idx: -1, storeHead: 1 addr: 0x2700
 540000: system.cpu.iew.lsq.thread0: Doing memory access (normal load) for inst [sn:48] PC (0x401112=>0x401116).(0=>1)
 540000: system.cpu.iew.lsq.thread0: Attempting load request - PC 0x401112, SQ: [sn:48], Paddr 0x2700, Vaddr 0x8503700
 540000: system.cpu.iew.lsq.thread0: successfully sent out packet(s) for inst [sn:48]
 540000: system.cpu.iew.lsq.thread0: Successfully sent out load request - PC 0x401112, SQ: [sn:48], Paddr 0x2700, Vaddr 0x8503700, block addr 0x2700
 540000: system.cpu.iq: Attempting to schedule ready instructions from the IQ.
 540000: system.cpu.iq: Not able to schedule any instructions.
 540000: system.cpu.iew.lsq.thread0: LQ size: 33, #loads occupied: 5
 540000: system.cpu.iew.lsq.thread0: SQ size: 33, #stores occupied: 0
 540000: system.cpu.commit: DefaultCommimt<Impl>::tick() begins
 540000: system.cpu.commit: Getting instructions from Rename stage.
 540000: system.cpu.commit: Trying to commit instructions in the ROB.
 540000: system.cpu.commit: Trying to commit head instruction, [sn:45] [tid:0]
 540000: system.cpu.commit: Committing instruction with [sn:45] PC (0x401107=>0x40110b).(0=>1)
 540000: system.cpu.rob: [tid:0]: Retiring head instruction, instruction PC (0x401107=>0x40110b).(0=>1), [sn:45]
 540000: system.cpu.commit: Trying to commit head instruction, [sn:46] [tid:0]
 540000: system.cpu.commit: Committing instruction with [sn:46] PC (0x40110b=>0x401112).(0=>1)
 540000: system.cpu.rob: [tid:0]: Retiring head instruction, instruction PC (0x40110b=>0x401112).(0=>1), [sn:46]
 540000: system.cpu.commit: get the inst [num:0]
 540000: system.cpu.commit: [tid:0]: Marking PC (0x40110b=>0x401112).(1=>2), [sn:47] ready within ROB.
 540000: system.cpu.commit: [tid:0]: Instruction [sn:47] PC (0x40110b=>0x401112).(1=>2) is head of ROB and ready to commit
 540000: system.cpu.commit: [tid:0]: ROB has 22 insts & 170 free entries.
 540500: system.cpu.branchPred: [tid:0]: Committing branches until [sn:46].
 540500: system.cpu.fetch: Running stage.
 540500: system.cpu.fetch: Attempting to fetch from [tid:0]
 540500: system.cpu.fetch: [tid:0]: Adding instructions to queue to decode.
 540500: system.cpu.iq: Attempting to schedule ready instructions from the IQ.
 540500: system.cpu.iq: Not able to schedule any instructions.
 540500: system.cpu.iew.lsq.thread0: Committing head load instruction, PC (0x401107=>0x40110b).(0=>1)
 540500: system.cpu.iq: [tid:0]: Committing instructions older than [sn:46]
 540500: system.cpu.commit: DefaultCommimt<Impl>::tick() begins
 540500: system.cpu.commit: Getting instructions from Rename stage.
 540500: system.cpu.commit: Trying to commit instructions in the ROB.
 540500: system.cpu.commit: Trying to commit head instruction, [sn:47] [tid:0]
 540500: system.cpu.commit: Committing instruction with [sn:47] PC (0x40110b=>0x401112).(1=>2)
 540500: system.cpu.rob: [tid:0]: Retiring head instruction, instruction PC (0x40110b=>0x401112).(1=>2), [sn:47]
 540500: system.cpu.commit: [tid:0]: Can't commit, Instruction [sn:48] PC (0x401112=>0x401116).(0=>1) is head of ROB and not ready
 540500: system.cpu.commit: [tid:0]: ROB has 21 insts & 171 free entries.
 541000: system.cpu.branchPred: [tid:0]: Committing branches until [sn:47].
 541000: system.cpu.fetch: Running stage.
 541000: system.cpu.fetch: Attempting to fetch from [tid:0]
 541000: system.cpu.fetch: [tid:0]: Adding instructions to queue to decode.
 541000: system.cpu.iq: Attempting to schedule ready instructions from the IQ.
 541000: system.cpu.iq: Not able to schedule any instructions.
 541000: system.cpu.iq: [tid:0]: Committing instructions older than [sn:47]
 541000: system.cpu.iew.lsq.thread0: LQ size: 33, #loads occupied: 4
 541000: system.cpu.iew.lsq.thread0: SQ size: 33, #stores occupied: 0
 541000: system.cpu.commit: DefaultCommimt<Impl>::tick() begins
 541000: system.cpu.commit: Getting instructions from Rename stage.
 541000: system.cpu.commit: Trying to commit instructions in the ROB.
 541000: system.cpu.commit: [tid:0]: Can't commit, Instruction [sn:48] PC (0x401112=>0x401116).(0=>1) is head of ROB and not ready
 541000: system.cpu.commit: [tid:0]: ROB has 21 insts & 171 free entries.
 541500: system.cpu.fetch: Running stage.
 541500: system.cpu.fetch: Attempting to fetch from [tid:0]
 541500: system.cpu.fetch: [tid:0]: Adding instructions to queue to decode.
 541500: system.cpu.iq: Attempting to schedule ready instructions from the IQ.
 541500: system.cpu.iq: Not able to schedule any instructions.
 541500: system.cpu.iew.lsq.thread0: LQ size: 33, #loads occupied: 4
 541500: system.cpu.iew.lsq.thread0: SQ size: 33, #stores occupied: 0
 541500: system.cpu.commit: DefaultCommimt<Impl>::tick() begins
 541500: system.cpu.commit: Getting instructions from Rename stage.
 541500: system.cpu.commit: Trying to commit instructions in the ROB.
 541500: system.cpu.commit: [tid:0]: Can't commit, Instruction [sn:48] PC (0x401112=>0x401116).(0=>1) is head of ROB and not ready
 541500: system.cpu.commit: [tid:0]: ROB has 21 insts & 171 free entries.
 542000: system.cpu.fetch: Running stage.
 542000: system.cpu.fetch: Attempting to fetch from [tid:0]
 542000: system.cpu.fetch: [tid:0]: Adding instructions to queue to decode.
 542000: system.cpu.iq: Attempting to schedule ready instructions from the IQ.
 542000: system.cpu.iq: Not able to schedule any instructions.
 542000: system.cpu.commit: DefaultCommimt<Impl>::tick() begins
 542000: system.cpu.commit: Getting instructions from Rename stage.
 542000: system.cpu.commit: Trying to commit instructions in the ROB.
 542000: system.cpu.commit: [tid:0]: Can't commit, Instruction [sn:48] PC (0x401112=>0x401116).(0=>1) is head of ROB and not ready
 542000: system.cpu.commit: [tid:0]: ROB has 21 insts & 171 free entries.
 542500: system.cpu.fetch: Running stage.
 542500: system.cpu.fetch: Attempting to fetch from [tid:0]
 542500: system.cpu.fetch: [tid:0]: Adding instructions to queue to decode.
 542500: system.cpu.iq: Attempting to schedule ready instructions from the IQ.
 542500: system.cpu.iq: Not able to schedule any instructions.
 542500: system.cpu.commit: DefaultCommimt<Impl>::tick() begins
 542500: system.cpu.commit: Getting instructions from Rename stage.
 542500: system.cpu.commit: Trying to commit instructions in the ROB.
 542500: system.cpu.commit: [tid:0]: Can't commit, Instruction [sn:48] PC (0x401112=>0x401116).(0=>1) is head of ROB and not ready
 542500: system.cpu.commit: [tid:0]: ROB has 21 insts & 171 free entries.
 543000: system.cpu.fetch: Running stage.
 543000: system.cpu.fetch: Attempting to fetch from [tid:0]
 543000: system.cpu.fetch: [tid:0]: Adding instructions to queue to decode.
 543000: system.cpu.iq: Attempting to schedule ready instructions from the IQ.
 543000: system.cpu.iq: Not able to schedule any instructions.
 543000: system.cpu.commit: DefaultCommimt<Impl>::tick() begins
 543000: system.cpu.commit: Getting instructions from Rename stage.
 543000: system.cpu.commit: Trying to commit instructions in the ROB.
 543000: system.cpu.commit: [tid:0]: Can't commit, Instruction [sn:48] PC (0x401112=>0x401116).(0=>1) is head of ROB and not ready
 543000: system.cpu.commit: [tid:0]: ROB has 21 insts & 171 free entries.
 543500: system.cpu.fetch: Running stage.
 543500: system.cpu.fetch: Attempting to fetch from [tid:0]
 543500: system.cpu.fetch: [tid:0]: Adding instructions to queue to decode.
 543500: system.cpu.iq: Attempting to schedule ready instructions from the IQ.
 543500: system.cpu.iq: Not able to schedule any instructions.
 543500: system.cpu.commit: DefaultCommimt<Impl>::tick() begins
 543500: system.cpu.commit: Getting instructions from Rename stage.
 543500: system.cpu.commit: Trying to commit instructions in the ROB.
 543500: system.cpu.commit: [tid:0]: Can't commit, Instruction [sn:48] PC (0x401112=>0x401116).(0=>1) is head of ROB and not ready
 543500: system.cpu.commit: [tid:0]: ROB has 21 insts & 171 free entries.
 544000: system.cpu.fetch: Running stage.
 544000: system.cpu.fetch: Attempting to fetch from [tid:0]
 544000: system.cpu.fetch: [tid:0]: Adding instructions to queue to decode.
 544000: system.cpu.iq: Attempting to schedule ready instructions from the IQ.
 544000: system.cpu.iq: Not able to schedule any instructions.
 544000: system.cpu.commit: DefaultCommimt<Impl>::tick() begins
 544000: system.cpu.commit: Getting instructions from Rename stage.
 544000: system.cpu.commit: Trying to commit instructions in the ROB.
 544000: system.cpu.commit: [tid:0]: Can't commit, Instruction [sn:48] PC (0x401112=>0x401116).(0=>1) is head of ROB and not ready
 544000: system.cpu.commit: [tid:0]: ROB has 21 insts & 171 free entries.
 544500: system.cpu.fetch: Running stage.
 544500: system.cpu.fetch: Attempting to fetch from [tid:0]
 544500: system.cpu.fetch: [tid:0]: Adding instructions to queue to decode.
 544500: system.cpu.iq: Attempting to schedule ready instructions from the IQ.
 544500: system.cpu.iq: Not able to schedule any instructions.
 544500: system.cpu.commit: DefaultCommimt<Impl>::tick() begins
 544500: system.cpu.commit: Getting instructions from Rename stage.
 544500: system.cpu.commit: Trying to commit instructions in the ROB.
 544500: system.cpu.commit: [tid:0]: Can't commit, Instruction [sn:48] PC (0x401112=>0x401116).(0=>1) is head of ROB and not ready
 544500: system.cpu.commit: [tid:0]: ROB has 21 insts & 171 free entries.
 545000: system.cpu.fetch: Running stage.
 545000: system.cpu.fetch: Attempting to fetch from [tid:0]
 545000: system.cpu.fetch: [tid:0]: Adding instructions to queue to decode.
 545000: system.cpu.iq: Attempting to schedule ready instructions from the IQ.
 545000: system.cpu.iq: Not able to schedule any instructions.
 545000: system.cpu.commit: DefaultCommimt<Impl>::tick() begins
 545000: system.cpu.commit: Getting instructions from Rename stage.
 545000: system.cpu.commit: Trying to commit instructions in the ROB.
 545000: system.cpu.commit: [tid:0]: Can't commit, Instruction [sn:48] PC (0x401112=>0x401116).(0=>1) is head of ROB and not ready
 545000: system.cpu.commit: [tid:0]: ROB has 21 insts & 171 free entries.
 545500: system.cpu.fetch: Running stage.
 545500: system.cpu.fetch: Attempting to fetch from [tid:0]
 545500: system.cpu.fetch: [tid:0]: Adding instructions to queue to decode.
 545500: system.cpu.iq: Attempting to schedule ready instructions from the IQ.
 545500: system.cpu.iq: Not able to schedule any instructions.
 545500: system.cpu.commit: DefaultCommimt<Impl>::tick() begins
 545500: system.cpu.commit: Getting instructions from Rename stage.
 545500: system.cpu.commit: Trying to commit instructions in the ROB.
 545500: system.cpu.commit: [tid:0]: Can't commit, Instruction [sn:48] PC (0x401112=>0x401116).(0=>1) is head of ROB and not ready
 545500: system.cpu.commit: [tid:0]: ROB has 21 insts & 171 free entries.
 546000: system.cpu.fetch: Running stage.
 546000: system.cpu.fetch: Attempting to fetch from [tid:0]
 546000: system.cpu.fetch: [tid:0]: Adding instructions to queue to decode.
 546000: system.cpu.iq: Attempting to schedule ready instructions from the IQ.
 546000: system.cpu.iq: Not able to schedule any instructions.
 546000: system.cpu.commit: DefaultCommimt<Impl>::tick() begins
 546000: system.cpu.commit: Getting instructions from Rename stage.
 546000: system.cpu.commit: Trying to commit instructions in the ROB.
 546000: system.cpu.commit: [tid:0]: Can't commit, Instruction [sn:48] PC (0x401112=>0x401116).(0=>1) is head of ROB and not ready
 546000: system.cpu.commit: [tid:0]: ROB has 21 insts & 171 free entries.
 546500: system.cpu.fetch: Running stage.
 546500: system.cpu.fetch: Attempting to fetch from [tid:0]
 546500: system.cpu.fetch: [tid:0]: Adding instructions to queue to decode.
 546500: system.cpu.iq: Attempting to schedule ready instructions from the IQ.
 546500: system.cpu.iq: Not able to schedule any instructions.
 546500: system.cpu.commit: DefaultCommimt<Impl>::tick() begins
 546500: system.cpu.commit: Getting instructions from Rename stage.
 546500: system.cpu.commit: Trying to commit instructions in the ROB.
 546500: system.cpu.commit: [tid:0]: Can't commit, Instruction [sn:48] PC (0x401112=>0x401116).(0=>1) is head of ROB and not ready
 546500: system.cpu.commit: [tid:0]: ROB has 21 insts & 171 free entries.
 547000: system.cpu.fetch: Running stage.
 547000: system.cpu.fetch: Attempting to fetch from [tid:0]
 547000: system.cpu.fetch: [tid:0]: Adding instructions to queue to decode.
 547000: system.cpu.iq: Attempting to schedule ready instructions from the IQ.
 547000: system.cpu.iq: Not able to schedule any instructions.
 547000: system.cpu.commit: DefaultCommimt<Impl>::tick() begins
 547000: system.cpu.commit: Getting instructions from Rename stage.
 547000: system.cpu.commit: Trying to commit instructions in the ROB.
 547000: system.cpu.commit: [tid:0]: Can't commit, Instruction [sn:48] PC (0x401112=>0x401116).(0=>1) is head of ROB and not ready
 547000: system.cpu.commit: [tid:0]: ROB has 21 insts & 171 free entries.
 547500: system.cpu.fetch: Running stage.
 547500: system.cpu.fetch: Attempting to fetch from [tid:0]
 547500: system.cpu.fetch: [tid:0]: Adding instructions to queue to decode.
 547500: system.cpu.iq: Attempting to schedule ready instructions from the IQ.
 547500: system.cpu.iq: Not able to schedule any instructions.
 547500: system.cpu.commit: DefaultCommimt<Impl>::tick() begins
 547500: system.cpu.commit: Getting instructions from Rename stage.
 547500: system.cpu.commit: Trying to commit instructions in the ROB.
 547500: system.cpu.commit: [tid:0]: Can't commit, Instruction [sn:48] PC (0x401112=>0x401116).(0=>1) is head of ROB and not ready
 547500: system.cpu.commit: [tid:0]: ROB has 21 insts & 171 free entries.
 548000: system.cpu.fetch: Running stage.
 548000: system.cpu.fetch: Attempting to fetch from [tid:0]
 548000: system.cpu.fetch: [tid:0]: Adding instructions to queue to decode.
 548000: system.cpu.iq: Attempting to schedule ready instructions from the IQ.
 548000: system.cpu.iq: Not able to schedule any instructions.
 548000: system.cpu.commit: DefaultCommimt<Impl>::tick() begins
 548000: system.cpu.commit: Getting instructions from Rename stage.
 548000: system.cpu.commit: Trying to commit instructions in the ROB.
 548000: system.cpu.commit: [tid:0]: Can't commit, Instruction [sn:48] PC (0x401112=>0x401116).(0=>1) is head of ROB and not ready
 548000: system.cpu.commit: [tid:0]: ROB has 21 insts & 171 free entries.
 548500: system.cpu.fetch: Running stage.
 548500: system.cpu.fetch: Attempting to fetch from [tid:0]
 548500: system.cpu.fetch: [tid:0]: Adding instructions to queue to decode.
 548500: system.cpu.iq: Attempting to schedule ready instructions from the IQ.
 548500: system.cpu.iq: Not able to schedule any instructions.
 548500: system.cpu.commit: DefaultCommimt<Impl>::tick() begins
 548500: system.cpu.commit: Getting instructions from Rename stage.
 548500: system.cpu.commit: Trying to commit instructions in the ROB.
 548500: system.cpu.commit: [tid:0]: Can't commit, Instruction [sn:48] PC (0x401112=>0x401116).(0=>1) is head of ROB and not ready
 548500: system.cpu.commit: [tid:0]: ROB has 21 insts & 171 free entries.
 549000: system.cpu.fetch: Running stage.
 549000: system.cpu.fetch: Attempting to fetch from [tid:0]
 549000: system.cpu.fetch: [tid:0]: Adding instructions to queue to decode.
 549000: system.cpu.iq: Attempting to schedule ready instructions from the IQ.
 549000: system.cpu.iq: Not able to schedule any instructions.
 549000: system.cpu.commit: DefaultCommimt<Impl>::tick() begins
 549000: system.cpu.commit: Getting instructions from Rename stage.
 549000: system.cpu.commit: Trying to commit instructions in the ROB.
 549000: system.cpu.commit: [tid:0]: Can't commit, Instruction [sn:48] PC (0x401112=>0x401116).(0=>1) is head of ROB and not ready
 549000: system.cpu.commit: [tid:0]: ROB has 21 insts & 171 free entries.
 549500: system.cpu.fetch: Running stage.
 549500: system.cpu.fetch: Attempting to fetch from [tid:0]
 549500: system.cpu.fetch: [tid:0]: Adding instructions to queue to decode.
 549500: system.cpu.iq: Attempting to schedule ready instructions from the IQ.
 549500: system.cpu.iq: Not able to schedule any instructions.
 549500: system.cpu.commit: DefaultCommimt<Impl>::tick() begins
 549500: system.cpu.commit: Getting instructions from Rename stage.
 549500: system.cpu.commit: Trying to commit instructions in the ROB.
 549500: system.cpu.commit: [tid:0]: Can't commit, Instruction [sn:48] PC (0x401112=>0x401116).(0=>1) is head of ROB and not ready
 549500: system.cpu.commit: [tid:0]: ROB has 21 insts & 171 free entries.
 550000: system.cpu.fetch: Running stage.
 550000: system.cpu.fetch: Attempting to fetch from [tid:0]
 550000: system.cpu.fetch: [tid:0]: Adding instructions to queue to decode.
 550000: system.cpu.iq: Attempting to schedule ready instructions from the IQ.
 550000: system.cpu.iq: Not able to schedule any instructions.
 550000: system.cpu.commit: DefaultCommimt<Impl>::tick() begins
 550000: system.cpu.commit: Getting instructions from Rename stage.
 550000: system.cpu.commit: Trying to commit instructions in the ROB.
 550000: system.cpu.commit: [tid:0]: Can't commit, Instruction [sn:48] PC (0x401112=>0x401116).(0=>1) is head of ROB and not ready
 550000: system.cpu.commit: [tid:0]: ROB has 21 insts & 171 free entries.
 550500: system.cpu.fetch: Running stage.
 550500: system.cpu.fetch: Attempting to fetch from [tid:0]
 550500: system.cpu.fetch: [tid:0]: Adding instructions to queue to decode.
 550500: system.cpu.iq: Attempting to schedule ready instructions from the IQ.
 550500: system.cpu.iq: Not able to schedule any instructions.
 550500: system.cpu.commit: DefaultCommimt<Impl>::tick() begins
 550500: system.cpu.commit: Getting instructions from Rename stage.
 550500: system.cpu.commit: Trying to commit instructions in the ROB.
 550500: system.cpu.commit: [tid:0]: Can't commit, Instruction [sn:48] PC (0x401112=>0x401116).(0=>1) is head of ROB and not ready
 550500: system.cpu.commit: [tid:0]: ROB has 21 insts & 171 free entries.
 551000: system.cpu.fetch: Running stage.
 551000: system.cpu.fetch: Attempting to fetch from [tid:0]
 551000: system.cpu.fetch: [tid:0]: Adding instructions to queue to decode.
 551000: system.cpu.iq: Attempting to schedule ready instructions from the IQ.
 551000: system.cpu.iq: Not able to schedule any instructions.
 551000: system.cpu.commit: DefaultCommimt<Impl>::tick() begins
 551000: system.cpu.commit: Getting instructions from Rename stage.
 551000: system.cpu.commit: Trying to commit instructions in the ROB.
 551000: system.cpu.commit: [tid:0]: Can't commit, Instruction [sn:48] PC (0x401112=>0x401116).(0=>1) is head of ROB and not ready
 551000: system.cpu.commit: [tid:0]: ROB has 21 insts & 171 free entries.
 551500: system.cpu.fetch: Running stage.
 551500: system.cpu.fetch: Attempting to fetch from [tid:0]
 551500: system.cpu.fetch: [tid:0]: Adding instructions to queue to decode.
 551500: system.cpu.iq: Attempting to schedule ready instructions from the IQ.
 551500: system.cpu.iq: Not able to schedule any instructions.
 551500: system.cpu.commit: DefaultCommimt<Impl>::tick() begins
 551500: system.cpu.commit: Getting instructions from Rename stage.
 551500: system.cpu.commit: Trying to commit instructions in the ROB.
 551500: system.cpu.commit: [tid:0]: Can't commit, Instruction [sn:48] PC (0x401112=>0x401116).(0=>1) is head of ROB and not ready
 551500: system.cpu.commit: [tid:0]: ROB has 21 insts & 171 free entries.
 552000: system.cpu.fetch: Running stage.
 552000: system.cpu.fetch: Attempting to fetch from [tid:0]
 552000: system.cpu.fetch: [tid:0]: Adding instructions to queue to decode.
 552000: system.cpu.iq: Attempting to schedule ready instructions from the IQ.
 552000: system.cpu.iq: Not able to schedule any instructions.
 552000: system.cpu.commit: DefaultCommimt<Impl>::tick() begins
 552000: system.cpu.commit: Getting instructions from Rename stage.
 552000: system.cpu.commit: Trying to commit instructions in the ROB.
 552000: system.cpu.commit: [tid:0]: Can't commit, Instruction [sn:48] PC (0x401112=>0x401116).(0=>1) is head of ROB and not ready
 552000: system.cpu.commit: [tid:0]: ROB has 21 insts & 171 free entries.
 552500: system.cpu.fetch: Running stage.
 552500: system.cpu.fetch: Attempting to fetch from [tid:0]
 552500: system.cpu.fetch: [tid:0]: Adding instructions to queue to decode.
 552500: system.cpu.iq: Attempting to schedule ready instructions from the IQ.
 552500: system.cpu.iq: Not able to schedule any instructions.
 552500: system.cpu.commit: DefaultCommimt<Impl>::tick() begins
 552500: system.cpu.commit: Getting instructions from Rename stage.
 552500: system.cpu.commit: Trying to commit instructions in the ROB.
 552500: system.cpu.commit: [tid:0]: Can't commit, Instruction [sn:48] PC (0x401112=>0x401116).(0=>1) is head of ROB and not ready
 552500: system.cpu.commit: [tid:0]: ROB has 21 insts & 171 free entries.
 553000: system.cpu.fetch: Running stage.
 553000: system.cpu.fetch: Attempting to fetch from [tid:0]
 553000: system.cpu.fetch: [tid:0]: Adding instructions to queue to decode.
 553000: system.cpu.iq: Attempting to schedule ready instructions from the IQ.
 553000: system.cpu.iq: Not able to schedule any instructions.
 553000: system.cpu.commit: DefaultCommimt<Impl>::tick() begins
 553000: system.cpu.commit: Getting instructions from Rename stage.
 553000: system.cpu.commit: Trying to commit instructions in the ROB.
 553000: system.cpu.commit: [tid:0]: Can't commit, Instruction [sn:48] PC (0x401112=>0x401116).(0=>1) is head of ROB and not ready
 553000: system.cpu.commit: [tid:0]: ROB has 21 insts & 171 free entries.
 553500: system.cpu.fetch: Running stage.
 553500: system.cpu.fetch: Attempting to fetch from [tid:0]
 553500: system.cpu.fetch: [tid:0]: Adding instructions to queue to decode.
 553500: system.cpu.iq: Attempting to schedule ready instructions from the IQ.
 553500: system.cpu.iq: Not able to schedule any instructions.
 553500: system.cpu.commit: DefaultCommimt<Impl>::tick() begins
 553500: system.cpu.commit: Getting instructions from Rename stage.
 553500: system.cpu.commit: Trying to commit instructions in the ROB.
 553500: system.cpu.commit: [tid:0]: Can't commit, Instruction [sn:48] PC (0x401112=>0x401116).(0=>1) is head of ROB and not ready
 553500: system.cpu.commit: [tid:0]: ROB has 21 insts & 171 free entries.
 554000: system.cpu.fetch: Running stage.
 554000: system.cpu.fetch: Attempting to fetch from [tid:0]
 554000: system.cpu.fetch: [tid:0]: Adding instructions to queue to decode.
 554000: system.cpu.iq: Attempting to schedule ready instructions from the IQ.
 554000: system.cpu.iq: Not able to schedule any instructions.
 554000: system.cpu.commit: DefaultCommimt<Impl>::tick() begins
 554000: system.cpu.commit: Getting instructions from Rename stage.
 554000: system.cpu.commit: Trying to commit instructions in the ROB.
 554000: system.cpu.commit: [tid:0]: Can't commit, Instruction [sn:48] PC (0x401112=>0x401116).(0=>1) is head of ROB and not ready
 554000: system.cpu.commit: [tid:0]: ROB has 21 insts & 171 free entries.
 554500: system.cpu.fetch: Running stage.
 554500: system.cpu.fetch: Attempting to fetch from [tid:0]
 554500: system.cpu.fetch: [tid:0]: Adding instructions to queue to decode.
 554500: system.cpu.iq: Attempting to schedule ready instructions from the IQ.
 554500: system.cpu.iq: Not able to schedule any instructions.
 554500: system.cpu.commit: DefaultCommimt<Impl>::tick() begins
 554500: system.cpu.commit: Getting instructions from Rename stage.
 554500: system.cpu.commit: Trying to commit instructions in the ROB.
 554500: system.cpu.commit: [tid:0]: Can't commit, Instruction [sn:48] PC (0x401112=>0x401116).(0=>1) is head of ROB and not ready
 554500: system.cpu.commit: [tid:0]: ROB has 21 insts & 171 free entries.
 555000: system.cpu.fetch: Running stage.
 555000: system.cpu.fetch: Attempting to fetch from [tid:0]
 555000: system.cpu.fetch: [tid:0]: Adding instructions to queue to decode.
 555000: system.cpu.iq: Attempting to schedule ready instructions from the IQ.
 555000: system.cpu.iq: Not able to schedule any instructions.
 555000: system.cpu.commit: DefaultCommimt<Impl>::tick() begins
 555000: system.cpu.commit: Getting instructions from Rename stage.
 555000: system.cpu.commit: Trying to commit instructions in the ROB.
 555000: system.cpu.commit: [tid:0]: Can't commit, Instruction [sn:48] PC (0x401112=>0x401116).(0=>1) is head of ROB and not ready
 555000: system.cpu.commit: [tid:0]: ROB has 21 insts & 171 free entries.
 555500: system.cpu.fetch: Running stage.
 555500: system.cpu.fetch: Attempting to fetch from [tid:0]
 555500: system.cpu.fetch: [tid:0]: Adding instructions to queue to decode.
 555500: system.cpu.iq: Attempting to schedule ready instructions from the IQ.
 555500: system.cpu.iq: Not able to schedule any instructions.
 555500: system.cpu.commit: DefaultCommimt<Impl>::tick() begins
 555500: system.cpu.commit: Getting instructions from Rename stage.
 555500: system.cpu.commit: Trying to commit instructions in the ROB.
 555500: system.cpu.commit: [tid:0]: Can't commit, Instruction [sn:48] PC (0x401112=>0x401116).(0=>1) is head of ROB and not ready
 555500: system.cpu.commit: [tid:0]: ROB has 21 insts & 171 free entries.
 556000: system.cpu.fetch: Running stage.
 556000: system.cpu.fetch: Attempting to fetch from [tid:0]
 556000: system.cpu.fetch: [tid:0]: Adding instructions to queue to decode.
 556000: system.cpu.iq: Attempting to schedule ready instructions from the IQ.
 556000: system.cpu.iq: Not able to schedule any instructions.
 556000: system.cpu.commit: DefaultCommimt<Impl>::tick() begins
 556000: system.cpu.commit: Getting instructions from Rename stage.
 556000: system.cpu.commit: Trying to commit instructions in the ROB.
 556000: system.cpu.commit: [tid:0]: Can't commit, Instruction [sn:48] PC (0x401112=>0x401116).(0=>1) is head of ROB and not ready
 556000: system.cpu.commit: [tid:0]: ROB has 21 insts & 171 free entries.
 556500: system.cpu.fetch: Running stage.
 556500: system.cpu.fetch: Attempting to fetch from [tid:0]
 556500: system.cpu.fetch: [tid:0]: Adding instructions to queue to decode.
 556500: system.cpu.iq: Attempting to schedule ready instructions from the IQ.
 556500: system.cpu.iq: Not able to schedule any instructions.
 556500: system.cpu.commit: DefaultCommimt<Impl>::tick() begins
 556500: system.cpu.commit: Getting instructions from Rename stage.
 556500: system.cpu.commit: Trying to commit instructions in the ROB.
 556500: system.cpu.commit: [tid:0]: Can't commit, Instruction [sn:48] PC (0x401112=>0x401116).(0=>1) is head of ROB and not ready
 556500: system.cpu.commit: [tid:0]: ROB has 21 insts & 171 free entries.
 557000: system.cpu.fetch: Running stage.
 557000: system.cpu.fetch: Attempting to fetch from [tid:0]
 557000: system.cpu.fetch: [tid:0]: Adding instructions to queue to decode.
 557000: system.cpu.iq: Attempting to schedule ready instructions from the IQ.
 557000: system.cpu.iq: Not able to schedule any instructions.
 557000: system.cpu.commit: DefaultCommimt<Impl>::tick() begins
 557000: system.cpu.commit: Getting instructions from Rename stage.
 557000: system.cpu.commit: Trying to commit instructions in the ROB.
 557000: system.cpu.commit: [tid:0]: Can't commit, Instruction [sn:48] PC (0x401112=>0x401116).(0=>1) is head of ROB and not ready
 557000: system.cpu.commit: [tid:0]: ROB has 21 insts & 171 free entries.
 557500: system.cpu.fetch: Running stage.
 557500: system.cpu.fetch: Attempting to fetch from [tid:0]
 557500: system.cpu.fetch: [tid:0]: Adding instructions to queue to decode.
 557500: system.cpu.iq: Attempting to schedule ready instructions from the IQ.
 557500: system.cpu.iq: Not able to schedule any instructions.
 557500: system.cpu.commit: DefaultCommimt<Impl>::tick() begins
 557500: system.cpu.commit: Getting instructions from Rename stage.
 557500: system.cpu.commit: Trying to commit instructions in the ROB.
 557500: system.cpu.commit: [tid:0]: Can't commit, Instruction [sn:48] PC (0x401112=>0x401116).(0=>1) is head of ROB and not ready
 557500: system.cpu.commit: [tid:0]: ROB has 21 insts & 171 free entries.
 558000: system.cpu.fetch: Running stage.
 558000: system.cpu.fetch: Attempting to fetch from [tid:0]
 558000: system.cpu.fetch: [tid:0]: Adding instructions to queue to decode.
 558000: system.cpu.iq: Attempting to schedule ready instructions from the IQ.
 558000: system.cpu.iq: Not able to schedule any instructions.
 558000: system.cpu.commit: DefaultCommimt<Impl>::tick() begins
 558000: system.cpu.commit: Getting instructions from Rename stage.
 558000: system.cpu.commit: Trying to commit instructions in the ROB.
 558000: system.cpu.commit: [tid:0]: Can't commit, Instruction [sn:48] PC (0x401112=>0x401116).(0=>1) is head of ROB and not ready
 558000: system.cpu.commit: [tid:0]: ROB has 21 insts & 171 free entries.
 558500: system.cpu.fetch: Running stage.
 558500: system.cpu.fetch: Attempting to fetch from [tid:0]
 558500: system.cpu.fetch: [tid:0]: Adding instructions to queue to decode.
 558500: system.cpu.iq: Attempting to schedule ready instructions from the IQ.
 558500: system.cpu.iq: Not able to schedule any instructions.
 558500: system.cpu.commit: DefaultCommimt<Impl>::tick() begins
 558500: system.cpu.commit: Getting instructions from Rename stage.
 558500: system.cpu.commit: Trying to commit instructions in the ROB.
 558500: system.cpu.commit: [tid:0]: Can't commit, Instruction [sn:48] PC (0x401112=>0x401116).(0=>1) is head of ROB and not ready
 558500: system.cpu.commit: [tid:0]: ROB has 21 insts & 171 free entries.
 559000: system.cpu.fetch: Running stage.
 559000: system.cpu.fetch: Attempting to fetch from [tid:0]
 559000: system.cpu.fetch: [tid:0]: Adding instructions to queue to decode.
 559000: system.cpu.iq: Attempting to schedule ready instructions from the IQ.
 559000: system.cpu.iq: Not able to schedule any instructions.
 559000: system.cpu.commit: DefaultCommimt<Impl>::tick() begins
 559000: system.cpu.commit: Getting instructions from Rename stage.
 559000: system.cpu.commit: Trying to commit instructions in the ROB.
 559000: system.cpu.commit: [tid:0]: Can't commit, Instruction [sn:48] PC (0x401112=>0x401116).(0=>1) is head of ROB and not ready
 559000: system.cpu.commit: [tid:0]: ROB has 21 insts & 171 free entries.
 559500: system.cpu.fetch: Running stage.
 559500: system.cpu.fetch: Attempting to fetch from [tid:0]
 559500: system.cpu.fetch: [tid:0]: Adding instructions to queue to decode.
 559500: system.cpu.iq: Attempting to schedule ready instructions from the IQ.
 559500: system.cpu.iq: Not able to schedule any instructions.
 559500: system.cpu.commit: DefaultCommimt<Impl>::tick() begins
 559500: system.cpu.commit: Getting instructions from Rename stage.
 559500: system.cpu.commit: Trying to commit instructions in the ROB.
 559500: system.cpu.commit: [tid:0]: Can't commit, Instruction [sn:48] PC (0x401112=>0x401116).(0=>1) is head of ROB and not ready
 559500: system.cpu.commit: [tid:0]: ROB has 21 insts & 171 free entries.
 560000: system.cpu.fetch: Running stage.
 560000: system.cpu.fetch: Attempting to fetch from [tid:0]
 560000: system.cpu.fetch: [tid:0]: Adding instructions to queue to decode.
 560000: system.cpu.iq: Attempting to schedule ready instructions from the IQ.
 560000: system.cpu.iq: Not able to schedule any instructions.
 560000: system.cpu.commit: DefaultCommimt<Impl>::tick() begins
 560000: system.cpu.commit: Getting instructions from Rename stage.
 560000: system.cpu.commit: Trying to commit instructions in the ROB.
 560000: system.cpu.commit: [tid:0]: Can't commit, Instruction [sn:48] PC (0x401112=>0x401116).(0=>1) is head of ROB and not ready
 560000: system.cpu.commit: [tid:0]: ROB has 21 insts & 171 free entries.
 560500: system.cpu.fetch: Running stage.
 560500: system.cpu.fetch: Attempting to fetch from [tid:0]
 560500: system.cpu.fetch: [tid:0]: Adding instructions to queue to decode.
 560500: system.cpu.iq: Attempting to schedule ready instructions from the IQ.
 560500: system.cpu.iq: Not able to schedule any instructions.
 560500: system.cpu.commit: DefaultCommimt<Impl>::tick() begins
 560500: system.cpu.commit: Getting instructions from Rename stage.
 560500: system.cpu.commit: Trying to commit instructions in the ROB.
 560500: system.cpu.commit: [tid:0]: Can't commit, Instruction [sn:48] PC (0x401112=>0x401116).(0=>1) is head of ROB and not ready
 560500: system.cpu.commit: [tid:0]: ROB has 21 insts & 171 free entries.
 561000: system.cpu.fetch: Running stage.
 561000: system.cpu.fetch: Attempting to fetch from [tid:0]
 561000: system.cpu.fetch: [tid:0]: Adding instructions to queue to decode.
 561000: system.cpu.iq: Attempting to schedule ready instructions from the IQ.
 561000: system.cpu.iq: Not able to schedule any instructions.
 561000: system.cpu.commit: DefaultCommimt<Impl>::tick() begins
 561000: system.cpu.commit: Getting instructions from Rename stage.
 561000: system.cpu.commit: Trying to commit instructions in the ROB.
 561000: system.cpu.commit: [tid:0]: Can't commit, Instruction [sn:48] PC (0x401112=>0x401116).(0=>1) is head of ROB and not ready
 561000: system.cpu.commit: [tid:0]: ROB has 21 insts & 171 free entries.
 561500: system.cpu.fetch: Running stage.
 561500: system.cpu.fetch: Attempting to fetch from [tid:0]
 561500: system.cpu.fetch: [tid:0]: Adding instructions to queue to decode.
 561500: system.cpu.iq: Attempting to schedule ready instructions from the IQ.
 561500: system.cpu.iq: Not able to schedule any instructions.
 561500: system.cpu.commit: DefaultCommimt<Impl>::tick() begins
 561500: system.cpu.commit: Getting instructions from Rename stage.
 561500: system.cpu.commit: Trying to commit instructions in the ROB.
 561500: system.cpu.commit: [tid:0]: Can't commit, Instruction [sn:48] PC (0x401112=>0x401116).(0=>1) is head of ROB and not ready
 561500: system.cpu.commit: [tid:0]: ROB has 21 insts & 171 free entries.
 562000: system.cpu.fetch: Running stage.
 562000: system.cpu.fetch: Attempting to fetch from [tid:0]
 562000: system.cpu.fetch: [tid:0]: Adding instructions to queue to decode.
 562000: system.cpu.iq: Attempting to schedule ready instructions from the IQ.
 562000: system.cpu.iq: Not able to schedule any instructions.
 562000: system.cpu.commit: DefaultCommimt<Impl>::tick() begins
 562000: system.cpu.commit: Getting instructions from Rename stage.
 562000: system.cpu.commit: Trying to commit instructions in the ROB.
 562000: system.cpu.commit: [tid:0]: Can't commit, Instruction [sn:48] PC (0x401112=>0x401116).(0=>1) is head of ROB and not ready
 562000: system.cpu.commit: [tid:0]: ROB has 21 insts & 171 free entries.
 562500: system.cpu.fetch: Running stage.
 562500: system.cpu.fetch: Attempting to fetch from [tid:0]
 562500: system.cpu.fetch: [tid:0]: Adding instructions to queue to decode.
 562500: system.cpu.iq: Attempting to schedule ready instructions from the IQ.
 562500: system.cpu.iq: Not able to schedule any instructions.
 562500: system.cpu.commit: DefaultCommimt<Impl>::tick() begins
 562500: system.cpu.commit: Getting instructions from Rename stage.
 562500: system.cpu.commit: Trying to commit instructions in the ROB.
 562500: system.cpu.commit: [tid:0]: Can't commit, Instruction [sn:48] PC (0x401112=>0x401116).(0=>1) is head of ROB and not ready
 562500: system.cpu.commit: [tid:0]: ROB has 21 insts & 171 free entries.
 563000: system.cpu.fetch: Running stage.
 563000: system.cpu.fetch: Attempting to fetch from [tid:0]
 563000: system.cpu.fetch: [tid:0]: Adding instructions to queue to decode.
 563000: system.cpu.iq: Attempting to schedule ready instructions from the IQ.
 563000: system.cpu.iq: Not able to schedule any instructions.
 563000: system.cpu.commit: DefaultCommimt<Impl>::tick() begins
 563000: system.cpu.commit: Getting instructions from Rename stage.
 563000: system.cpu.commit: Trying to commit instructions in the ROB.
 563000: system.cpu.commit: [tid:0]: Can't commit, Instruction [sn:48] PC (0x401112=>0x401116).(0=>1) is head of ROB and not ready
 563000: system.cpu.commit: [tid:0]: ROB has 21 insts & 171 free entries.
 563500: system.cpu.fetch: Running stage.
 563500: system.cpu.fetch: Attempting to fetch from [tid:0]
 563500: system.cpu.fetch: [tid:0]: Adding instructions to queue to decode.
 563500: system.cpu.iq: Attempting to schedule ready instructions from the IQ.
 563500: system.cpu.iq: Not able to schedule any instructions.
 563500: system.cpu.commit: DefaultCommimt<Impl>::tick() begins
 563500: system.cpu.commit: Getting instructions from Rename stage.
 563500: system.cpu.commit: Trying to commit instructions in the ROB.
 563500: system.cpu.commit: [tid:0]: Can't commit, Instruction [sn:48] PC (0x401112=>0x401116).(0=>1) is head of ROB and not ready
 563500: system.cpu.commit: [tid:0]: ROB has 21 insts & 171 free entries.
 564000: system.cpu.fetch: Running stage.
 564000: system.cpu.fetch: Attempting to fetch from [tid:0]
 564000: system.cpu.fetch: [tid:0]: Adding instructions to queue to decode.
 564000: system.cpu.iq: Attempting to schedule ready instructions from the IQ.
 564000: system.cpu.iq: Not able to schedule any instructions.
 564000: system.cpu.commit: DefaultCommimt<Impl>::tick() begins
 564000: system.cpu.commit: Getting instructions from Rename stage.
 564000: system.cpu.commit: Trying to commit instructions in the ROB.
 564000: system.cpu.commit: [tid:0]: Can't commit, Instruction [sn:48] PC (0x401112=>0x401116).(0=>1) is head of ROB and not ready
 564000: system.cpu.commit: [tid:0]: ROB has 21 insts & 171 free entries.
 564500: system.cpu.fetch: Running stage.
 564500: system.cpu.fetch: Attempting to fetch from [tid:0]
 564500: system.cpu.fetch: [tid:0]: Adding instructions to queue to decode.
 564500: system.cpu.iq: Attempting to schedule ready instructions from the IQ.
 564500: system.cpu.iq: Not able to schedule any instructions.
 564500: system.cpu.commit: DefaultCommimt<Impl>::tick() begins
 564500: system.cpu.commit: Getting instructions from Rename stage.
 564500: system.cpu.commit: Trying to commit instructions in the ROB.
 564500: system.cpu.commit: [tid:0]: Can't commit, Instruction [sn:48] PC (0x401112=>0x401116).(0=>1) is head of ROB and not ready
 564500: system.cpu.commit: [tid:0]: ROB has 21 insts & 171 free entries.
 565000: system.cpu.fetch: Running stage.
 565000: system.cpu.fetch: Attempting to fetch from [tid:0]
 565000: system.cpu.fetch: [tid:0]: Adding instructions to queue to decode.
 565000: system.cpu.iq: Attempting to schedule ready instructions from the IQ.
 565000: system.cpu.iq: Not able to schedule any instructions.
 565000: system.cpu.commit: DefaultCommimt<Impl>::tick() begins
 565000: system.cpu.commit: Getting instructions from Rename stage.
 565000: system.cpu.commit: Trying to commit instructions in the ROB.
 565000: system.cpu.commit: [tid:0]: Can't commit, Instruction [sn:48] PC (0x401112=>0x401116).(0=>1) is head of ROB and not ready
 565000: system.cpu.commit: [tid:0]: ROB has 21 insts & 171 free entries.
 565500: system.cpu.fetch: Running stage.
 565500: system.cpu.fetch: Attempting to fetch from [tid:0]
 565500: system.cpu.fetch: [tid:0]: Adding instructions to queue to decode.
 565500: system.cpu.iq: Attempting to schedule ready instructions from the IQ.
 565500: system.cpu.iq: Not able to schedule any instructions.
 565500: system.cpu.commit: DefaultCommimt<Impl>::tick() begins
 565500: system.cpu.commit: Getting instructions from Rename stage.
 565500: system.cpu.commit: Trying to commit instructions in the ROB.
 565500: system.cpu.commit: [tid:0]: Can't commit, Instruction [sn:48] PC (0x401112=>0x401116).(0=>1) is head of ROB and not ready
 565500: system.cpu.commit: [tid:0]: ROB has 21 insts & 171 free entries.
 566000: system.cpu.fetch: Running stage.
 566000: system.cpu.fetch: Attempting to fetch from [tid:0]
 566000: system.cpu.fetch: [tid:0]: Adding instructions to queue to decode.
 566000: system.cpu.iq: Attempting to schedule ready instructions from the IQ.
 566000: system.cpu.iq: Not able to schedule any instructions.
 566000: system.cpu.commit: DefaultCommimt<Impl>::tick() begins
 566000: system.cpu.commit: Getting instructions from Rename stage.
 566000: system.cpu.commit: Trying to commit instructions in the ROB.
 566000: system.cpu.commit: [tid:0]: Can't commit, Instruction [sn:48] PC (0x401112=>0x401116).(0=>1) is head of ROB and not ready
 566000: system.cpu.commit: [tid:0]: ROB has 21 insts & 171 free entries.
 566500: system.cpu.fetch: Running stage.
 566500: system.cpu.fetch: Attempting to fetch from [tid:0]
 566500: system.cpu.fetch: [tid:0]: Adding instructions to queue to decode.
 566500: system.cpu.iq: Attempting to schedule ready instructions from the IQ.
 566500: system.cpu.iq: Not able to schedule any instructions.
 566500: system.cpu.commit: DefaultCommimt<Impl>::tick() begins
 566500: system.cpu.commit: Getting instructions from Rename stage.
 566500: system.cpu.commit: Trying to commit instructions in the ROB.
 566500: system.cpu.commit: [tid:0]: Can't commit, Instruction [sn:48] PC (0x401112=>0x401116).(0=>1) is head of ROB and not ready
 566500: system.cpu.commit: [tid:0]: ROB has 21 insts & 171 free entries.
 567000: system.cpu.fetch: Running stage.
 567000: system.cpu.fetch: Attempting to fetch from [tid:0]
 567000: system.cpu.fetch: [tid:0]: Adding instructions to queue to decode.
 567000: system.cpu.iq: Attempting to schedule ready instructions from the IQ.
 567000: system.cpu.iq: Not able to schedule any instructions.
 567000: system.cpu.commit: DefaultCommimt<Impl>::tick() begins
 567000: system.cpu.commit: Getting instructions from Rename stage.
 567000: system.cpu.commit: Trying to commit instructions in the ROB.
 567000: system.cpu.commit: [tid:0]: Can't commit, Instruction [sn:48] PC (0x401112=>0x401116).(0=>1) is head of ROB and not ready
 567000: system.cpu.commit: [tid:0]: ROB has 21 insts & 171 free entries.
 567500: system.cpu.fetch: Running stage.
 567500: system.cpu.fetch: Attempting to fetch from [tid:0]
 567500: system.cpu.fetch: [tid:0]: Adding instructions to queue to decode.
 567500: system.cpu.iq: Attempting to schedule ready instructions from the IQ.
 567500: system.cpu.iq: Not able to schedule any instructions.
 567500: system.cpu.commit: DefaultCommimt<Impl>::tick() begins
 567500: system.cpu.commit: Getting instructions from Rename stage.
 567500: system.cpu.commit: Trying to commit instructions in the ROB.
 567500: system.cpu.commit: [tid:0]: Can't commit, Instruction [sn:48] PC (0x401112=>0x401116).(0=>1) is head of ROB and not ready
 567500: system.cpu.commit: [tid:0]: ROB has 21 insts & 171 free entries.
 568000: system.cpu.fetch: Running stage.
 568000: system.cpu.fetch: Attempting to fetch from [tid:0]
 568000: system.cpu.fetch: [tid:0]: Adding instructions to queue to decode.
 568000: system.cpu.iq: Attempting to schedule ready instructions from the IQ.
 568000: system.cpu.iq: Not able to schedule any instructions.
 568000: system.cpu.commit: DefaultCommimt<Impl>::tick() begins
 568000: system.cpu.commit: Getting instructions from Rename stage.
 568000: system.cpu.commit: Trying to commit instructions in the ROB.
 568000: system.cpu.commit: [tid:0]: Can't commit, Instruction [sn:48] PC (0x401112=>0x401116).(0=>1) is head of ROB and not ready
 568000: system.cpu.commit: [tid:0]: ROB has 21 insts & 171 free entries.
 568500: system.cpu.fetch: Running stage.
 568500: system.cpu.fetch: Attempting to fetch from [tid:0]
 568500: system.cpu.fetch: [tid:0]: Adding instructions to queue to decode.
 568500: system.cpu.iq: Attempting to schedule ready instructions from the IQ.
 568500: system.cpu.iq: Not able to schedule any instructions.
 568500: system.cpu.commit: DefaultCommimt<Impl>::tick() begins
 568500: system.cpu.commit: Getting instructions from Rename stage.
 568500: system.cpu.commit: Trying to commit instructions in the ROB.
 568500: system.cpu.commit: [tid:0]: Can't commit, Instruction [sn:48] PC (0x401112=>0x401116).(0=>1) is head of ROB and not ready
 568500: system.cpu.commit: [tid:0]: ROB has 21 insts & 171 free entries.
 569000: system.cpu.fetch: Running stage.
 569000: system.cpu.fetch: Attempting to fetch from [tid:0]
 569000: system.cpu.fetch: [tid:0]: Adding instructions to queue to decode.
 569000: system.cpu.iq: Attempting to schedule ready instructions from the IQ.
 569000: system.cpu.iq: Not able to schedule any instructions.
 569000: system.cpu.commit: DefaultCommimt<Impl>::tick() begins
 569000: system.cpu.commit: Getting instructions from Rename stage.
 569000: system.cpu.commit: Trying to commit instructions in the ROB.
 569000: system.cpu.commit: [tid:0]: Can't commit, Instruction [sn:48] PC (0x401112=>0x401116).(0=>1) is head of ROB and not ready
 569000: system.cpu.commit: [tid:0]: ROB has 21 insts & 171 free entries.
 569500: system.cpu.fetch: Running stage.
 569500: system.cpu.fetch: Attempting to fetch from [tid:0]
 569500: system.cpu.fetch: [tid:0]: Adding instructions to queue to decode.
 569500: system.cpu.iq: Attempting to schedule ready instructions from the IQ.
 569500: system.cpu.iq: Not able to schedule any instructions.
 569500: system.cpu.commit: DefaultCommimt<Impl>::tick() begins
 569500: system.cpu.commit: Getting instructions from Rename stage.
 569500: system.cpu.commit: Trying to commit instructions in the ROB.
 569500: system.cpu.commit: [tid:0]: Can't commit, Instruction [sn:48] PC (0x401112=>0x401116).(0=>1) is head of ROB and not ready
 569500: system.cpu.commit: [tid:0]: ROB has 21 insts & 171 free entries.
 570000: system.cpu.fetch: Running stage.
 570000: system.cpu.fetch: Attempting to fetch from [tid:0]
 570000: system.cpu.fetch: [tid:0]: Adding instructions to queue to decode.
 570000: system.cpu.iq: Attempting to schedule ready instructions from the IQ.
 570000: system.cpu.iq: Not able to schedule any instructions.
 570000: system.cpu.commit: DefaultCommimt<Impl>::tick() begins
 570000: system.cpu.commit: Getting instructions from Rename stage.
 570000: system.cpu.commit: Trying to commit instructions in the ROB.
 570000: system.cpu.commit: [tid:0]: Can't commit, Instruction [sn:48] PC (0x401112=>0x401116).(0=>1) is head of ROB and not ready
 570000: system.cpu.commit: [tid:0]: ROB has 21 insts & 171 free entries.
 570500: system.cpu.fetch: Running stage.
 570500: system.cpu.fetch: Attempting to fetch from [tid:0]
 570500: system.cpu.fetch: [tid:0]: Adding instructions to queue to decode.
 570500: system.cpu.iq: Attempting to schedule ready instructions from the IQ.
 570500: system.cpu.iq: Not able to schedule any instructions.
 570500: system.cpu.commit: DefaultCommimt<Impl>::tick() begins
 570500: system.cpu.commit: Getting instructions from Rename stage.
 570500: system.cpu.commit: Trying to commit instructions in the ROB.
 570500: system.cpu.commit: [tid:0]: Can't commit, Instruction [sn:48] PC (0x401112=>0x401116).(0=>1) is head of ROB and not ready
 570500: system.cpu.commit: [tid:0]: ROB has 21 insts & 171 free entries.
 571000: system.cpu.fetch: Running stage.
 571000: system.cpu.fetch: Attempting to fetch from [tid:0]
 571000: system.cpu.fetch: [tid:0]: Adding instructions to queue to decode.
 571000: system.cpu.iq: Attempting to schedule ready instructions from the IQ.
 571000: system.cpu.iq: Not able to schedule any instructions.
 571000: system.cpu.commit: DefaultCommimt<Impl>::tick() begins
 571000: system.cpu.commit: Getting instructions from Rename stage.
 571000: system.cpu.commit: Trying to commit instructions in the ROB.
 571000: system.cpu.commit: [tid:0]: Can't commit, Instruction [sn:48] PC (0x401112=>0x401116).(0=>1) is head of ROB and not ready
 571000: system.cpu.commit: [tid:0]: ROB has 21 insts & 171 free entries.
 571500: system.cpu.fetch: Running stage.
 571500: system.cpu.fetch: Attempting to fetch from [tid:0]
 571500: system.cpu.fetch: [tid:0]: Adding instructions to queue to decode.
 571500: system.cpu.iq: Attempting to schedule ready instructions from the IQ.
 571500: system.cpu.iq: Not able to schedule any instructions.
 571500: system.cpu.commit: DefaultCommimt<Impl>::tick() begins
 571500: system.cpu.commit: Getting instructions from Rename stage.
 571500: system.cpu.commit: Trying to commit instructions in the ROB.
 571500: system.cpu.commit: [tid:0]: Can't commit, Instruction [sn:48] PC (0x401112=>0x401116).(0=>1) is head of ROB and not ready
 571500: system.cpu.commit: [tid:0]: ROB has 21 insts & 171 free entries.
 572000: system.cpu.fetch: Running stage.
 572000: system.cpu.fetch: Attempting to fetch from [tid:0]
 572000: system.cpu.fetch: [tid:0]: Adding instructions to queue to decode.
 572000: system.cpu.iq: Attempting to schedule ready instructions from the IQ.
 572000: system.cpu.iq: Not able to schedule any instructions.
 572000: system.cpu.commit: DefaultCommimt<Impl>::tick() begins
 572000: system.cpu.commit: Getting instructions from Rename stage.
 572000: system.cpu.commit: Trying to commit instructions in the ROB.
 572000: system.cpu.commit: [tid:0]: Can't commit, Instruction [sn:48] PC (0x401112=>0x401116).(0=>1) is head of ROB and not ready
 572000: system.cpu.commit: [tid:0]: ROB has 21 insts & 171 free entries.
 572500: system.cpu.fetch: Running stage.
 572500: system.cpu.fetch: Attempting to fetch from [tid:0]
 572500: system.cpu.fetch: [tid:0]: Adding instructions to queue to decode.
 572500: system.cpu.iq: Attempting to schedule ready instructions from the IQ.
 572500: system.cpu.iq: Not able to schedule any instructions.
 572500: system.cpu.commit: DefaultCommimt<Impl>::tick() begins
 572500: system.cpu.commit: Getting instructions from Rename stage.
 572500: system.cpu.commit: Trying to commit instructions in the ROB.
 572500: system.cpu.commit: [tid:0]: Can't commit, Instruction [sn:48] PC (0x401112=>0x401116).(0=>1) is head of ROB and not ready
 572500: system.cpu.commit: [tid:0]: ROB has 21 insts & 171 free entries.
 573000: system.cpu.fetch: Running stage.
 573000: system.cpu.fetch: Attempting to fetch from [tid:0]
 573000: system.cpu.fetch: [tid:0]: Adding instructions to queue to decode.
 573000: system.cpu.iq: Attempting to schedule ready instructions from the IQ.
 573000: system.cpu.iq: Not able to schedule any instructions.
 573000: system.cpu.commit: DefaultCommimt<Impl>::tick() begins
 573000: system.cpu.commit: Getting instructions from Rename stage.
 573000: system.cpu.commit: Trying to commit instructions in the ROB.
 573000: system.cpu.commit: [tid:0]: Can't commit, Instruction [sn:48] PC (0x401112=>0x401116).(0=>1) is head of ROB and not ready
 573000: system.cpu.commit: [tid:0]: ROB has 21 insts & 171 free entries.
 573500: system.cpu.fetch: Running stage.
 573500: system.cpu.fetch: Attempting to fetch from [tid:0]
 573500: system.cpu.fetch: [tid:0]: Adding instructions to queue to decode.
 573500: system.cpu.iq: Attempting to schedule ready instructions from the IQ.
 573500: system.cpu.iq: Not able to schedule any instructions.
 573500: system.cpu.commit: DefaultCommimt<Impl>::tick() begins
 573500: system.cpu.commit: Getting instructions from Rename stage.
 573500: system.cpu.commit: Trying to commit instructions in the ROB.
 573500: system.cpu.commit: [tid:0]: Can't commit, Instruction [sn:48] PC (0x401112=>0x401116).(0=>1) is head of ROB and not ready
 573500: system.cpu.commit: [tid:0]: ROB has 21 insts & 171 free entries.
 574000: system.cpu.fetch: Running stage.
 574000: system.cpu.fetch: Attempting to fetch from [tid:0]
 574000: system.cpu.fetch: [tid:0]: Adding instructions to queue to decode.
 574000: system.cpu.iq: Attempting to schedule ready instructions from the IQ.
 574000: system.cpu.iq: Not able to schedule any instructions.
 574000: system.cpu.commit: DefaultCommimt<Impl>::tick() begins
 574000: system.cpu.commit: Getting instructions from Rename stage.
 574000: system.cpu.commit: Trying to commit instructions in the ROB.
 574000: system.cpu.commit: [tid:0]: Can't commit, Instruction [sn:48] PC (0x401112=>0x401116).(0=>1) is head of ROB and not ready
 574000: system.cpu.commit: [tid:0]: ROB has 21 insts & 171 free entries.
 574500: system.cpu.fetch: Running stage.
 574500: system.cpu.fetch: Attempting to fetch from [tid:0]
 574500: system.cpu.fetch: [tid:0]: Adding instructions to queue to decode.
 574500: system.cpu.iq: Attempting to schedule ready instructions from the IQ.
 574500: system.cpu.iq: Not able to schedule any instructions.
 574500: system.cpu.commit: DefaultCommimt<Impl>::tick() begins
 574500: system.cpu.commit: Getting instructions from Rename stage.
 574500: system.cpu.commit: Trying to commit instructions in the ROB.
 574500: system.cpu.commit: [tid:0]: Can't commit, Instruction [sn:48] PC (0x401112=>0x401116).(0=>1) is head of ROB and not ready
 574500: system.cpu.commit: [tid:0]: ROB has 21 insts & 171 free entries.
 575000: system.cpu.fetch: Running stage.
 575000: system.cpu.fetch: Attempting to fetch from [tid:0]
 575000: system.cpu.fetch: [tid:0]: Adding instructions to queue to decode.
 575000: system.cpu.iq: Attempting to schedule ready instructions from the IQ.
 575000: system.cpu.iq: Not able to schedule any instructions.
 575000: system.cpu.commit: DefaultCommimt<Impl>::tick() begins
 575000: system.cpu.commit: Getting instructions from Rename stage.
 575000: system.cpu.commit: Trying to commit instructions in the ROB.
 575000: system.cpu.commit: [tid:0]: Can't commit, Instruction [sn:48] PC (0x401112=>0x401116).(0=>1) is head of ROB and not ready
 575000: system.cpu.commit: [tid:0]: ROB has 21 insts & 171 free entries.
 575500: system.cpu.fetch: Running stage.
 575500: system.cpu.fetch: Attempting to fetch from [tid:0]
 575500: system.cpu.fetch: [tid:0]: Adding instructions to queue to decode.
 575500: system.cpu.iq: Attempting to schedule ready instructions from the IQ.
 575500: system.cpu.iq: Not able to schedule any instructions.
 575500: system.cpu.commit: DefaultCommimt<Impl>::tick() begins
 575500: system.cpu.commit: Getting instructions from Rename stage.
 575500: system.cpu.commit: Trying to commit instructions in the ROB.
 575500: system.cpu.commit: [tid:0]: Can't commit, Instruction [sn:48] PC (0x401112=>0x401116).(0=>1) is head of ROB and not ready
 575500: system.cpu.commit: [tid:0]: ROB has 21 insts & 171 free entries.
 576000: system.cpu.fetch: Running stage.
 576000: system.cpu.fetch: Attempting to fetch from [tid:0]
 576000: system.cpu.fetch: [tid:0]: Adding instructions to queue to decode.
 576000: system.cpu.iq: Attempting to schedule ready instructions from the IQ.
 576000: system.cpu.iq: Not able to schedule any instructions.
 576000: system.cpu.commit: DefaultCommimt<Impl>::tick() begins
 576000: system.cpu.commit: Getting instructions from Rename stage.
 576000: system.cpu.commit: Trying to commit instructions in the ROB.
 576000: system.cpu.commit: [tid:0]: Can't commit, Instruction [sn:48] PC (0x401112=>0x401116).(0=>1) is head of ROB and not ready
 576000: system.cpu.commit: [tid:0]: ROB has 21 insts & 171 free entries.
 576500: system.cpu.fetch: Running stage.
 576500: system.cpu.fetch: Attempting to fetch from [tid:0]
 576500: system.cpu.fetch: [tid:0]: Adding instructions to queue to decode.
 576500: system.cpu.iq: Attempting to schedule ready instructions from the IQ.
 576500: system.cpu.iq: Not able to schedule any instructions.
 576500: system.cpu.commit: DefaultCommimt<Impl>::tick() begins
 576500: system.cpu.commit: Getting instructions from Rename stage.
 576500: system.cpu.commit: Trying to commit instructions in the ROB.
 576500: system.cpu.commit: [tid:0]: Can't commit, Instruction [sn:48] PC (0x401112=>0x401116).(0=>1) is head of ROB and not ready
 576500: system.cpu.commit: [tid:0]: ROB has 21 insts & 171 free entries.
 577000: system.cpu.fetch: Running stage.
 577000: system.cpu.fetch: Attempting to fetch from [tid:0]
 577000: system.cpu.fetch: [tid:0]: Adding instructions to queue to decode.
 577000: system.cpu.iq: Attempting to schedule ready instructions from the IQ.
 577000: system.cpu.iq: Not able to schedule any instructions.
 577000: system.cpu.commit: DefaultCommimt<Impl>::tick() begins
 577000: system.cpu.commit: Getting instructions from Rename stage.
 577000: system.cpu.commit: Trying to commit instructions in the ROB.
 577000: system.cpu.commit: [tid:0]: Can't commit, Instruction [sn:48] PC (0x401112=>0x401116).(0=>1) is head of ROB and not ready
 577000: system.cpu.commit: [tid:0]: ROB has 21 insts & 171 free entries.
 577500: system.cpu.fetch: Running stage.
 577500: system.cpu.fetch: Attempting to fetch from [tid:0]
 577500: system.cpu.fetch: [tid:0]: Adding instructions to queue to decode.
 577500: system.cpu.iq: Attempting to schedule ready instructions from the IQ.
 577500: system.cpu.iq: Not able to schedule any instructions.
 577500: system.cpu.commit: DefaultCommimt<Impl>::tick() begins
 577500: system.cpu.commit: Getting instructions from Rename stage.
 577500: system.cpu.commit: Trying to commit instructions in the ROB.
 577500: system.cpu.commit: [tid:0]: Can't commit, Instruction [sn:48] PC (0x401112=>0x401116).(0=>1) is head of ROB and not ready
 577500: system.cpu.commit: [tid:0]: ROB has 21 insts & 171 free entries.
 578000: system.cpu.fetch: Running stage.
 578000: system.cpu.fetch: Attempting to fetch from [tid:0]
 578000: system.cpu.fetch: [tid:0]: Adding instructions to queue to decode.
 578000: system.cpu.iq: Attempting to schedule ready instructions from the IQ.
 578000: system.cpu.iq: Not able to schedule any instructions.
 578000: system.cpu.commit: DefaultCommimt<Impl>::tick() begins
 578000: system.cpu.commit: Getting instructions from Rename stage.
 578000: system.cpu.commit: Trying to commit instructions in the ROB.
 578000: system.cpu.commit: [tid:0]: Can't commit, Instruction [sn:48] PC (0x401112=>0x401116).(0=>1) is head of ROB and not ready
 578000: system.cpu.commit: [tid:0]: ROB has 21 insts & 171 free entries.
 578500: system.cpu.fetch: Running stage.
 578500: system.cpu.fetch: Attempting to fetch from [tid:0]
 578500: system.cpu.fetch: [tid:0]: Adding instructions to queue to decode.
 578500: system.cpu.iq: Attempting to schedule ready instructions from the IQ.
 578500: system.cpu.iq: Not able to schedule any instructions.
 578500: system.cpu.commit: DefaultCommimt<Impl>::tick() begins
 578500: system.cpu.commit: Getting instructions from Rename stage.
 578500: system.cpu.commit: Trying to commit instructions in the ROB.
 578500: system.cpu.commit: [tid:0]: Can't commit, Instruction [sn:48] PC (0x401112=>0x401116).(0=>1) is head of ROB and not ready
 578500: system.cpu.commit: [tid:0]: ROB has 21 insts & 171 free entries.
 579000: system.cpu.fetch: Running stage.
 579000: system.cpu.fetch: Attempting to fetch from [tid:0]
 579000: system.cpu.fetch: [tid:0]: Adding instructions to queue to decode.
 579000: system.cpu.iq: Attempting to schedule ready instructions from the IQ.
 579000: system.cpu.iq: Not able to schedule any instructions.
 579000: system.cpu.commit: DefaultCommimt<Impl>::tick() begins
 579000: system.cpu.commit: Getting instructions from Rename stage.
 579000: system.cpu.commit: Trying to commit instructions in the ROB.
 579000: system.cpu.commit: [tid:0]: Can't commit, Instruction [sn:48] PC (0x401112=>0x401116).(0=>1) is head of ROB and not ready
 579000: system.cpu.commit: [tid:0]: ROB has 21 insts & 171 free entries.
 579500: system.cpu.fetch: Running stage.
 579500: system.cpu.fetch: Attempting to fetch from [tid:0]
 579500: system.cpu.fetch: [tid:0]: Adding instructions to queue to decode.
 579500: system.cpu.iq: Attempting to schedule ready instructions from the IQ.
 579500: system.cpu.iq: Not able to schedule any instructions.
 579500: system.cpu.commit: DefaultCommimt<Impl>::tick() begins
 579500: system.cpu.commit: Getting instructions from Rename stage.
 579500: system.cpu.commit: Trying to commit instructions in the ROB.
 579500: system.cpu.commit: [tid:0]: Can't commit, Instruction [sn:48] PC (0x401112=>0x401116).(0=>1) is head of ROB and not ready
 579500: system.cpu.commit: [tid:0]: ROB has 21 insts & 171 free entries.
 580000: system.cpu.fetch: Running stage.
 580000: system.cpu.fetch: Attempting to fetch from [tid:0]
 580000: system.cpu.fetch: [tid:0]: Adding instructions to queue to decode.
 580000: system.cpu.iq: Attempting to schedule ready instructions from the IQ.
 580000: system.cpu.iq: Not able to schedule any instructions.
 580000: system.cpu.commit: DefaultCommimt<Impl>::tick() begins
 580000: system.cpu.commit: Getting instructions from Rename stage.
 580000: system.cpu.commit: Trying to commit instructions in the ROB.
 580000: system.cpu.commit: [tid:0]: Can't commit, Instruction [sn:48] PC (0x401112=>0x401116).(0=>1) is head of ROB and not ready
 580000: system.cpu.commit: [tid:0]: ROB has 21 insts & 171 free entries.
 580500: system.cpu.fetch: Running stage.
 580500: system.cpu.fetch: Attempting to fetch from [tid:0]
 580500: system.cpu.fetch: [tid:0]: Adding instructions to queue to decode.
 580500: system.cpu.iq: Attempting to schedule ready instructions from the IQ.
 580500: system.cpu.iq: Not able to schedule any instructions.
 580500: system.cpu.commit: DefaultCommimt<Impl>::tick() begins
 580500: system.cpu.commit: Getting instructions from Rename stage.
 580500: system.cpu.commit: Trying to commit instructions in the ROB.
 580500: system.cpu.commit: [tid:0]: Can't commit, Instruction [sn:48] PC (0x401112=>0x401116).(0=>1) is head of ROB and not ready
 580500: system.cpu.commit: [tid:0]: ROB has 21 insts & 171 free entries.
 581000: system.cpu.fetch: Running stage.
 581000: system.cpu.fetch: Attempting to fetch from [tid:0]
 581000: system.cpu.fetch: [tid:0]: Adding instructions to queue to decode.
 581000: system.cpu.iq: Attempting to schedule ready instructions from the IQ.
 581000: system.cpu.iq: Not able to schedule any instructions.
 581000: system.cpu.commit: DefaultCommimt<Impl>::tick() begins
 581000: system.cpu.commit: Getting instructions from Rename stage.
 581000: system.cpu.commit: Trying to commit instructions in the ROB.
 581000: system.cpu.commit: [tid:0]: Can't commit, Instruction [sn:48] PC (0x401112=>0x401116).(0=>1) is head of ROB and not ready
 581000: system.cpu.commit: [tid:0]: ROB has 21 insts & 171 free entries.
 581500: system.cpu.fetch: Running stage.
 581500: system.cpu.fetch: Attempting to fetch from [tid:0]
 581500: system.cpu.fetch: [tid:0]: Adding instructions to queue to decode.
 581500: system.cpu.iq: Attempting to schedule ready instructions from the IQ.
 581500: system.cpu.iq: Not able to schedule any instructions.
 581500: system.cpu.commit: DefaultCommimt<Impl>::tick() begins
 581500: system.cpu.commit: Getting instructions from Rename stage.
 581500: system.cpu.commit: Trying to commit instructions in the ROB.
 581500: system.cpu.commit: [tid:0]: Can't commit, Instruction [sn:48] PC (0x401112=>0x401116).(0=>1) is head of ROB and not ready
 581500: system.cpu.commit: [tid:0]: ROB has 21 insts & 171 free entries.
 582000: system.cpu.fetch: Running stage.
 582000: system.cpu.fetch: Attempting to fetch from [tid:0]
 582000: system.cpu.fetch: [tid:0]: Adding instructions to queue to decode.
 582000: system.cpu.iq: Attempting to schedule ready instructions from the IQ.
 582000: system.cpu.iq: Not able to schedule any instructions.
 582000: system.cpu.commit: DefaultCommimt<Impl>::tick() begins
 582000: system.cpu.commit: Getting instructions from Rename stage.
 582000: system.cpu.commit: Trying to commit instructions in the ROB.
 582000: system.cpu.commit: [tid:0]: Can't commit, Instruction [sn:48] PC (0x401112=>0x401116).(0=>1) is head of ROB and not ready
 582000: system.cpu.commit: [tid:0]: ROB has 21 insts & 171 free entries.
 582500: system.cpu.fetch: Running stage.
 582500: system.cpu.fetch: Attempting to fetch from [tid:0]
 582500: system.cpu.fetch: [tid:0]: Adding instructions to queue to decode.
 582500: system.cpu.iq: Attempting to schedule ready instructions from the IQ.
 582500: system.cpu.iq: Not able to schedule any instructions.
 582500: system.cpu.commit: DefaultCommimt<Impl>::tick() begins
 582500: system.cpu.commit: Getting instructions from Rename stage.
 582500: system.cpu.commit: Trying to commit instructions in the ROB.
 582500: system.cpu.commit: [tid:0]: Can't commit, Instruction [sn:48] PC (0x401112=>0x401116).(0=>1) is head of ROB and not ready
 582500: system.cpu.commit: [tid:0]: ROB has 21 insts & 171 free entries.
 583000: system.cpu.fetch: Running stage.
 583000: system.cpu.fetch: Attempting to fetch from [tid:0]
 583000: system.cpu.fetch: [tid:0]: Adding instructions to queue to decode.
 583000: system.cpu.iq: Attempting to schedule ready instructions from the IQ.
 583000: system.cpu.iq: Not able to schedule any instructions.
 583000: system.cpu.commit: DefaultCommimt<Impl>::tick() begins
 583000: system.cpu.commit: Getting instructions from Rename stage.
 583000: system.cpu.commit: Trying to commit instructions in the ROB.
 583000: system.cpu.commit: [tid:0]: Can't commit, Instruction [sn:48] PC (0x401112=>0x401116).(0=>1) is head of ROB and not ready
 583000: system.cpu.commit: [tid:0]: ROB has 21 insts & 171 free entries.
 583500: system.cpu.fetch: Running stage.
 583500: system.cpu.fetch: Attempting to fetch from [tid:0]
 583500: system.cpu.fetch: [tid:0]: Adding instructions to queue to decode.
 583500: system.cpu.iq: Attempting to schedule ready instructions from the IQ.
 583500: system.cpu.iq: Not able to schedule any instructions.
 583500: system.cpu.commit: DefaultCommimt<Impl>::tick() begins
 583500: system.cpu.commit: Getting instructions from Rename stage.
 583500: system.cpu.commit: Trying to commit instructions in the ROB.
 583500: system.cpu.commit: [tid:0]: Can't commit, Instruction [sn:48] PC (0x401112=>0x401116).(0=>1) is head of ROB and not ready
 583500: system.cpu.commit: [tid:0]: ROB has 21 insts & 171 free entries.
 584000: system.cpu.fetch: Running stage.
 584000: system.cpu.fetch: Attempting to fetch from [tid:0]
 584000: system.cpu.fetch: [tid:0]: Adding instructions to queue to decode.
 584000: system.cpu.iq: Attempting to schedule ready instructions from the IQ.
 584000: system.cpu.iq: Not able to schedule any instructions.
 584000: system.cpu.commit: DefaultCommimt<Impl>::tick() begins
 584000: system.cpu.commit: Getting instructions from Rename stage.
 584000: system.cpu.commit: Trying to commit instructions in the ROB.
 584000: system.cpu.commit: [tid:0]: Can't commit, Instruction [sn:48] PC (0x401112=>0x401116).(0=>1) is head of ROB and not ready
 584000: system.cpu.commit: [tid:0]: ROB has 21 insts & 171 free entries.
 584500: system.cpu.fetch: Running stage.
 584500: system.cpu.fetch: Attempting to fetch from [tid:0]
 584500: system.cpu.fetch: [tid:0]: Adding instructions to queue to decode.
 584500: system.cpu.iq: Attempting to schedule ready instructions from the IQ.
 584500: system.cpu.iq: Not able to schedule any instructions.
 584500: system.cpu.commit: DefaultCommimt<Impl>::tick() begins
 584500: system.cpu.commit: Getting instructions from Rename stage.
 584500: system.cpu.commit: Trying to commit instructions in the ROB.
 584500: system.cpu.commit: [tid:0]: Can't commit, Instruction [sn:48] PC (0x401112=>0x401116).(0=>1) is head of ROB and not ready
 584500: system.cpu.commit: [tid:0]: ROB has 21 insts & 171 free entries.
 585000: system.cpu.fetch: Running stage.
 585000: system.cpu.fetch: Attempting to fetch from [tid:0]
 585000: system.cpu.fetch: [tid:0]: Adding instructions to queue to decode.
 585000: system.cpu.iq: Attempting to schedule ready instructions from the IQ.
 585000: system.cpu.iq: Not able to schedule any instructions.
 585000: system.cpu.commit: DefaultCommimt<Impl>::tick() begins
 585000: system.cpu.commit: Getting instructions from Rename stage.
 585000: system.cpu.commit: Trying to commit instructions in the ROB.
 585000: system.cpu.commit: [tid:0]: Can't commit, Instruction [sn:48] PC (0x401112=>0x401116).(0=>1) is head of ROB and not ready
 585000: system.cpu.commit: [tid:0]: ROB has 21 insts & 171 free entries.
 585500: system.cpu.fetch: Running stage.
 585500: system.cpu.fetch: Attempting to fetch from [tid:0]
 585500: system.cpu.fetch: [tid:0]: Adding instructions to queue to decode.
 585500: system.cpu.iq: Attempting to schedule ready instructions from the IQ.
 585500: system.cpu.iq: Not able to schedule any instructions.
 585500: system.cpu.commit: DefaultCommimt<Impl>::tick() begins
 585500: system.cpu.commit: Getting instructions from Rename stage.
 585500: system.cpu.commit: Trying to commit instructions in the ROB.
 585500: system.cpu.commit: [tid:0]: Can't commit, Instruction [sn:48] PC (0x401112=>0x401116).(0=>1) is head of ROB and not ready
 585500: system.cpu.commit: [tid:0]: ROB has 21 insts & 171 free entries.
 586000: system.cpu.fetch: Running stage.
 586000: system.cpu.fetch: Attempting to fetch from [tid:0]
 586000: system.cpu.fetch: [tid:0]: Adding instructions to queue to decode.
 586000: system.cpu.iq: Attempting to schedule ready instructions from the IQ.
 586000: system.cpu.iq: Not able to schedule any instructions.
 586000: system.cpu.commit: DefaultCommimt<Impl>::tick() begins
 586000: system.cpu.commit: Getting instructions from Rename stage.
 586000: system.cpu.commit: Trying to commit instructions in the ROB.
 586000: system.cpu.commit: [tid:0]: Can't commit, Instruction [sn:48] PC (0x401112=>0x401116).(0=>1) is head of ROB and not ready
 586000: system.cpu.commit: [tid:0]: ROB has 21 insts & 171 free entries.
 586500: system.cpu.fetch: Running stage.
 586500: system.cpu.fetch: Attempting to fetch from [tid:0]
 586500: system.cpu.fetch: [tid:0]: Adding instructions to queue to decode.
 586500: system.cpu.iq: Attempting to schedule ready instructions from the IQ.
 586500: system.cpu.iq: Not able to schedule any instructions.
 586500: system.cpu.commit: DefaultCommimt<Impl>::tick() begins
 586500: system.cpu.commit: Getting instructions from Rename stage.
 586500: system.cpu.commit: Trying to commit instructions in the ROB.
 586500: system.cpu.commit: [tid:0]: Can't commit, Instruction [sn:48] PC (0x401112=>0x401116).(0=>1) is head of ROB and not ready
 586500: system.cpu.commit: [tid:0]: ROB has 21 insts & 171 free entries.
 587000: system.cpu.fetch: Running stage.
 587000: system.cpu.fetch: Attempting to fetch from [tid:0]
 587000: system.cpu.fetch: [tid:0]: Adding instructions to queue to decode.
 587000: system.cpu.iq: Attempting to schedule ready instructions from the IQ.
 587000: system.cpu.iq: Not able to schedule any instructions.
 587000: system.cpu.commit: DefaultCommimt<Impl>::tick() begins
 587000: system.cpu.commit: Getting instructions from Rename stage.
 587000: system.cpu.commit: Trying to commit instructions in the ROB.
 587000: system.cpu.commit: [tid:0]: Can't commit, Instruction [sn:48] PC (0x401112=>0x401116).(0=>1) is head of ROB and not ready
 587000: system.cpu.commit: [tid:0]: ROB has 21 insts & 171 free entries.
 587500: system.cpu.fetch: Running stage.
 587500: system.cpu.fetch: Attempting to fetch from [tid:0]
 587500: system.cpu.fetch: [tid:0]: Adding instructions to queue to decode.
 587500: system.cpu.iq: Attempting to schedule ready instructions from the IQ.
 587500: system.cpu.iq: Not able to schedule any instructions.
 587500: system.cpu.commit: DefaultCommimt<Impl>::tick() begins
 587500: system.cpu.commit: Getting instructions from Rename stage.
 587500: system.cpu.commit: Trying to commit instructions in the ROB.
 587500: system.cpu.commit: [tid:0]: Can't commit, Instruction [sn:48] PC (0x401112=>0x401116).(0=>1) is head of ROB and not ready
 587500: system.cpu.commit: [tid:0]: ROB has 21 insts & 171 free entries.
 588000: system.cpu.fetch: Running stage.
 588000: system.cpu.fetch: Attempting to fetch from [tid:0]
 588000: system.cpu.fetch: [tid:0]: Adding instructions to queue to decode.
 588000: system.cpu.iq: Attempting to schedule ready instructions from the IQ.
 588000: system.cpu.iq: Not able to schedule any instructions.
 588000: system.cpu.commit: DefaultCommimt<Impl>::tick() begins
 588000: system.cpu.commit: Getting instructions from Rename stage.
 588000: system.cpu.commit: Trying to commit instructions in the ROB.
 588000: system.cpu.commit: [tid:0]: Can't commit, Instruction [sn:48] PC (0x401112=>0x401116).(0=>1) is head of ROB and not ready
 588000: system.cpu.commit: [tid:0]: ROB has 21 insts & 171 free entries.
 588500: system.cpu.fetch: Running stage.
 588500: system.cpu.fetch: Attempting to fetch from [tid:0]
 588500: system.cpu.fetch: [tid:0]: Adding instructions to queue to decode.
 588500: system.cpu.iq: Attempting to schedule ready instructions from the IQ.
 588500: system.cpu.iq: Not able to schedule any instructions.
 588500: system.cpu.commit: DefaultCommimt<Impl>::tick() begins
 588500: system.cpu.commit: Getting instructions from Rename stage.
 588500: system.cpu.commit: Trying to commit instructions in the ROB.
 588500: system.cpu.commit: [tid:0]: Can't commit, Instruction [sn:48] PC (0x401112=>0x401116).(0=>1) is head of ROB and not ready
 588500: system.cpu.commit: [tid:0]: ROB has 21 insts & 171 free entries.
 589000: system.cpu.fetch: Running stage.
 589000: system.cpu.fetch: Attempting to fetch from [tid:0]
 589000: system.cpu.fetch: [tid:0]: Adding instructions to queue to decode.
 589000: system.cpu.iq: Attempting to schedule ready instructions from the IQ.
 589000: system.cpu.iq: Not able to schedule any instructions.
 589000: system.cpu.commit: DefaultCommimt<Impl>::tick() begins
 589000: system.cpu.commit: Getting instructions from Rename stage.
 589000: system.cpu.commit: Trying to commit instructions in the ROB.
 589000: system.cpu.commit: [tid:0]: Can't commit, Instruction [sn:48] PC (0x401112=>0x401116).(0=>1) is head of ROB and not ready
 589000: system.cpu.commit: [tid:0]: ROB has 21 insts & 171 free entries.
 589500: system.cpu.fetch: Running stage.
 589500: system.cpu.fetch: Attempting to fetch from [tid:0]
 589500: system.cpu.fetch: [tid:0]: Adding instructions to queue to decode.
 589500: system.cpu.iq: Attempting to schedule ready instructions from the IQ.
 589500: system.cpu.iq: Not able to schedule any instructions.
 589500: system.cpu.commit: DefaultCommimt<Impl>::tick() begins
 589500: system.cpu.commit: Getting instructions from Rename stage.
 589500: system.cpu.commit: Trying to commit instructions in the ROB.
 589500: system.cpu.commit: [tid:0]: Can't commit, Instruction [sn:48] PC (0x401112=>0x401116).(0=>1) is head of ROB and not ready
 589500: system.cpu.commit: [tid:0]: ROB has 21 insts & 171 free entries.
 590000: system.cpu.fetch: Running stage.
 590000: system.cpu.fetch: Attempting to fetch from [tid:0]
 590000: system.cpu.fetch: [tid:0]: Adding instructions to queue to decode.
 590000: system.cpu.iq: Attempting to schedule ready instructions from the IQ.
 590000: system.cpu.iq: Not able to schedule any instructions.
 590000: system.cpu.commit: DefaultCommimt<Impl>::tick() begins
 590000: system.cpu.commit: Getting instructions from Rename stage.
 590000: system.cpu.commit: Trying to commit instructions in the ROB.
 590000: system.cpu.commit: [tid:0]: Can't commit, Instruction [sn:48] PC (0x401112=>0x401116).(0=>1) is head of ROB and not ready
 590000: system.cpu.commit: [tid:0]: ROB has 21 insts & 171 free entries.
 590500: system.cpu.fetch: Running stage.
 590500: system.cpu.fetch: Attempting to fetch from [tid:0]
 590500: system.cpu.fetch: [tid:0]: Adding instructions to queue to decode.
 590500: system.cpu.iq: Attempting to schedule ready instructions from the IQ.
 590500: system.cpu.iq: Not able to schedule any instructions.
 590500: system.cpu.commit: DefaultCommimt<Impl>::tick() begins
 590500: system.cpu.commit: Getting instructions from Rename stage.
 590500: system.cpu.commit: Trying to commit instructions in the ROB.
 590500: system.cpu.commit: [tid:0]: Can't commit, Instruction [sn:48] PC (0x401112=>0x401116).(0=>1) is head of ROB and not ready
 590500: system.cpu.commit: [tid:0]: ROB has 21 insts & 171 free entries.
 591000: system.cpu.fetch: Running stage.
 591000: system.cpu.fetch: Attempting to fetch from [tid:0]
 591000: system.cpu.fetch: [tid:0]: Adding instructions to queue to decode.
 591000: system.cpu.iq: Attempting to schedule ready instructions from the IQ.
 591000: system.cpu.iq: Not able to schedule any instructions.
 591000: system.cpu.commit: DefaultCommimt<Impl>::tick() begins
 591000: system.cpu.commit: Getting instructions from Rename stage.
 591000: system.cpu.commit: Trying to commit instructions in the ROB.
 591000: system.cpu.commit: [tid:0]: Can't commit, Instruction [sn:48] PC (0x401112=>0x401116).(0=>1) is head of ROB and not ready
 591000: system.cpu.commit: [tid:0]: ROB has 21 insts & 171 free entries.
 591500: system.cpu.fetch: Running stage.
 591500: system.cpu.fetch: Attempting to fetch from [tid:0]
 591500: system.cpu.fetch: [tid:0]: Adding instructions to queue to decode.
 591500: system.cpu.iq: Attempting to schedule ready instructions from the IQ.
 591500: system.cpu.iq: Not able to schedule any instructions.
 591500: system.cpu.commit: DefaultCommimt<Impl>::tick() begins
 591500: system.cpu.commit: Getting instructions from Rename stage.
 591500: system.cpu.commit: Trying to commit instructions in the ROB.
 591500: system.cpu.commit: [tid:0]: Can't commit, Instruction [sn:48] PC (0x401112=>0x401116).(0=>1) is head of ROB and not ready
 591500: system.cpu.commit: [tid:0]: ROB has 21 insts & 171 free entries.
 592000: system.cpu.fetch: Running stage.
 592000: system.cpu.fetch: Attempting to fetch from [tid:0]
 592000: system.cpu.fetch: [tid:0]: Adding instructions to queue to decode.
 592000: system.cpu.iq: Attempting to schedule ready instructions from the IQ.
 592000: system.cpu.iq: Not able to schedule any instructions.
 592000: system.cpu.commit: DefaultCommimt<Impl>::tick() begins
 592000: system.cpu.commit: Getting instructions from Rename stage.
 592000: system.cpu.commit: Trying to commit instructions in the ROB.
 592000: system.cpu.commit: [tid:0]: Can't commit, Instruction [sn:48] PC (0x401112=>0x401116).(0=>1) is head of ROB and not ready
 592000: system.cpu.commit: [tid:0]: ROB has 21 insts & 171 free entries.
 592500: system.cpu.fetch: Running stage.
 592500: system.cpu.fetch: Attempting to fetch from [tid:0]
 592500: system.cpu.fetch: [tid:0]: Adding instructions to queue to decode.
 592500: system.cpu.iq: Attempting to schedule ready instructions from the IQ.
 592500: system.cpu.iq: Not able to schedule any instructions.
 592500: system.cpu.commit: DefaultCommimt<Impl>::tick() begins
 592500: system.cpu.commit: Getting instructions from Rename stage.
 592500: system.cpu.commit: Trying to commit instructions in the ROB.
 592500: system.cpu.commit: [tid:0]: Can't commit, Instruction [sn:48] PC (0x401112=>0x401116).(0=>1) is head of ROB and not ready
 592500: system.cpu.commit: [tid:0]: ROB has 21 insts & 171 free entries.
 593000: system.cpu.fetch: Running stage.
 593000: system.cpu.fetch: Attempting to fetch from [tid:0]
 593000: system.cpu.fetch: [tid:0]: Adding instructions to queue to decode.
 593000: system.cpu.iq: Attempting to schedule ready instructions from the IQ.
 593000: system.cpu.iq: Not able to schedule any instructions.
 593000: system.cpu.commit: DefaultCommimt<Impl>::tick() begins
 593000: system.cpu.commit: Getting instructions from Rename stage.
 593000: system.cpu.commit: Trying to commit instructions in the ROB.
 593000: system.cpu.commit: [tid:0]: Can't commit, Instruction [sn:48] PC (0x401112=>0x401116).(0=>1) is head of ROB and not ready
 593000: system.cpu.commit: [tid:0]: ROB has 21 insts & 171 free entries.
 593500: system.cpu.fetch: Running stage.
 593500: system.cpu.fetch: Attempting to fetch from [tid:0]
 593500: system.cpu.fetch: [tid:0]: Adding instructions to queue to decode.
 593500: system.cpu.iq: Attempting to schedule ready instructions from the IQ.
 593500: system.cpu.iq: Not able to schedule any instructions.
 593500: system.cpu.commit: DefaultCommimt<Impl>::tick() begins
 593500: system.cpu.commit: Getting instructions from Rename stage.
 593500: system.cpu.commit: Trying to commit instructions in the ROB.
 593500: system.cpu.commit: [tid:0]: Can't commit, Instruction [sn:48] PC (0x401112=>0x401116).(0=>1) is head of ROB and not ready
 593500: system.cpu.commit: [tid:0]: ROB has 21 insts & 171 free entries.
 594000: system.cpu.fetch: Running stage.
 594000: system.cpu.fetch: Attempting to fetch from [tid:0]
 594000: system.cpu.fetch: [tid:0]: Adding instructions to queue to decode.
 594000: system.cpu.iq: Attempting to schedule ready instructions from the IQ.
 594000: system.cpu.iq: Not able to schedule any instructions.
 594000: system.cpu.commit: DefaultCommimt<Impl>::tick() begins
 594000: system.cpu.commit: Getting instructions from Rename stage.
 594000: system.cpu.commit: Trying to commit instructions in the ROB.
 594000: system.cpu.commit: [tid:0]: Can't commit, Instruction [sn:48] PC (0x401112=>0x401116).(0=>1) is head of ROB and not ready
 594000: system.cpu.commit: [tid:0]: ROB has 21 insts & 171 free entries.
 594500: system.cpu.fetch: Running stage.
 594500: system.cpu.fetch: Attempting to fetch from [tid:0]
 594500: system.cpu.fetch: [tid:0]: Adding instructions to queue to decode.
 594500: system.cpu.iq: Attempting to schedule ready instructions from the IQ.
 594500: system.cpu.iq: Not able to schedule any instructions.
 594500: system.cpu.commit: DefaultCommimt<Impl>::tick() begins
 594500: system.cpu.commit: Getting instructions from Rename stage.
 594500: system.cpu.commit: Trying to commit instructions in the ROB.
 594500: system.cpu.commit: [tid:0]: Can't commit, Instruction [sn:48] PC (0x401112=>0x401116).(0=>1) is head of ROB and not ready
 594500: system.cpu.commit: [tid:0]: ROB has 21 insts & 171 free entries.
 595000: system.cpu.fetch: Running stage.
 595000: system.cpu.fetch: Attempting to fetch from [tid:0]
 595000: system.cpu.fetch: [tid:0]: Adding instructions to queue to decode.
 595000: system.cpu.iq: Attempting to schedule ready instructions from the IQ.
 595000: system.cpu.iq: Not able to schedule any instructions.
 595000: system.cpu.commit: DefaultCommimt<Impl>::tick() begins
 595000: system.cpu.commit: Getting instructions from Rename stage.
 595000: system.cpu.commit: Trying to commit instructions in the ROB.
 595000: system.cpu.commit: [tid:0]: Can't commit, Instruction [sn:48] PC (0x401112=>0x401116).(0=>1) is head of ROB and not ready
 595000: system.cpu.commit: [tid:0]: ROB has 21 insts & 171 free entries.
 595500: system.cpu.fetch: Running stage.
 595500: system.cpu.fetch: Attempting to fetch from [tid:0]
 595500: system.cpu.fetch: [tid:0]: Adding instructions to queue to decode.
 595500: system.cpu.iq: Attempting to schedule ready instructions from the IQ.
 595500: system.cpu.iq: Not able to schedule any instructions.
 595500: system.cpu.commit: DefaultCommimt<Impl>::tick() begins
 595500: system.cpu.commit: Getting instructions from Rename stage.
 595500: system.cpu.commit: Trying to commit instructions in the ROB.
 595500: system.cpu.commit: [tid:0]: Can't commit, Instruction [sn:48] PC (0x401112=>0x401116).(0=>1) is head of ROB and not ready
 595500: system.cpu.commit: [tid:0]: ROB has 21 insts & 171 free entries.
 596000: system.cpu.fetch: Running stage.
 596000: system.cpu.fetch: Attempting to fetch from [tid:0]
 596000: system.cpu.fetch: [tid:0]: Adding instructions to queue to decode.
 596000: system.cpu.iq: Attempting to schedule ready instructions from the IQ.
 596000: system.cpu.iq: Not able to schedule any instructions.
 596000: system.cpu.commit: DefaultCommimt<Impl>::tick() begins
 596000: system.cpu.commit: Getting instructions from Rename stage.
 596000: system.cpu.commit: Trying to commit instructions in the ROB.
 596000: system.cpu.commit: [tid:0]: Can't commit, Instruction [sn:48] PC (0x401112=>0x401116).(0=>1) is head of ROB and not ready
 596000: system.cpu.commit: [tid:0]: ROB has 21 insts & 171 free entries.
 596500: system.cpu.fetch: Running stage.
 596500: system.cpu.fetch: Attempting to fetch from [tid:0]
 596500: system.cpu.fetch: [tid:0]: Adding instructions to queue to decode.
 596500: system.cpu.iq: Attempting to schedule ready instructions from the IQ.
 596500: system.cpu.iq: Not able to schedule any instructions.
 596500: system.cpu.commit: DefaultCommimt<Impl>::tick() begins
 596500: system.cpu.commit: Getting instructions from Rename stage.
 596500: system.cpu.commit: Trying to commit instructions in the ROB.
 596500: system.cpu.commit: [tid:0]: Can't commit, Instruction [sn:48] PC (0x401112=>0x401116).(0=>1) is head of ROB and not ready
 596500: system.cpu.commit: [tid:0]: ROB has 21 insts & 171 free entries.
 597000: system.cpu.fetch: Running stage.
 597000: system.cpu.fetch: Attempting to fetch from [tid:0]
 597000: system.cpu.fetch: [tid:0]: Adding instructions to queue to decode.
 597000: system.cpu.iq: Attempting to schedule ready instructions from the IQ.
 597000: system.cpu.iq: Not able to schedule any instructions.
 597000: system.cpu.commit: DefaultCommimt<Impl>::tick() begins
 597000: system.cpu.commit: Getting instructions from Rename stage.
 597000: system.cpu.commit: Trying to commit instructions in the ROB.
 597000: system.cpu.commit: [tid:0]: Can't commit, Instruction [sn:48] PC (0x401112=>0x401116).(0=>1) is head of ROB and not ready
 597000: system.cpu.commit: [tid:0]: ROB has 21 insts & 171 free entries.
 597500: system.cpu.fetch: Running stage.
 597500: system.cpu.fetch: Attempting to fetch from [tid:0]
 597500: system.cpu.fetch: [tid:0]: Adding instructions to queue to decode.
 597500: system.cpu.iq: Attempting to schedule ready instructions from the IQ.
 597500: system.cpu.iq: Not able to schedule any instructions.
 597500: system.cpu.commit: DefaultCommimt<Impl>::tick() begins
 597500: system.cpu.commit: Getting instructions from Rename stage.
 597500: system.cpu.commit: Trying to commit instructions in the ROB.
 597500: system.cpu.commit: [tid:0]: Can't commit, Instruction [sn:48] PC (0x401112=>0x401116).(0=>1) is head of ROB and not ready
 597500: system.cpu.commit: [tid:0]: ROB has 21 insts & 171 free entries.
 598000: system.cpu.fetch: Running stage.
 598000: system.cpu.fetch: Attempting to fetch from [tid:0]
 598000: system.cpu.fetch: [tid:0]: Adding instructions to queue to decode.
 598000: system.cpu.iq: Attempting to schedule ready instructions from the IQ.
 598000: system.cpu.iq: Not able to schedule any instructions.
 598000: system.cpu.commit: DefaultCommimt<Impl>::tick() begins
 598000: system.cpu.commit: Getting instructions from Rename stage.
 598000: system.cpu.commit: Trying to commit instructions in the ROB.
 598000: system.cpu.commit: [tid:0]: Can't commit, Instruction [sn:48] PC (0x401112=>0x401116).(0=>1) is head of ROB and not ready
 598000: system.cpu.commit: [tid:0]: ROB has 21 insts & 171 free entries.
 598500: system.cpu.fetch: Running stage.
 598500: system.cpu.fetch: Attempting to fetch from [tid:0]
 598500: system.cpu.fetch: [tid:0]: Adding instructions to queue to decode.
 598500: system.cpu.iq: Attempting to schedule ready instructions from the IQ.
 598500: system.cpu.iq: Not able to schedule any instructions.
 598500: system.cpu.commit: DefaultCommimt<Impl>::tick() begins
 598500: system.cpu.commit: Getting instructions from Rename stage.
 598500: system.cpu.commit: Trying to commit instructions in the ROB.
 598500: system.cpu.commit: [tid:0]: Can't commit, Instruction [sn:48] PC (0x401112=>0x401116).(0=>1) is head of ROB and not ready
 598500: system.cpu.commit: [tid:0]: ROB has 21 insts & 171 free entries.
 599000: system.cpu.fetch: Running stage.
 599000: system.cpu.fetch: Attempting to fetch from [tid:0]
 599000: system.cpu.fetch: [tid:0]: Adding instructions to queue to decode.
 599000: system.cpu.iq: Attempting to schedule ready instructions from the IQ.
 599000: system.cpu.iq: Not able to schedule any instructions.
 599000: system.cpu.commit: DefaultCommimt<Impl>::tick() begins
 599000: system.cpu.commit: Getting instructions from Rename stage.
 599000: system.cpu.commit: Trying to commit instructions in the ROB.
 599000: system.cpu.commit: [tid:0]: Can't commit, Instruction [sn:48] PC (0x401112=>0x401116).(0=>1) is head of ROB and not ready
 599000: system.cpu.commit: [tid:0]: ROB has 21 insts & 171 free entries.
 599500: system.cpu.fetch: Running stage.
 599500: system.cpu.fetch: Attempting to fetch from [tid:0]
 599500: system.cpu.fetch: [tid:0]: Adding instructions to queue to decode.
 599500: system.cpu.iq: Attempting to schedule ready instructions from the IQ.
 599500: system.cpu.iq: Not able to schedule any instructions.
 599500: system.cpu.commit: DefaultCommimt<Impl>::tick() begins
 599500: system.cpu.commit: Getting instructions from Rename stage.
 599500: system.cpu.commit: Trying to commit instructions in the ROB.
 599500: system.cpu.commit: [tid:0]: Can't commit, Instruction [sn:48] PC (0x401112=>0x401116).(0=>1) is head of ROB and not ready
 599500: system.cpu.commit: [tid:0]: ROB has 21 insts & 171 free entries.
 600000: system.cpu.fetch: Running stage.
 600000: system.cpu.fetch: Attempting to fetch from [tid:0]
 600000: system.cpu.fetch: [tid:0]: Adding instructions to queue to decode.
 600000: system.cpu.iq: Attempting to schedule ready instructions from the IQ.
 600000: system.cpu.iq: Not able to schedule any instructions.
 600000: system.cpu.commit: DefaultCommimt<Impl>::tick() begins
 600000: system.cpu.commit: Getting instructions from Rename stage.
 600000: system.cpu.commit: Trying to commit instructions in the ROB.
 600000: system.cpu.commit: [tid:0]: Can't commit, Instruction [sn:48] PC (0x401112=>0x401116).(0=>1) is head of ROB and not ready
 600000: system.cpu.commit: [tid:0]: ROB has 21 insts & 171 free entries.
 600500: system.cpu.fetch: Running stage.
 600500: system.cpu.fetch: Attempting to fetch from [tid:0]
 600500: system.cpu.fetch: [tid:0]: Adding instructions to queue to decode.
 600500: system.cpu.iq: Attempting to schedule ready instructions from the IQ.
 600500: system.cpu.iq: Not able to schedule any instructions.
 600500: system.cpu.commit: DefaultCommimt<Impl>::tick() begins
 600500: system.cpu.commit: Getting instructions from Rename stage.
 600500: system.cpu.commit: Trying to commit instructions in the ROB.
 600500: system.cpu.commit: [tid:0]: Can't commit, Instruction [sn:48] PC (0x401112=>0x401116).(0=>1) is head of ROB and not ready
 600500: system.cpu.commit: [tid:0]: ROB has 21 insts & 171 free entries.
 601000: system.cpu.fetch: Running stage.
 601000: system.cpu.fetch: Attempting to fetch from [tid:0]
 601000: system.cpu.fetch: [tid:0]: Adding instructions to queue to decode.
 601000: system.cpu.iq: Attempting to schedule ready instructions from the IQ.
 601000: system.cpu.iq: Not able to schedule any instructions.
 601000: system.cpu.commit: DefaultCommimt<Impl>::tick() begins
 601000: system.cpu.commit: Getting instructions from Rename stage.
 601000: system.cpu.commit: Trying to commit instructions in the ROB.
 601000: system.cpu.commit: [tid:0]: Can't commit, Instruction [sn:48] PC (0x401112=>0x401116).(0=>1) is head of ROB and not ready
 601000: system.cpu.commit: [tid:0]: ROB has 21 insts & 171 free entries.
 601500: system.cpu.fetch: Running stage.
 601500: system.cpu.fetch: Attempting to fetch from [tid:0]
 601500: system.cpu.fetch: [tid:0]: Adding instructions to queue to decode.
 601500: system.cpu.iq: Attempting to schedule ready instructions from the IQ.
 601500: system.cpu.iq: Not able to schedule any instructions.
 601500: system.cpu.commit: DefaultCommimt<Impl>::tick() begins
 601500: system.cpu.commit: Getting instructions from Rename stage.
 601500: system.cpu.commit: Trying to commit instructions in the ROB.
 601500: system.cpu.commit: [tid:0]: Can't commit, Instruction [sn:48] PC (0x401112=>0x401116).(0=>1) is head of ROB and not ready
 601500: system.cpu.commit: [tid:0]: ROB has 21 insts & 171 free entries.
 601501: system.cpu.iew.lsq: Received D$ response for packet addr 0x2700, block addr 0x2700
 602000: system.cpu.fetch: Running stage.
 602000: system.cpu.fetch: Attempting to fetch from [tid:0]
 602000: system.cpu.fetch: [tid:0]: Adding instructions to queue to decode.
 602000: system.cpu.iq: Waking dependents of completed instruction [sn:48].
 602000: system.cpu.iq: Completing mem instruction PC: (0x401112=>0x401116).(0=>1) [sn:48]
 602000: system.cpu.memDep0: Completed mem instruction PC (0x401112=>0x401116).(0=>1) [sn:48].
 602000: system.cpu.iq: Waking any dependents on register 82 (IntRegClass).
 602000: system.cpu.iq: Waking up a dependent instruction, [sn:50] PC (0x401116=>0x40111d).(1=>2).
 602000: global: [sn:50] has 2 ready out of 2 sources. RTI 0)
 602000: system.cpu.iq: (addIfReady, regular) Instruction is ready to issue, putting it onto the ready list, PC (0x401116=>0x40111d).(1=>2) opclass:1 [sn:50].
 602000: system.cpu.iq: Attempting to schedule ready instructions from the IQ.
 602000: system.cpu.iq: Thread 0: Issuing instruction PC (0x401116=>0x40111d).(1=>2) [sn:50]
 602000: system.cpu.commit: DefaultCommimt<Impl>::tick() begins
 602000: system.cpu.commit: Getting instructions from Rename stage.
 602000: system.cpu.commit: Trying to commit instructions in the ROB.
 602000: system.cpu.commit: [tid:0]: Can't commit, Instruction [sn:48] PC (0x401112=>0x401116).(0=>1) is head of ROB and not ready
 602000: system.cpu.commit: [tid:0]: ROB has 21 insts & 171 free entries.
 602500: system.cpu.fetch: Running stage.
 602500: system.cpu.fetch: Attempting to fetch from [tid:0]
 602500: system.cpu.fetch: [tid:0]: Adding instructions to queue to decode.
 602500: system.cpu.iq: Waking dependents of completed instruction [sn:50].
 602500: system.cpu.iq: Waking any dependents on register 84 (IntRegClass).
 602500: system.cpu.iq: Waking up a dependent instruction, [sn:51] PC (0x40111d=>0x401121).(0=>1).
 602500: global: [sn:51] has 3 ready out of 3 sources. RTI 0)
 602500: system.cpu.iq: (regular) Checking if memory instruction [sn:51] can issue.
 602500: system.cpu.memDep0: Marking registers as ready for instruction PC (0x40111d=>0x401121).(0=>1) [sn:51].
 602500: system.cpu.memDep0: Instruction has its memory dependencies resolved, adding it to the ready list.
 602500: system.cpu.memDep0: Adding instruction [sn:51] to the ready list.
 602500: system.cpu.iq: (addReadyMemInst) Instruction is ready to issue, putting it onto the ready list, PC (0x40111d=>0x401121).(0=>1) opclass:32 [sn:51].
 602500: system.cpu.iq: Waking any dependents on register 28 (CCRegClass).
 602500: system.cpu.iq: Waking any dependents on register 29 (CCRegClass).
 602500: system.cpu.iq: Attempting to schedule ready instructions from the IQ.
 602500: system.cpu.iq: Thread 0: Issuing instruction PC (0x40111d=>0x401121).(0=>1) [sn:51]
 602500: system.cpu.memDep0: Issuing instruction PC 0x40111d [sn:51].
 602500: system.cpu.iew.lsq.thread0: LQ size: 33, #loads occupied: 4
 602500: system.cpu.iew.lsq.thread0: SQ size: 33, #stores occupied: 0
 602500: system.cpu.commit: DefaultCommimt<Impl>::tick() begins
 602500: system.cpu.commit: Getting instructions from Rename stage.
 602500: system.cpu.commit: Trying to commit instructions in the ROB.
 602500: system.cpu.commit: get the inst [num:0]
 602500: system.cpu.commit: [tid:0]: Marking PC (0x401112=>0x401116).(0=>1), [sn:48] ready within ROB.
 602500: system.cpu.commit: [tid:0]: Instruction [sn:48] PC (0x401112=>0x401116).(0=>1) is head of ROB and ready to commit
 602500: system.cpu.commit: [tid:0]: ROB has 21 insts & 171 free entries.
 603000: system.cpu.fetch: Running stage.
 603000: system.cpu.fetch: Attempting to fetch from [tid:0]
 603000: system.cpu.fetch: [tid:0]: Adding instructions to queue to decode.
 603000: system.cpu.iew.lsq.thread0: Executing load PC (0x40111d=>0x401121).(0=>1), [sn:51]
 603000: system.cpu.dtb: Translating vaddr 0x85035c0.
 603000: system.cpu.dtb: In protected mode.
 603000: system.cpu.dtb: Paging enabled.
 603000: system.cpu.dtb: Entry found with paddr 0x2000, doing protection checks.
 603000: system.cpu.dtb: Translated 0x85035c0 -> 0x25c0.
 603000: system.cpu.iew.lsq.thread0: Read called, load idx: 5, store idx: -1, storeHead: 1 addr: 0x25c0
 603000: system.cpu.iew.lsq.thread0: Doing memory access (normal load) for inst [sn:51] PC (0x40111d=>0x401121).(0=>1)
 603000: system.cpu.iew.lsq.thread0: Attempting load request - PC 0x40111d, SQ: [sn:51], Paddr 0x25c0, Vaddr 0x85035c0
 603000: system.cpu.iew.lsq.thread0: successfully sent out packet(s) for inst [sn:51]
 603000: system.cpu.iew.lsq.thread0: Successfully sent out load request - PC 0x40111d, SQ: [sn:51], Paddr 0x25c0, Vaddr 0x85035c0, block addr 0x25c0
 603000: system.cpu.iq: Attempting to schedule ready instructions from the IQ.
 603000: system.cpu.iq: Not able to schedule any instructions.
 603000: system.cpu.iew.lsq.thread0: LQ size: 33, #loads occupied: 4
 603000: system.cpu.iew.lsq.thread0: SQ size: 33, #stores occupied: 0
 603000: system.cpu.commit: DefaultCommimt<Impl>::tick() begins
 603000: system.cpu.commit: Getting instructions from Rename stage.
 603000: system.cpu.commit: Trying to commit instructions in the ROB.
 603000: system.cpu.commit: Trying to commit head instruction, [sn:48] [tid:0]
 603000: system.cpu.commit: Committing instruction with [sn:48] PC (0x401112=>0x401116).(0=>1)
 603000: system.cpu.rob: [tid:0]: Retiring head instruction, instruction PC (0x401112=>0x401116).(0=>1), [sn:48]
 603000: system.cpu.commit: Trying to commit head instruction, [sn:49] [tid:0]
 603000: system.cpu.commit: Committing instruction with [sn:49] PC (0x401116=>0x40111d).(0=>1)
 603000: system.cpu.rob: [tid:0]: Retiring head instruction, instruction PC (0x401116=>0x40111d).(0=>1), [sn:49]
 603000: system.cpu.commit: get the inst [num:0]
 603000: system.cpu.commit: [tid:0]: Marking PC (0x401116=>0x40111d).(1=>2), [sn:50] ready within ROB.
 603000: system.cpu.commit: [tid:0]: Instruction [sn:50] PC (0x401116=>0x40111d).(1=>2) is head of ROB and ready to commit
 603000: system.cpu.commit: [tid:0]: ROB has 19 insts & 173 free entries.
 603500: system.cpu.branchPred: [tid:0]: Committing branches until [sn:49].
 603500: system.cpu.fetch: Running stage.
 603500: system.cpu.fetch: Attempting to fetch from [tid:0]
 603500: system.cpu.fetch: [tid:0]: Adding instructions to queue to decode.
 603500: system.cpu.iq: Attempting to schedule ready instructions from the IQ.
 603500: system.cpu.iq: Not able to schedule any instructions.
 603500: system.cpu.iew.lsq.thread0: Committing head load instruction, PC (0x401112=>0x401116).(0=>1)
 603500: system.cpu.iq: [tid:0]: Committing instructions older than [sn:49]
 603500: system.cpu.commit: DefaultCommimt<Impl>::tick() begins
 603500: system.cpu.commit: Getting instructions from Rename stage.
 603500: system.cpu.commit: Trying to commit instructions in the ROB.
 603500: system.cpu.commit: Trying to commit head instruction, [sn:50] [tid:0]
 603500: system.cpu.commit: Committing instruction with [sn:50] PC (0x401116=>0x40111d).(1=>2)
 603500: system.cpu.rob: [tid:0]: Retiring head instruction, instruction PC (0x401116=>0x40111d).(1=>2), [sn:50]
 603500: system.cpu.commit: [tid:0]: Can't commit, Instruction [sn:51] PC (0x40111d=>0x401121).(0=>1) is head of ROB and not ready
 603500: system.cpu.commit: [tid:0]: ROB has 18 insts & 174 free entries.
 604000: system.cpu.branchPred: [tid:0]: Committing branches until [sn:50].
 604000: system.cpu.fetch: Running stage.
 604000: system.cpu.fetch: Attempting to fetch from [tid:0]
 604000: system.cpu.fetch: [tid:0]: Adding instructions to queue to decode.
 604000: system.cpu.iq: Attempting to schedule ready instructions from the IQ.
 604000: system.cpu.iq: Not able to schedule any instructions.
 604000: system.cpu.iq: [tid:0]: Committing instructions older than [sn:50]
 604000: system.cpu.iew.lsq.thread0: LQ size: 33, #loads occupied: 3
 604000: system.cpu.iew.lsq.thread0: SQ size: 33, #stores occupied: 0
 604000: system.cpu.commit: DefaultCommimt<Impl>::tick() begins
 604000: system.cpu.commit: Getting instructions from Rename stage.
 604000: system.cpu.commit: Trying to commit instructions in the ROB.
 604000: system.cpu.commit: [tid:0]: Can't commit, Instruction [sn:51] PC (0x40111d=>0x401121).(0=>1) is head of ROB and not ready
 604000: system.cpu.commit: [tid:0]: ROB has 18 insts & 174 free entries.
 604500: system.cpu.fetch: Running stage.
 604500: system.cpu.fetch: Attempting to fetch from [tid:0]
 604500: system.cpu.fetch: [tid:0]: Adding instructions to queue to decode.
 604500: system.cpu.iq: Attempting to schedule ready instructions from the IQ.
 604500: system.cpu.iq: Not able to schedule any instructions.
 604500: system.cpu.iew.lsq.thread0: LQ size: 33, #loads occupied: 3
 604500: system.cpu.iew.lsq.thread0: SQ size: 33, #stores occupied: 0
 604500: system.cpu.commit: DefaultCommimt<Impl>::tick() begins
 604500: system.cpu.commit: Getting instructions from Rename stage.
 604500: system.cpu.commit: Trying to commit instructions in the ROB.
 604500: system.cpu.commit: [tid:0]: Can't commit, Instruction [sn:51] PC (0x40111d=>0x401121).(0=>1) is head of ROB and not ready
 604500: system.cpu.commit: [tid:0]: ROB has 18 insts & 174 free entries.
 605000: system.cpu.fetch: Running stage.
 605000: system.cpu.fetch: Attempting to fetch from [tid:0]
 605000: system.cpu.fetch: [tid:0]: Adding instructions to queue to decode.
 605000: system.cpu.iq: Attempting to schedule ready instructions from the IQ.
 605000: system.cpu.iq: Not able to schedule any instructions.
 605000: system.cpu.commit: DefaultCommimt<Impl>::tick() begins
 605000: system.cpu.commit: Getting instructions from Rename stage.
 605000: system.cpu.commit: Trying to commit instructions in the ROB.
 605000: system.cpu.commit: [tid:0]: Can't commit, Instruction [sn:51] PC (0x40111d=>0x401121).(0=>1) is head of ROB and not ready
 605000: system.cpu.commit: [tid:0]: ROB has 18 insts & 174 free entries.
 605500: system.cpu.fetch: Running stage.
 605500: system.cpu.fetch: Attempting to fetch from [tid:0]
 605500: system.cpu.fetch: [tid:0]: Adding instructions to queue to decode.
 605500: system.cpu.iq: Attempting to schedule ready instructions from the IQ.
 605500: system.cpu.iq: Not able to schedule any instructions.
 605500: system.cpu.commit: DefaultCommimt<Impl>::tick() begins
 605500: system.cpu.commit: Getting instructions from Rename stage.
 605500: system.cpu.commit: Trying to commit instructions in the ROB.
 605500: system.cpu.commit: [tid:0]: Can't commit, Instruction [sn:51] PC (0x40111d=>0x401121).(0=>1) is head of ROB and not ready
 605500: system.cpu.commit: [tid:0]: ROB has 18 insts & 174 free entries.
 606000: system.cpu.fetch: Running stage.
 606000: system.cpu.fetch: Attempting to fetch from [tid:0]
 606000: system.cpu.fetch: [tid:0]: Adding instructions to queue to decode.
 606000: system.cpu.iq: Attempting to schedule ready instructions from the IQ.
 606000: system.cpu.iq: Not able to schedule any instructions.
 606000: system.cpu.commit: DefaultCommimt<Impl>::tick() begins
 606000: system.cpu.commit: Getting instructions from Rename stage.
 606000: system.cpu.commit: Trying to commit instructions in the ROB.
 606000: system.cpu.commit: [tid:0]: Can't commit, Instruction [sn:51] PC (0x40111d=>0x401121).(0=>1) is head of ROB and not ready
 606000: system.cpu.commit: [tid:0]: ROB has 18 insts & 174 free entries.
 606500: system.cpu.fetch: Running stage.
 606500: system.cpu.fetch: Attempting to fetch from [tid:0]
 606500: system.cpu.fetch: [tid:0]: Adding instructions to queue to decode.
 606500: system.cpu.iq: Attempting to schedule ready instructions from the IQ.
 606500: system.cpu.iq: Not able to schedule any instructions.
 606500: system.cpu.commit: DefaultCommimt<Impl>::tick() begins
 606500: system.cpu.commit: Getting instructions from Rename stage.
 606500: system.cpu.commit: Trying to commit instructions in the ROB.
 606500: system.cpu.commit: [tid:0]: Can't commit, Instruction [sn:51] PC (0x40111d=>0x401121).(0=>1) is head of ROB and not ready
 606500: system.cpu.commit: [tid:0]: ROB has 18 insts & 174 free entries.
 607000: system.cpu.fetch: Running stage.
 607000: system.cpu.fetch: Attempting to fetch from [tid:0]
 607000: system.cpu.fetch: [tid:0]: Adding instructions to queue to decode.
 607000: system.cpu.iq: Attempting to schedule ready instructions from the IQ.
 607000: system.cpu.iq: Not able to schedule any instructions.
 607000: system.cpu.commit: DefaultCommimt<Impl>::tick() begins
 607000: system.cpu.commit: Getting instructions from Rename stage.
 607000: system.cpu.commit: Trying to commit instructions in the ROB.
 607000: system.cpu.commit: [tid:0]: Can't commit, Instruction [sn:51] PC (0x40111d=>0x401121).(0=>1) is head of ROB and not ready
 607000: system.cpu.commit: [tid:0]: ROB has 18 insts & 174 free entries.
 607500: system.cpu.fetch: Running stage.
 607500: system.cpu.fetch: Attempting to fetch from [tid:0]
 607500: system.cpu.fetch: [tid:0]: Adding instructions to queue to decode.
 607500: system.cpu.iq: Attempting to schedule ready instructions from the IQ.
 607500: system.cpu.iq: Not able to schedule any instructions.
 607500: system.cpu.commit: DefaultCommimt<Impl>::tick() begins
 607500: system.cpu.commit: Getting instructions from Rename stage.
 607500: system.cpu.commit: Trying to commit instructions in the ROB.
 607500: system.cpu.commit: [tid:0]: Can't commit, Instruction [sn:51] PC (0x40111d=>0x401121).(0=>1) is head of ROB and not ready
 607500: system.cpu.commit: [tid:0]: ROB has 18 insts & 174 free entries.
 608000: system.cpu.fetch: Running stage.
 608000: system.cpu.fetch: Attempting to fetch from [tid:0]
 608000: system.cpu.fetch: [tid:0]: Adding instructions to queue to decode.
 608000: system.cpu.iq: Attempting to schedule ready instructions from the IQ.
 608000: system.cpu.iq: Not able to schedule any instructions.
 608000: system.cpu.commit: DefaultCommimt<Impl>::tick() begins
 608000: system.cpu.commit: Getting instructions from Rename stage.
 608000: system.cpu.commit: Trying to commit instructions in the ROB.
 608000: system.cpu.commit: [tid:0]: Can't commit, Instruction [sn:51] PC (0x40111d=>0x401121).(0=>1) is head of ROB and not ready
 608000: system.cpu.commit: [tid:0]: ROB has 18 insts & 174 free entries.
 608500: system.cpu.fetch: Running stage.
 608500: system.cpu.fetch: Attempting to fetch from [tid:0]
 608500: system.cpu.fetch: [tid:0]: Adding instructions to queue to decode.
 608500: system.cpu.iq: Attempting to schedule ready instructions from the IQ.
 608500: system.cpu.iq: Not able to schedule any instructions.
 608500: system.cpu.commit: DefaultCommimt<Impl>::tick() begins
 608500: system.cpu.commit: Getting instructions from Rename stage.
 608500: system.cpu.commit: Trying to commit instructions in the ROB.
 608500: system.cpu.commit: [tid:0]: Can't commit, Instruction [sn:51] PC (0x40111d=>0x401121).(0=>1) is head of ROB and not ready
 608500: system.cpu.commit: [tid:0]: ROB has 18 insts & 174 free entries.
 609000: system.cpu.fetch: Running stage.
 609000: system.cpu.fetch: Attempting to fetch from [tid:0]
 609000: system.cpu.fetch: [tid:0]: Adding instructions to queue to decode.
 609000: system.cpu.iq: Attempting to schedule ready instructions from the IQ.
 609000: system.cpu.iq: Not able to schedule any instructions.
 609000: system.cpu.commit: DefaultCommimt<Impl>::tick() begins
 609000: system.cpu.commit: Getting instructions from Rename stage.
 609000: system.cpu.commit: Trying to commit instructions in the ROB.
 609000: system.cpu.commit: [tid:0]: Can't commit, Instruction [sn:51] PC (0x40111d=>0x401121).(0=>1) is head of ROB and not ready
 609000: system.cpu.commit: [tid:0]: ROB has 18 insts & 174 free entries.
 609500: system.cpu.fetch: Running stage.
 609500: system.cpu.fetch: Attempting to fetch from [tid:0]
 609500: system.cpu.fetch: [tid:0]: Adding instructions to queue to decode.
 609500: system.cpu.iq: Attempting to schedule ready instructions from the IQ.
 609500: system.cpu.iq: Not able to schedule any instructions.
 609500: system.cpu.commit: DefaultCommimt<Impl>::tick() begins
 609500: system.cpu.commit: Getting instructions from Rename stage.
 609500: system.cpu.commit: Trying to commit instructions in the ROB.
 609500: system.cpu.commit: [tid:0]: Can't commit, Instruction [sn:51] PC (0x40111d=>0x401121).(0=>1) is head of ROB and not ready
 609500: system.cpu.commit: [tid:0]: ROB has 18 insts & 174 free entries.
 610000: system.cpu.fetch: Running stage.
 610000: system.cpu.fetch: Attempting to fetch from [tid:0]
 610000: system.cpu.fetch: [tid:0]: Adding instructions to queue to decode.
 610000: system.cpu.iq: Attempting to schedule ready instructions from the IQ.
 610000: system.cpu.iq: Not able to schedule any instructions.
 610000: system.cpu.commit: DefaultCommimt<Impl>::tick() begins
 610000: system.cpu.commit: Getting instructions from Rename stage.
 610000: system.cpu.commit: Trying to commit instructions in the ROB.
 610000: system.cpu.commit: [tid:0]: Can't commit, Instruction [sn:51] PC (0x40111d=>0x401121).(0=>1) is head of ROB and not ready
 610000: system.cpu.commit: [tid:0]: ROB has 18 insts & 174 free entries.
 610500: system.cpu.fetch: Running stage.
 610500: system.cpu.fetch: Attempting to fetch from [tid:0]
 610500: system.cpu.fetch: [tid:0]: Adding instructions to queue to decode.
 610500: system.cpu.iq: Attempting to schedule ready instructions from the IQ.
 610500: system.cpu.iq: Not able to schedule any instructions.
 610500: system.cpu.commit: DefaultCommimt<Impl>::tick() begins
 610500: system.cpu.commit: Getting instructions from Rename stage.
 610500: system.cpu.commit: Trying to commit instructions in the ROB.
 610500: system.cpu.commit: [tid:0]: Can't commit, Instruction [sn:51] PC (0x40111d=>0x401121).(0=>1) is head of ROB and not ready
 610500: system.cpu.commit: [tid:0]: ROB has 18 insts & 174 free entries.
 611000: system.cpu.fetch: Running stage.
 611000: system.cpu.fetch: Attempting to fetch from [tid:0]
 611000: system.cpu.fetch: [tid:0]: Adding instructions to queue to decode.
 611000: system.cpu.iq: Attempting to schedule ready instructions from the IQ.
 611000: system.cpu.iq: Not able to schedule any instructions.
 611000: system.cpu.commit: DefaultCommimt<Impl>::tick() begins
 611000: system.cpu.commit: Getting instructions from Rename stage.
 611000: system.cpu.commit: Trying to commit instructions in the ROB.
 611000: system.cpu.commit: [tid:0]: Can't commit, Instruction [sn:51] PC (0x40111d=>0x401121).(0=>1) is head of ROB and not ready
 611000: system.cpu.commit: [tid:0]: ROB has 18 insts & 174 free entries.
 611500: system.cpu.fetch: Running stage.
 611500: system.cpu.fetch: Attempting to fetch from [tid:0]
 611500: system.cpu.fetch: [tid:0]: Adding instructions to queue to decode.
 611500: system.cpu.iq: Attempting to schedule ready instructions from the IQ.
 611500: system.cpu.iq: Not able to schedule any instructions.
 611500: system.cpu.commit: DefaultCommimt<Impl>::tick() begins
 611500: system.cpu.commit: Getting instructions from Rename stage.
 611500: system.cpu.commit: Trying to commit instructions in the ROB.
 611500: system.cpu.commit: [tid:0]: Can't commit, Instruction [sn:51] PC (0x40111d=>0x401121).(0=>1) is head of ROB and not ready
 611500: system.cpu.commit: [tid:0]: ROB has 18 insts & 174 free entries.
 612000: system.cpu.fetch: Running stage.
 612000: system.cpu.fetch: Attempting to fetch from [tid:0]
 612000: system.cpu.fetch: [tid:0]: Adding instructions to queue to decode.
 612000: system.cpu.iq: Attempting to schedule ready instructions from the IQ.
 612000: system.cpu.iq: Not able to schedule any instructions.
 612000: system.cpu.commit: DefaultCommimt<Impl>::tick() begins
 612000: system.cpu.commit: Getting instructions from Rename stage.
 612000: system.cpu.commit: Trying to commit instructions in the ROB.
 612000: system.cpu.commit: [tid:0]: Can't commit, Instruction [sn:51] PC (0x40111d=>0x401121).(0=>1) is head of ROB and not ready
 612000: system.cpu.commit: [tid:0]: ROB has 18 insts & 174 free entries.
 612500: system.cpu.fetch: Running stage.
 612500: system.cpu.fetch: Attempting to fetch from [tid:0]
 612500: system.cpu.fetch: [tid:0]: Adding instructions to queue to decode.
 612500: system.cpu.iq: Attempting to schedule ready instructions from the IQ.
 612500: system.cpu.iq: Not able to schedule any instructions.
 612500: system.cpu.commit: DefaultCommimt<Impl>::tick() begins
 612500: system.cpu.commit: Getting instructions from Rename stage.
 612500: system.cpu.commit: Trying to commit instructions in the ROB.
 612500: system.cpu.commit: [tid:0]: Can't commit, Instruction [sn:51] PC (0x40111d=>0x401121).(0=>1) is head of ROB and not ready
 612500: system.cpu.commit: [tid:0]: ROB has 18 insts & 174 free entries.
 613000: system.cpu.fetch: Running stage.
 613000: system.cpu.fetch: Attempting to fetch from [tid:0]
 613000: system.cpu.fetch: [tid:0]: Adding instructions to queue to decode.
 613000: system.cpu.iq: Attempting to schedule ready instructions from the IQ.
 613000: system.cpu.iq: Not able to schedule any instructions.
 613000: system.cpu.commit: DefaultCommimt<Impl>::tick() begins
 613000: system.cpu.commit: Getting instructions from Rename stage.
 613000: system.cpu.commit: Trying to commit instructions in the ROB.
 613000: system.cpu.commit: [tid:0]: Can't commit, Instruction [sn:51] PC (0x40111d=>0x401121).(0=>1) is head of ROB and not ready
 613000: system.cpu.commit: [tid:0]: ROB has 18 insts & 174 free entries.
 613500: system.cpu.fetch: Running stage.
 613500: system.cpu.fetch: Attempting to fetch from [tid:0]
 613500: system.cpu.fetch: [tid:0]: Adding instructions to queue to decode.
 613500: system.cpu.iq: Attempting to schedule ready instructions from the IQ.
 613500: system.cpu.iq: Not able to schedule any instructions.
 613500: system.cpu.commit: DefaultCommimt<Impl>::tick() begins
 613500: system.cpu.commit: Getting instructions from Rename stage.
 613500: system.cpu.commit: Trying to commit instructions in the ROB.
 613500: system.cpu.commit: [tid:0]: Can't commit, Instruction [sn:51] PC (0x40111d=>0x401121).(0=>1) is head of ROB and not ready
 613500: system.cpu.commit: [tid:0]: ROB has 18 insts & 174 free entries.
 614000: system.cpu.fetch: Running stage.
 614000: system.cpu.fetch: Attempting to fetch from [tid:0]
 614000: system.cpu.fetch: [tid:0]: Adding instructions to queue to decode.
 614000: system.cpu.iq: Attempting to schedule ready instructions from the IQ.
 614000: system.cpu.iq: Not able to schedule any instructions.
 614000: system.cpu.commit: DefaultCommimt<Impl>::tick() begins
 614000: system.cpu.commit: Getting instructions from Rename stage.
 614000: system.cpu.commit: Trying to commit instructions in the ROB.
 614000: system.cpu.commit: [tid:0]: Can't commit, Instruction [sn:51] PC (0x40111d=>0x401121).(0=>1) is head of ROB and not ready
 614000: system.cpu.commit: [tid:0]: ROB has 18 insts & 174 free entries.
 614500: system.cpu.fetch: Running stage.
 614500: system.cpu.fetch: Attempting to fetch from [tid:0]
 614500: system.cpu.fetch: [tid:0]: Adding instructions to queue to decode.
 614500: system.cpu.iq: Attempting to schedule ready instructions from the IQ.
 614500: system.cpu.iq: Not able to schedule any instructions.
 614500: system.cpu.commit: DefaultCommimt<Impl>::tick() begins
 614500: system.cpu.commit: Getting instructions from Rename stage.
 614500: system.cpu.commit: Trying to commit instructions in the ROB.
 614500: system.cpu.commit: [tid:0]: Can't commit, Instruction [sn:51] PC (0x40111d=>0x401121).(0=>1) is head of ROB and not ready
 614500: system.cpu.commit: [tid:0]: ROB has 18 insts & 174 free entries.
 615000: system.cpu.fetch: Running stage.
 615000: system.cpu.fetch: Attempting to fetch from [tid:0]
 615000: system.cpu.fetch: [tid:0]: Adding instructions to queue to decode.
 615000: system.cpu.iq: Attempting to schedule ready instructions from the IQ.
 615000: system.cpu.iq: Not able to schedule any instructions.
 615000: system.cpu.commit: DefaultCommimt<Impl>::tick() begins
 615000: system.cpu.commit: Getting instructions from Rename stage.
 615000: system.cpu.commit: Trying to commit instructions in the ROB.
 615000: system.cpu.commit: [tid:0]: Can't commit, Instruction [sn:51] PC (0x40111d=>0x401121).(0=>1) is head of ROB and not ready
 615000: system.cpu.commit: [tid:0]: ROB has 18 insts & 174 free entries.
 615500: system.cpu.fetch: Running stage.
 615500: system.cpu.fetch: Attempting to fetch from [tid:0]
 615500: system.cpu.fetch: [tid:0]: Adding instructions to queue to decode.
 615500: system.cpu.iq: Attempting to schedule ready instructions from the IQ.
 615500: system.cpu.iq: Not able to schedule any instructions.
 615500: system.cpu.commit: DefaultCommimt<Impl>::tick() begins
 615500: system.cpu.commit: Getting instructions from Rename stage.
 615500: system.cpu.commit: Trying to commit instructions in the ROB.
 615500: system.cpu.commit: [tid:0]: Can't commit, Instruction [sn:51] PC (0x40111d=>0x401121).(0=>1) is head of ROB and not ready
 615500: system.cpu.commit: [tid:0]: ROB has 18 insts & 174 free entries.
 616000: system.cpu.fetch: Running stage.
 616000: system.cpu.fetch: Attempting to fetch from [tid:0]
 616000: system.cpu.fetch: [tid:0]: Adding instructions to queue to decode.
 616000: system.cpu.iq: Attempting to schedule ready instructions from the IQ.
 616000: system.cpu.iq: Not able to schedule any instructions.
 616000: system.cpu.commit: DefaultCommimt<Impl>::tick() begins
 616000: system.cpu.commit: Getting instructions from Rename stage.
 616000: system.cpu.commit: Trying to commit instructions in the ROB.
 616000: system.cpu.commit: [tid:0]: Can't commit, Instruction [sn:51] PC (0x40111d=>0x401121).(0=>1) is head of ROB and not ready
 616000: system.cpu.commit: [tid:0]: ROB has 18 insts & 174 free entries.
 616500: system.cpu.fetch: Running stage.
 616500: system.cpu.fetch: Attempting to fetch from [tid:0]
 616500: system.cpu.fetch: [tid:0]: Adding instructions to queue to decode.
 616500: system.cpu.iq: Attempting to schedule ready instructions from the IQ.
 616500: system.cpu.iq: Not able to schedule any instructions.
 616500: system.cpu.commit: DefaultCommimt<Impl>::tick() begins
 616500: system.cpu.commit: Getting instructions from Rename stage.
 616500: system.cpu.commit: Trying to commit instructions in the ROB.
 616500: system.cpu.commit: [tid:0]: Can't commit, Instruction [sn:51] PC (0x40111d=>0x401121).(0=>1) is head of ROB and not ready
 616500: system.cpu.commit: [tid:0]: ROB has 18 insts & 174 free entries.
 617000: system.cpu.fetch: Running stage.
 617000: system.cpu.fetch: Attempting to fetch from [tid:0]
 617000: system.cpu.fetch: [tid:0]: Adding instructions to queue to decode.
 617000: system.cpu.iq: Attempting to schedule ready instructions from the IQ.
 617000: system.cpu.iq: Not able to schedule any instructions.
 617000: system.cpu.commit: DefaultCommimt<Impl>::tick() begins
 617000: system.cpu.commit: Getting instructions from Rename stage.
 617000: system.cpu.commit: Trying to commit instructions in the ROB.
 617000: system.cpu.commit: [tid:0]: Can't commit, Instruction [sn:51] PC (0x40111d=>0x401121).(0=>1) is head of ROB and not ready
 617000: system.cpu.commit: [tid:0]: ROB has 18 insts & 174 free entries.
 617500: system.cpu.fetch: Running stage.
 617500: system.cpu.fetch: Attempting to fetch from [tid:0]
 617500: system.cpu.fetch: [tid:0]: Adding instructions to queue to decode.
 617500: system.cpu.iq: Attempting to schedule ready instructions from the IQ.
 617500: system.cpu.iq: Not able to schedule any instructions.
 617500: system.cpu.commit: DefaultCommimt<Impl>::tick() begins
 617500: system.cpu.commit: Getting instructions from Rename stage.
 617500: system.cpu.commit: Trying to commit instructions in the ROB.
 617500: system.cpu.commit: [tid:0]: Can't commit, Instruction [sn:51] PC (0x40111d=>0x401121).(0=>1) is head of ROB and not ready
 617500: system.cpu.commit: [tid:0]: ROB has 18 insts & 174 free entries.
 618000: system.cpu.fetch: Running stage.
 618000: system.cpu.fetch: Attempting to fetch from [tid:0]
 618000: system.cpu.fetch: [tid:0]: Adding instructions to queue to decode.
 618000: system.cpu.iq: Attempting to schedule ready instructions from the IQ.
 618000: system.cpu.iq: Not able to schedule any instructions.
 618000: system.cpu.commit: DefaultCommimt<Impl>::tick() begins
 618000: system.cpu.commit: Getting instructions from Rename stage.
 618000: system.cpu.commit: Trying to commit instructions in the ROB.
 618000: system.cpu.commit: [tid:0]: Can't commit, Instruction [sn:51] PC (0x40111d=>0x401121).(0=>1) is head of ROB and not ready
 618000: system.cpu.commit: [tid:0]: ROB has 18 insts & 174 free entries.
 618500: system.cpu.fetch: Running stage.
 618500: system.cpu.fetch: Attempting to fetch from [tid:0]
 618500: system.cpu.fetch: [tid:0]: Adding instructions to queue to decode.
 618500: system.cpu.iq: Attempting to schedule ready instructions from the IQ.
 618500: system.cpu.iq: Not able to schedule any instructions.
 618500: system.cpu.commit: DefaultCommimt<Impl>::tick() begins
 618500: system.cpu.commit: Getting instructions from Rename stage.
 618500: system.cpu.commit: Trying to commit instructions in the ROB.
 618500: system.cpu.commit: [tid:0]: Can't commit, Instruction [sn:51] PC (0x40111d=>0x401121).(0=>1) is head of ROB and not ready
 618500: system.cpu.commit: [tid:0]: ROB has 18 insts & 174 free entries.
 619000: system.cpu.fetch: Running stage.
 619000: system.cpu.fetch: Attempting to fetch from [tid:0]
 619000: system.cpu.fetch: [tid:0]: Adding instructions to queue to decode.
 619000: system.cpu.iq: Attempting to schedule ready instructions from the IQ.
 619000: system.cpu.iq: Not able to schedule any instructions.
 619000: system.cpu.commit: DefaultCommimt<Impl>::tick() begins
 619000: system.cpu.commit: Getting instructions from Rename stage.
 619000: system.cpu.commit: Trying to commit instructions in the ROB.
 619000: system.cpu.commit: [tid:0]: Can't commit, Instruction [sn:51] PC (0x40111d=>0x401121).(0=>1) is head of ROB and not ready
 619000: system.cpu.commit: [tid:0]: ROB has 18 insts & 174 free entries.
 619500: system.cpu.fetch: Running stage.
 619500: system.cpu.fetch: Attempting to fetch from [tid:0]
 619500: system.cpu.fetch: [tid:0]: Adding instructions to queue to decode.
 619500: system.cpu.iq: Attempting to schedule ready instructions from the IQ.
 619500: system.cpu.iq: Not able to schedule any instructions.
 619500: system.cpu.commit: DefaultCommimt<Impl>::tick() begins
 619500: system.cpu.commit: Getting instructions from Rename stage.
 619500: system.cpu.commit: Trying to commit instructions in the ROB.
 619500: system.cpu.commit: [tid:0]: Can't commit, Instruction [sn:51] PC (0x40111d=>0x401121).(0=>1) is head of ROB and not ready
 619500: system.cpu.commit: [tid:0]: ROB has 18 insts & 174 free entries.
 620000: system.cpu.fetch: Running stage.
 620000: system.cpu.fetch: Attempting to fetch from [tid:0]
 620000: system.cpu.fetch: [tid:0]: Adding instructions to queue to decode.
 620000: system.cpu.iq: Attempting to schedule ready instructions from the IQ.
 620000: system.cpu.iq: Not able to schedule any instructions.
 620000: system.cpu.commit: DefaultCommimt<Impl>::tick() begins
 620000: system.cpu.commit: Getting instructions from Rename stage.
 620000: system.cpu.commit: Trying to commit instructions in the ROB.
 620000: system.cpu.commit: [tid:0]: Can't commit, Instruction [sn:51] PC (0x40111d=>0x401121).(0=>1) is head of ROB and not ready
 620000: system.cpu.commit: [tid:0]: ROB has 18 insts & 174 free entries.
 620500: system.cpu.fetch: Running stage.
 620500: system.cpu.fetch: Attempting to fetch from [tid:0]
 620500: system.cpu.fetch: [tid:0]: Adding instructions to queue to decode.
 620500: system.cpu.iq: Attempting to schedule ready instructions from the IQ.
 620500: system.cpu.iq: Not able to schedule any instructions.
 620500: system.cpu.commit: DefaultCommimt<Impl>::tick() begins
 620500: system.cpu.commit: Getting instructions from Rename stage.
 620500: system.cpu.commit: Trying to commit instructions in the ROB.
 620500: system.cpu.commit: [tid:0]: Can't commit, Instruction [sn:51] PC (0x40111d=>0x401121).(0=>1) is head of ROB and not ready
 620500: system.cpu.commit: [tid:0]: ROB has 18 insts & 174 free entries.
 621000: system.cpu.fetch: Running stage.
 621000: system.cpu.fetch: Attempting to fetch from [tid:0]
 621000: system.cpu.fetch: [tid:0]: Adding instructions to queue to decode.
 621000: system.cpu.iq: Attempting to schedule ready instructions from the IQ.
 621000: system.cpu.iq: Not able to schedule any instructions.
 621000: system.cpu.commit: DefaultCommimt<Impl>::tick() begins
 621000: system.cpu.commit: Getting instructions from Rename stage.
 621000: system.cpu.commit: Trying to commit instructions in the ROB.
 621000: system.cpu.commit: [tid:0]: Can't commit, Instruction [sn:51] PC (0x40111d=>0x401121).(0=>1) is head of ROB and not ready
 621000: system.cpu.commit: [tid:0]: ROB has 18 insts & 174 free entries.
 621500: system.cpu.fetch: Running stage.
 621500: system.cpu.fetch: Attempting to fetch from [tid:0]
 621500: system.cpu.fetch: [tid:0]: Adding instructions to queue to decode.
 621500: system.cpu.iq: Attempting to schedule ready instructions from the IQ.
 621500: system.cpu.iq: Not able to schedule any instructions.
 621500: system.cpu.commit: DefaultCommimt<Impl>::tick() begins
 621500: system.cpu.commit: Getting instructions from Rename stage.
 621500: system.cpu.commit: Trying to commit instructions in the ROB.
 621500: system.cpu.commit: [tid:0]: Can't commit, Instruction [sn:51] PC (0x40111d=>0x401121).(0=>1) is head of ROB and not ready
 621500: system.cpu.commit: [tid:0]: ROB has 18 insts & 174 free entries.
 622000: system.cpu.fetch: Running stage.
 622000: system.cpu.fetch: Attempting to fetch from [tid:0]
 622000: system.cpu.fetch: [tid:0]: Adding instructions to queue to decode.
 622000: system.cpu.iq: Attempting to schedule ready instructions from the IQ.
 622000: system.cpu.iq: Not able to schedule any instructions.
 622000: system.cpu.commit: DefaultCommimt<Impl>::tick() begins
 622000: system.cpu.commit: Getting instructions from Rename stage.
 622000: system.cpu.commit: Trying to commit instructions in the ROB.
 622000: system.cpu.commit: [tid:0]: Can't commit, Instruction [sn:51] PC (0x40111d=>0x401121).(0=>1) is head of ROB and not ready
 622000: system.cpu.commit: [tid:0]: ROB has 18 insts & 174 free entries.
 622500: system.cpu.fetch: Running stage.
 622500: system.cpu.fetch: Attempting to fetch from [tid:0]
 622500: system.cpu.fetch: [tid:0]: Adding instructions to queue to decode.
 622500: system.cpu.iq: Attempting to schedule ready instructions from the IQ.
 622500: system.cpu.iq: Not able to schedule any instructions.
 622500: system.cpu.commit: DefaultCommimt<Impl>::tick() begins
 622500: system.cpu.commit: Getting instructions from Rename stage.
 622500: system.cpu.commit: Trying to commit instructions in the ROB.
 622500: system.cpu.commit: [tid:0]: Can't commit, Instruction [sn:51] PC (0x40111d=>0x401121).(0=>1) is head of ROB and not ready
 622500: system.cpu.commit: [tid:0]: ROB has 18 insts & 174 free entries.
 623000: system.cpu.fetch: Running stage.
 623000: system.cpu.fetch: Attempting to fetch from [tid:0]
 623000: system.cpu.fetch: [tid:0]: Adding instructions to queue to decode.
 623000: system.cpu.iq: Attempting to schedule ready instructions from the IQ.
 623000: system.cpu.iq: Not able to schedule any instructions.
 623000: system.cpu.commit: DefaultCommimt<Impl>::tick() begins
 623000: system.cpu.commit: Getting instructions from Rename stage.
 623000: system.cpu.commit: Trying to commit instructions in the ROB.
 623000: system.cpu.commit: [tid:0]: Can't commit, Instruction [sn:51] PC (0x40111d=>0x401121).(0=>1) is head of ROB and not ready
 623000: system.cpu.commit: [tid:0]: ROB has 18 insts & 174 free entries.
 623500: system.cpu.fetch: Running stage.
 623500: system.cpu.fetch: Attempting to fetch from [tid:0]
 623500: system.cpu.fetch: [tid:0]: Adding instructions to queue to decode.
 623500: system.cpu.iq: Attempting to schedule ready instructions from the IQ.
 623500: system.cpu.iq: Not able to schedule any instructions.
 623500: system.cpu.commit: DefaultCommimt<Impl>::tick() begins
 623500: system.cpu.commit: Getting instructions from Rename stage.
 623500: system.cpu.commit: Trying to commit instructions in the ROB.
 623500: system.cpu.commit: [tid:0]: Can't commit, Instruction [sn:51] PC (0x40111d=>0x401121).(0=>1) is head of ROB and not ready
 623500: system.cpu.commit: [tid:0]: ROB has 18 insts & 174 free entries.
 624000: system.cpu.fetch: Running stage.
 624000: system.cpu.fetch: Attempting to fetch from [tid:0]
 624000: system.cpu.fetch: [tid:0]: Adding instructions to queue to decode.
 624000: system.cpu.iq: Attempting to schedule ready instructions from the IQ.
 624000: system.cpu.iq: Not able to schedule any instructions.
 624000: system.cpu.commit: DefaultCommimt<Impl>::tick() begins
 624000: system.cpu.commit: Getting instructions from Rename stage.
 624000: system.cpu.commit: Trying to commit instructions in the ROB.
 624000: system.cpu.commit: [tid:0]: Can't commit, Instruction [sn:51] PC (0x40111d=>0x401121).(0=>1) is head of ROB and not ready
 624000: system.cpu.commit: [tid:0]: ROB has 18 insts & 174 free entries.
 624500: system.cpu.fetch: Running stage.
 624500: system.cpu.fetch: Attempting to fetch from [tid:0]
 624500: system.cpu.fetch: [tid:0]: Adding instructions to queue to decode.
 624500: system.cpu.iq: Attempting to schedule ready instructions from the IQ.
 624500: system.cpu.iq: Not able to schedule any instructions.
 624500: system.cpu.commit: DefaultCommimt<Impl>::tick() begins
 624500: system.cpu.commit: Getting instructions from Rename stage.
 624500: system.cpu.commit: Trying to commit instructions in the ROB.
 624500: system.cpu.commit: [tid:0]: Can't commit, Instruction [sn:51] PC (0x40111d=>0x401121).(0=>1) is head of ROB and not ready
 624500: system.cpu.commit: [tid:0]: ROB has 18 insts & 174 free entries.
 625000: system.cpu.fetch: Running stage.
 625000: system.cpu.fetch: Attempting to fetch from [tid:0]
 625000: system.cpu.fetch: [tid:0]: Adding instructions to queue to decode.
 625000: system.cpu.iq: Attempting to schedule ready instructions from the IQ.
 625000: system.cpu.iq: Not able to schedule any instructions.
 625000: system.cpu.commit: DefaultCommimt<Impl>::tick() begins
 625000: system.cpu.commit: Getting instructions from Rename stage.
 625000: system.cpu.commit: Trying to commit instructions in the ROB.
 625000: system.cpu.commit: [tid:0]: Can't commit, Instruction [sn:51] PC (0x40111d=>0x401121).(0=>1) is head of ROB and not ready
 625000: system.cpu.commit: [tid:0]: ROB has 18 insts & 174 free entries.
 625500: system.cpu.fetch: Running stage.
 625500: system.cpu.fetch: Attempting to fetch from [tid:0]
 625500: system.cpu.fetch: [tid:0]: Adding instructions to queue to decode.
 625500: system.cpu.iq: Attempting to schedule ready instructions from the IQ.
 625500: system.cpu.iq: Not able to schedule any instructions.
 625500: system.cpu.commit: DefaultCommimt<Impl>::tick() begins
 625500: system.cpu.commit: Getting instructions from Rename stage.
 625500: system.cpu.commit: Trying to commit instructions in the ROB.
 625500: system.cpu.commit: [tid:0]: Can't commit, Instruction [sn:51] PC (0x40111d=>0x401121).(0=>1) is head of ROB and not ready
 625500: system.cpu.commit: [tid:0]: ROB has 18 insts & 174 free entries.
 626000: system.cpu.fetch: Running stage.
 626000: system.cpu.fetch: Attempting to fetch from [tid:0]
 626000: system.cpu.fetch: [tid:0]: Adding instructions to queue to decode.
 626000: system.cpu.iq: Attempting to schedule ready instructions from the IQ.
 626000: system.cpu.iq: Not able to schedule any instructions.
 626000: system.cpu.commit: DefaultCommimt<Impl>::tick() begins
 626000: system.cpu.commit: Getting instructions from Rename stage.
 626000: system.cpu.commit: Trying to commit instructions in the ROB.
 626000: system.cpu.commit: [tid:0]: Can't commit, Instruction [sn:51] PC (0x40111d=>0x401121).(0=>1) is head of ROB and not ready
 626000: system.cpu.commit: [tid:0]: ROB has 18 insts & 174 free entries.
 626500: system.cpu.fetch: Running stage.
 626500: system.cpu.fetch: Attempting to fetch from [tid:0]
 626500: system.cpu.fetch: [tid:0]: Adding instructions to queue to decode.
 626500: system.cpu.iq: Attempting to schedule ready instructions from the IQ.
 626500: system.cpu.iq: Not able to schedule any instructions.
 626500: system.cpu.commit: DefaultCommimt<Impl>::tick() begins
 626500: system.cpu.commit: Getting instructions from Rename stage.
 626500: system.cpu.commit: Trying to commit instructions in the ROB.
 626500: system.cpu.commit: [tid:0]: Can't commit, Instruction [sn:51] PC (0x40111d=>0x401121).(0=>1) is head of ROB and not ready
 626500: system.cpu.commit: [tid:0]: ROB has 18 insts & 174 free entries.
 627000: system.cpu.fetch: Running stage.
 627000: system.cpu.fetch: Attempting to fetch from [tid:0]
 627000: system.cpu.fetch: [tid:0]: Adding instructions to queue to decode.
 627000: system.cpu.iq: Attempting to schedule ready instructions from the IQ.
 627000: system.cpu.iq: Not able to schedule any instructions.
 627000: system.cpu.commit: DefaultCommimt<Impl>::tick() begins
 627000: system.cpu.commit: Getting instructions from Rename stage.
 627000: system.cpu.commit: Trying to commit instructions in the ROB.
 627000: system.cpu.commit: [tid:0]: Can't commit, Instruction [sn:51] PC (0x40111d=>0x401121).(0=>1) is head of ROB and not ready
 627000: system.cpu.commit: [tid:0]: ROB has 18 insts & 174 free entries.
 627500: system.cpu.fetch: Running stage.
 627500: system.cpu.fetch: Attempting to fetch from [tid:0]
 627500: system.cpu.fetch: [tid:0]: Adding instructions to queue to decode.
 627500: system.cpu.iq: Attempting to schedule ready instructions from the IQ.
 627500: system.cpu.iq: Not able to schedule any instructions.
 627500: system.cpu.commit: DefaultCommimt<Impl>::tick() begins
 627500: system.cpu.commit: Getting instructions from Rename stage.
 627500: system.cpu.commit: Trying to commit instructions in the ROB.
 627500: system.cpu.commit: [tid:0]: Can't commit, Instruction [sn:51] PC (0x40111d=>0x401121).(0=>1) is head of ROB and not ready
 627500: system.cpu.commit: [tid:0]: ROB has 18 insts & 174 free entries.
 628000: system.cpu.fetch: Running stage.
 628000: system.cpu.fetch: Attempting to fetch from [tid:0]
 628000: system.cpu.fetch: [tid:0]: Adding instructions to queue to decode.
 628000: system.cpu.iq: Attempting to schedule ready instructions from the IQ.
 628000: system.cpu.iq: Not able to schedule any instructions.
 628000: system.cpu.commit: DefaultCommimt<Impl>::tick() begins
 628000: system.cpu.commit: Getting instructions from Rename stage.
 628000: system.cpu.commit: Trying to commit instructions in the ROB.
 628000: system.cpu.commit: [tid:0]: Can't commit, Instruction [sn:51] PC (0x40111d=>0x401121).(0=>1) is head of ROB and not ready
 628000: system.cpu.commit: [tid:0]: ROB has 18 insts & 174 free entries.
 628500: system.cpu.fetch: Running stage.
 628500: system.cpu.fetch: Attempting to fetch from [tid:0]
 628500: system.cpu.fetch: [tid:0]: Adding instructions to queue to decode.
 628500: system.cpu.iq: Attempting to schedule ready instructions from the IQ.
 628500: system.cpu.iq: Not able to schedule any instructions.
 628500: system.cpu.commit: DefaultCommimt<Impl>::tick() begins
 628500: system.cpu.commit: Getting instructions from Rename stage.
 628500: system.cpu.commit: Trying to commit instructions in the ROB.
 628500: system.cpu.commit: [tid:0]: Can't commit, Instruction [sn:51] PC (0x40111d=>0x401121).(0=>1) is head of ROB and not ready
 628500: system.cpu.commit: [tid:0]: ROB has 18 insts & 174 free entries.
 629000: system.cpu.fetch: Running stage.
 629000: system.cpu.fetch: Attempting to fetch from [tid:0]
 629000: system.cpu.fetch: [tid:0]: Adding instructions to queue to decode.
 629000: system.cpu.iq: Attempting to schedule ready instructions from the IQ.
 629000: system.cpu.iq: Not able to schedule any instructions.
 629000: system.cpu.commit: DefaultCommimt<Impl>::tick() begins
 629000: system.cpu.commit: Getting instructions from Rename stage.
 629000: system.cpu.commit: Trying to commit instructions in the ROB.
 629000: system.cpu.commit: [tid:0]: Can't commit, Instruction [sn:51] PC (0x40111d=>0x401121).(0=>1) is head of ROB and not ready
 629000: system.cpu.commit: [tid:0]: ROB has 18 insts & 174 free entries.
 629500: system.cpu.fetch: Running stage.
 629500: system.cpu.fetch: Attempting to fetch from [tid:0]
 629500: system.cpu.fetch: [tid:0]: Adding instructions to queue to decode.
 629500: system.cpu.iq: Attempting to schedule ready instructions from the IQ.
 629500: system.cpu.iq: Not able to schedule any instructions.
 629500: system.cpu.commit: DefaultCommimt<Impl>::tick() begins
 629500: system.cpu.commit: Getting instructions from Rename stage.
 629500: system.cpu.commit: Trying to commit instructions in the ROB.
 629500: system.cpu.commit: [tid:0]: Can't commit, Instruction [sn:51] PC (0x40111d=>0x401121).(0=>1) is head of ROB and not ready
 629500: system.cpu.commit: [tid:0]: ROB has 18 insts & 174 free entries.
 630000: system.cpu.fetch: Running stage.
 630000: system.cpu.fetch: Attempting to fetch from [tid:0]
 630000: system.cpu.fetch: [tid:0]: Adding instructions to queue to decode.
 630000: system.cpu.iq: Attempting to schedule ready instructions from the IQ.
 630000: system.cpu.iq: Not able to schedule any instructions.
 630000: system.cpu.commit: DefaultCommimt<Impl>::tick() begins
 630000: system.cpu.commit: Getting instructions from Rename stage.
 630000: system.cpu.commit: Trying to commit instructions in the ROB.
 630000: system.cpu.commit: [tid:0]: Can't commit, Instruction [sn:51] PC (0x40111d=>0x401121).(0=>1) is head of ROB and not ready
 630000: system.cpu.commit: [tid:0]: ROB has 18 insts & 174 free entries.
 630500: system.cpu.fetch: Running stage.
 630500: system.cpu.fetch: Attempting to fetch from [tid:0]
 630500: system.cpu.fetch: [tid:0]: Adding instructions to queue to decode.
 630500: system.cpu.iq: Attempting to schedule ready instructions from the IQ.
 630500: system.cpu.iq: Not able to schedule any instructions.
 630500: system.cpu.commit: DefaultCommimt<Impl>::tick() begins
 630500: system.cpu.commit: Getting instructions from Rename stage.
 630500: system.cpu.commit: Trying to commit instructions in the ROB.
 630500: system.cpu.commit: [tid:0]: Can't commit, Instruction [sn:51] PC (0x40111d=>0x401121).(0=>1) is head of ROB and not ready
 630500: system.cpu.commit: [tid:0]: ROB has 18 insts & 174 free entries.
 631000: system.cpu.fetch: Running stage.
 631000: system.cpu.fetch: Attempting to fetch from [tid:0]
 631000: system.cpu.fetch: [tid:0]: Adding instructions to queue to decode.
 631000: system.cpu.iq: Attempting to schedule ready instructions from the IQ.
 631000: system.cpu.iq: Not able to schedule any instructions.
 631000: system.cpu.commit: DefaultCommimt<Impl>::tick() begins
 631000: system.cpu.commit: Getting instructions from Rename stage.
 631000: system.cpu.commit: Trying to commit instructions in the ROB.
 631000: system.cpu.commit: [tid:0]: Can't commit, Instruction [sn:51] PC (0x40111d=>0x401121).(0=>1) is head of ROB and not ready
 631000: system.cpu.commit: [tid:0]: ROB has 18 insts & 174 free entries.
 631500: system.cpu.fetch: Running stage.
 631500: system.cpu.fetch: Attempting to fetch from [tid:0]
 631500: system.cpu.fetch: [tid:0]: Adding instructions to queue to decode.
 631500: system.cpu.iq: Attempting to schedule ready instructions from the IQ.
 631500: system.cpu.iq: Not able to schedule any instructions.
 631500: system.cpu.commit: DefaultCommimt<Impl>::tick() begins
 631500: system.cpu.commit: Getting instructions from Rename stage.
 631500: system.cpu.commit: Trying to commit instructions in the ROB.
 631500: system.cpu.commit: [tid:0]: Can't commit, Instruction [sn:51] PC (0x40111d=>0x401121).(0=>1) is head of ROB and not ready
 631500: system.cpu.commit: [tid:0]: ROB has 18 insts & 174 free entries.
 632000: system.cpu.fetch: Running stage.
 632000: system.cpu.fetch: Attempting to fetch from [tid:0]
 632000: system.cpu.fetch: [tid:0]: Adding instructions to queue to decode.
 632000: system.cpu.iq: Attempting to schedule ready instructions from the IQ.
 632000: system.cpu.iq: Not able to schedule any instructions.
 632000: system.cpu.commit: DefaultCommimt<Impl>::tick() begins
 632000: system.cpu.commit: Getting instructions from Rename stage.
 632000: system.cpu.commit: Trying to commit instructions in the ROB.
 632000: system.cpu.commit: [tid:0]: Can't commit, Instruction [sn:51] PC (0x40111d=>0x401121).(0=>1) is head of ROB and not ready
 632000: system.cpu.commit: [tid:0]: ROB has 18 insts & 174 free entries.
 632500: system.cpu.fetch: Running stage.
 632500: system.cpu.fetch: Attempting to fetch from [tid:0]
 632500: system.cpu.fetch: [tid:0]: Adding instructions to queue to decode.
 632500: system.cpu.iq: Attempting to schedule ready instructions from the IQ.
 632500: system.cpu.iq: Not able to schedule any instructions.
 632500: system.cpu.commit: DefaultCommimt<Impl>::tick() begins
 632500: system.cpu.commit: Getting instructions from Rename stage.
 632500: system.cpu.commit: Trying to commit instructions in the ROB.
 632500: system.cpu.commit: [tid:0]: Can't commit, Instruction [sn:51] PC (0x40111d=>0x401121).(0=>1) is head of ROB and not ready
 632500: system.cpu.commit: [tid:0]: ROB has 18 insts & 174 free entries.
 633000: system.cpu.fetch: Running stage.
 633000: system.cpu.fetch: Attempting to fetch from [tid:0]
 633000: system.cpu.fetch: [tid:0]: Adding instructions to queue to decode.
 633000: system.cpu.iq: Attempting to schedule ready instructions from the IQ.
 633000: system.cpu.iq: Not able to schedule any instructions.
 633000: system.cpu.commit: DefaultCommimt<Impl>::tick() begins
 633000: system.cpu.commit: Getting instructions from Rename stage.
 633000: system.cpu.commit: Trying to commit instructions in the ROB.
 633000: system.cpu.commit: [tid:0]: Can't commit, Instruction [sn:51] PC (0x40111d=>0x401121).(0=>1) is head of ROB and not ready
 633000: system.cpu.commit: [tid:0]: ROB has 18 insts & 174 free entries.
 633500: system.cpu.fetch: Running stage.
 633500: system.cpu.fetch: Attempting to fetch from [tid:0]
 633500: system.cpu.fetch: [tid:0]: Adding instructions to queue to decode.
 633500: system.cpu.iq: Attempting to schedule ready instructions from the IQ.
 633500: system.cpu.iq: Not able to schedule any instructions.
 633500: system.cpu.commit: DefaultCommimt<Impl>::tick() begins
 633500: system.cpu.commit: Getting instructions from Rename stage.
 633500: system.cpu.commit: Trying to commit instructions in the ROB.
 633500: system.cpu.commit: [tid:0]: Can't commit, Instruction [sn:51] PC (0x40111d=>0x401121).(0=>1) is head of ROB and not ready
 633500: system.cpu.commit: [tid:0]: ROB has 18 insts & 174 free entries.
 634000: system.cpu.fetch: Running stage.
 634000: system.cpu.fetch: Attempting to fetch from [tid:0]
 634000: system.cpu.fetch: [tid:0]: Adding instructions to queue to decode.
 634000: system.cpu.iq: Attempting to schedule ready instructions from the IQ.
 634000: system.cpu.iq: Not able to schedule any instructions.
 634000: system.cpu.commit: DefaultCommimt<Impl>::tick() begins
 634000: system.cpu.commit: Getting instructions from Rename stage.
 634000: system.cpu.commit: Trying to commit instructions in the ROB.
 634000: system.cpu.commit: [tid:0]: Can't commit, Instruction [sn:51] PC (0x40111d=>0x401121).(0=>1) is head of ROB and not ready
 634000: system.cpu.commit: [tid:0]: ROB has 18 insts & 174 free entries.
 634500: system.cpu.fetch: Running stage.
 634500: system.cpu.fetch: Attempting to fetch from [tid:0]
 634500: system.cpu.fetch: [tid:0]: Adding instructions to queue to decode.
 634500: system.cpu.iq: Attempting to schedule ready instructions from the IQ.
 634500: system.cpu.iq: Not able to schedule any instructions.
 634500: system.cpu.commit: DefaultCommimt<Impl>::tick() begins
 634500: system.cpu.commit: Getting instructions from Rename stage.
 634500: system.cpu.commit: Trying to commit instructions in the ROB.
 634500: system.cpu.commit: [tid:0]: Can't commit, Instruction [sn:51] PC (0x40111d=>0x401121).(0=>1) is head of ROB and not ready
 634500: system.cpu.commit: [tid:0]: ROB has 18 insts & 174 free entries.
 635000: system.cpu.fetch: Running stage.
 635000: system.cpu.fetch: Attempting to fetch from [tid:0]
 635000: system.cpu.fetch: [tid:0]: Adding instructions to queue to decode.
 635000: system.cpu.iq: Attempting to schedule ready instructions from the IQ.
 635000: system.cpu.iq: Not able to schedule any instructions.
 635000: system.cpu.commit: DefaultCommimt<Impl>::tick() begins
 635000: system.cpu.commit: Getting instructions from Rename stage.
 635000: system.cpu.commit: Trying to commit instructions in the ROB.
 635000: system.cpu.commit: [tid:0]: Can't commit, Instruction [sn:51] PC (0x40111d=>0x401121).(0=>1) is head of ROB and not ready
 635000: system.cpu.commit: [tid:0]: ROB has 18 insts & 174 free entries.
 635500: system.cpu.fetch: Running stage.
 635500: system.cpu.fetch: Attempting to fetch from [tid:0]
 635500: system.cpu.fetch: [tid:0]: Adding instructions to queue to decode.
 635500: system.cpu.iq: Attempting to schedule ready instructions from the IQ.
 635500: system.cpu.iq: Not able to schedule any instructions.
 635500: system.cpu.commit: DefaultCommimt<Impl>::tick() begins
 635500: system.cpu.commit: Getting instructions from Rename stage.
 635500: system.cpu.commit: Trying to commit instructions in the ROB.
 635500: system.cpu.commit: [tid:0]: Can't commit, Instruction [sn:51] PC (0x40111d=>0x401121).(0=>1) is head of ROB and not ready
 635500: system.cpu.commit: [tid:0]: ROB has 18 insts & 174 free entries.
 636000: system.cpu.fetch: Running stage.
 636000: system.cpu.fetch: Attempting to fetch from [tid:0]
 636000: system.cpu.fetch: [tid:0]: Adding instructions to queue to decode.
 636000: system.cpu.iq: Attempting to schedule ready instructions from the IQ.
 636000: system.cpu.iq: Not able to schedule any instructions.
 636000: system.cpu.commit: DefaultCommimt<Impl>::tick() begins
 636000: system.cpu.commit: Getting instructions from Rename stage.
 636000: system.cpu.commit: Trying to commit instructions in the ROB.
 636000: system.cpu.commit: [tid:0]: Can't commit, Instruction [sn:51] PC (0x40111d=>0x401121).(0=>1) is head of ROB and not ready
 636000: system.cpu.commit: [tid:0]: ROB has 18 insts & 174 free entries.
 636500: system.cpu.fetch: Running stage.
 636500: system.cpu.fetch: Attempting to fetch from [tid:0]
 636500: system.cpu.fetch: [tid:0]: Adding instructions to queue to decode.
 636500: system.cpu.iq: Attempting to schedule ready instructions from the IQ.
 636500: system.cpu.iq: Not able to schedule any instructions.
 636500: system.cpu.commit: DefaultCommimt<Impl>::tick() begins
 636500: system.cpu.commit: Getting instructions from Rename stage.
 636500: system.cpu.commit: Trying to commit instructions in the ROB.
 636500: system.cpu.commit: [tid:0]: Can't commit, Instruction [sn:51] PC (0x40111d=>0x401121).(0=>1) is head of ROB and not ready
 636500: system.cpu.commit: [tid:0]: ROB has 18 insts & 174 free entries.
 637000: system.cpu.fetch: Running stage.
 637000: system.cpu.fetch: Attempting to fetch from [tid:0]
 637000: system.cpu.fetch: [tid:0]: Adding instructions to queue to decode.
 637000: system.cpu.iq: Attempting to schedule ready instructions from the IQ.
 637000: system.cpu.iq: Not able to schedule any instructions.
 637000: system.cpu.commit: DefaultCommimt<Impl>::tick() begins
 637000: system.cpu.commit: Getting instructions from Rename stage.
 637000: system.cpu.commit: Trying to commit instructions in the ROB.
 637000: system.cpu.commit: [tid:0]: Can't commit, Instruction [sn:51] PC (0x40111d=>0x401121).(0=>1) is head of ROB and not ready
 637000: system.cpu.commit: [tid:0]: ROB has 18 insts & 174 free entries.
 637500: system.cpu.fetch: Running stage.
 637500: system.cpu.fetch: Attempting to fetch from [tid:0]
 637500: system.cpu.fetch: [tid:0]: Adding instructions to queue to decode.
 637500: system.cpu.iq: Attempting to schedule ready instructions from the IQ.
 637500: system.cpu.iq: Not able to schedule any instructions.
 637500: system.cpu.commit: DefaultCommimt<Impl>::tick() begins
 637500: system.cpu.commit: Getting instructions from Rename stage.
 637500: system.cpu.commit: Trying to commit instructions in the ROB.
 637500: system.cpu.commit: [tid:0]: Can't commit, Instruction [sn:51] PC (0x40111d=>0x401121).(0=>1) is head of ROB and not ready
 637500: system.cpu.commit: [tid:0]: ROB has 18 insts & 174 free entries.
 638000: system.cpu.fetch: Running stage.
 638000: system.cpu.fetch: Attempting to fetch from [tid:0]
 638000: system.cpu.fetch: [tid:0]: Adding instructions to queue to decode.
 638000: system.cpu.iq: Attempting to schedule ready instructions from the IQ.
 638000: system.cpu.iq: Not able to schedule any instructions.
 638000: system.cpu.commit: DefaultCommimt<Impl>::tick() begins
 638000: system.cpu.commit: Getting instructions from Rename stage.
 638000: system.cpu.commit: Trying to commit instructions in the ROB.
 638000: system.cpu.commit: [tid:0]: Can't commit, Instruction [sn:51] PC (0x40111d=>0x401121).(0=>1) is head of ROB and not ready
 638000: system.cpu.commit: [tid:0]: ROB has 18 insts & 174 free entries.
 638500: system.cpu.fetch: Running stage.
 638500: system.cpu.fetch: Attempting to fetch from [tid:0]
 638500: system.cpu.fetch: [tid:0]: Adding instructions to queue to decode.
 638500: system.cpu.iq: Attempting to schedule ready instructions from the IQ.
 638500: system.cpu.iq: Not able to schedule any instructions.
 638500: system.cpu.commit: DefaultCommimt<Impl>::tick() begins
 638500: system.cpu.commit: Getting instructions from Rename stage.
 638500: system.cpu.commit: Trying to commit instructions in the ROB.
 638500: system.cpu.commit: [tid:0]: Can't commit, Instruction [sn:51] PC (0x40111d=>0x401121).(0=>1) is head of ROB and not ready
 638500: system.cpu.commit: [tid:0]: ROB has 18 insts & 174 free entries.
 639000: system.cpu.fetch: Running stage.
 639000: system.cpu.fetch: Attempting to fetch from [tid:0]
 639000: system.cpu.fetch: [tid:0]: Adding instructions to queue to decode.
 639000: system.cpu.iq: Attempting to schedule ready instructions from the IQ.
 639000: system.cpu.iq: Not able to schedule any instructions.
 639000: system.cpu.commit: DefaultCommimt<Impl>::tick() begins
 639000: system.cpu.commit: Getting instructions from Rename stage.
 639000: system.cpu.commit: Trying to commit instructions in the ROB.
 639000: system.cpu.commit: [tid:0]: Can't commit, Instruction [sn:51] PC (0x40111d=>0x401121).(0=>1) is head of ROB and not ready
 639000: system.cpu.commit: [tid:0]: ROB has 18 insts & 174 free entries.
 639500: system.cpu.fetch: Running stage.
 639500: system.cpu.fetch: Attempting to fetch from [tid:0]
 639500: system.cpu.fetch: [tid:0]: Adding instructions to queue to decode.
 639500: system.cpu.iq: Attempting to schedule ready instructions from the IQ.
 639500: system.cpu.iq: Not able to schedule any instructions.
 639500: system.cpu.commit: DefaultCommimt<Impl>::tick() begins
 639500: system.cpu.commit: Getting instructions from Rename stage.
 639500: system.cpu.commit: Trying to commit instructions in the ROB.
 639500: system.cpu.commit: [tid:0]: Can't commit, Instruction [sn:51] PC (0x40111d=>0x401121).(0=>1) is head of ROB and not ready
 639500: system.cpu.commit: [tid:0]: ROB has 18 insts & 174 free entries.
 640000: system.cpu.fetch: Running stage.
 640000: system.cpu.fetch: Attempting to fetch from [tid:0]
 640000: system.cpu.fetch: [tid:0]: Adding instructions to queue to decode.
 640000: system.cpu.iq: Attempting to schedule ready instructions from the IQ.
 640000: system.cpu.iq: Not able to schedule any instructions.
 640000: system.cpu.commit: DefaultCommimt<Impl>::tick() begins
 640000: system.cpu.commit: Getting instructions from Rename stage.
 640000: system.cpu.commit: Trying to commit instructions in the ROB.
 640000: system.cpu.commit: [tid:0]: Can't commit, Instruction [sn:51] PC (0x40111d=>0x401121).(0=>1) is head of ROB and not ready
 640000: system.cpu.commit: [tid:0]: ROB has 18 insts & 174 free entries.
 640500: system.cpu.fetch: Running stage.
 640500: system.cpu.fetch: Attempting to fetch from [tid:0]
 640500: system.cpu.fetch: [tid:0]: Adding instructions to queue to decode.
 640500: system.cpu.iq: Attempting to schedule ready instructions from the IQ.
 640500: system.cpu.iq: Not able to schedule any instructions.
 640500: system.cpu.commit: DefaultCommimt<Impl>::tick() begins
 640500: system.cpu.commit: Getting instructions from Rename stage.
 640500: system.cpu.commit: Trying to commit instructions in the ROB.
 640500: system.cpu.commit: [tid:0]: Can't commit, Instruction [sn:51] PC (0x40111d=>0x401121).(0=>1) is head of ROB and not ready
 640500: system.cpu.commit: [tid:0]: ROB has 18 insts & 174 free entries.
 641000: system.cpu.fetch: Running stage.
 641000: system.cpu.fetch: Attempting to fetch from [tid:0]
 641000: system.cpu.fetch: [tid:0]: Adding instructions to queue to decode.
 641000: system.cpu.iq: Attempting to schedule ready instructions from the IQ.
 641000: system.cpu.iq: Not able to schedule any instructions.
 641000: system.cpu.commit: DefaultCommimt<Impl>::tick() begins
 641000: system.cpu.commit: Getting instructions from Rename stage.
 641000: system.cpu.commit: Trying to commit instructions in the ROB.
 641000: system.cpu.commit: [tid:0]: Can't commit, Instruction [sn:51] PC (0x40111d=>0x401121).(0=>1) is head of ROB and not ready
 641000: system.cpu.commit: [tid:0]: ROB has 18 insts & 174 free entries.
 641500: system.cpu.fetch: Running stage.
 641500: system.cpu.fetch: Attempting to fetch from [tid:0]
 641500: system.cpu.fetch: [tid:0]: Adding instructions to queue to decode.
 641500: system.cpu.iq: Attempting to schedule ready instructions from the IQ.
 641500: system.cpu.iq: Not able to schedule any instructions.
 641500: system.cpu.commit: DefaultCommimt<Impl>::tick() begins
 641500: system.cpu.commit: Getting instructions from Rename stage.
 641500: system.cpu.commit: Trying to commit instructions in the ROB.
 641500: system.cpu.commit: [tid:0]: Can't commit, Instruction [sn:51] PC (0x40111d=>0x401121).(0=>1) is head of ROB and not ready
 641500: system.cpu.commit: [tid:0]: ROB has 18 insts & 174 free entries.
 642000: system.cpu.fetch: Running stage.
 642000: system.cpu.fetch: Attempting to fetch from [tid:0]
 642000: system.cpu.fetch: [tid:0]: Adding instructions to queue to decode.
 642000: system.cpu.iq: Attempting to schedule ready instructions from the IQ.
 642000: system.cpu.iq: Not able to schedule any instructions.
 642000: system.cpu.commit: DefaultCommimt<Impl>::tick() begins
 642000: system.cpu.commit: Getting instructions from Rename stage.
 642000: system.cpu.commit: Trying to commit instructions in the ROB.
 642000: system.cpu.commit: [tid:0]: Can't commit, Instruction [sn:51] PC (0x40111d=>0x401121).(0=>1) is head of ROB and not ready
 642000: system.cpu.commit: [tid:0]: ROB has 18 insts & 174 free entries.
 642500: system.cpu.fetch: Running stage.
 642500: system.cpu.fetch: Attempting to fetch from [tid:0]
 642500: system.cpu.fetch: [tid:0]: Adding instructions to queue to decode.
 642500: system.cpu.iq: Attempting to schedule ready instructions from the IQ.
 642500: system.cpu.iq: Not able to schedule any instructions.
 642500: system.cpu.commit: DefaultCommimt<Impl>::tick() begins
 642500: system.cpu.commit: Getting instructions from Rename stage.
 642500: system.cpu.commit: Trying to commit instructions in the ROB.
 642500: system.cpu.commit: [tid:0]: Can't commit, Instruction [sn:51] PC (0x40111d=>0x401121).(0=>1) is head of ROB and not ready
 642500: system.cpu.commit: [tid:0]: ROB has 18 insts & 174 free entries.
 643000: system.cpu.fetch: Running stage.
 643000: system.cpu.fetch: Attempting to fetch from [tid:0]
 643000: system.cpu.fetch: [tid:0]: Adding instructions to queue to decode.
 643000: system.cpu.iq: Attempting to schedule ready instructions from the IQ.
 643000: system.cpu.iq: Not able to schedule any instructions.
 643000: system.cpu.commit: DefaultCommimt<Impl>::tick() begins
 643000: system.cpu.commit: Getting instructions from Rename stage.
 643000: system.cpu.commit: Trying to commit instructions in the ROB.
 643000: system.cpu.commit: [tid:0]: Can't commit, Instruction [sn:51] PC (0x40111d=>0x401121).(0=>1) is head of ROB and not ready
 643000: system.cpu.commit: [tid:0]: ROB has 18 insts & 174 free entries.
 643500: system.cpu.fetch: Running stage.
 643500: system.cpu.fetch: Attempting to fetch from [tid:0]
 643500: system.cpu.fetch: [tid:0]: Adding instructions to queue to decode.
 643500: system.cpu.iq: Attempting to schedule ready instructions from the IQ.
 643500: system.cpu.iq: Not able to schedule any instructions.
 643500: system.cpu.commit: DefaultCommimt<Impl>::tick() begins
 643500: system.cpu.commit: Getting instructions from Rename stage.
 643500: system.cpu.commit: Trying to commit instructions in the ROB.
 643500: system.cpu.commit: [tid:0]: Can't commit, Instruction [sn:51] PC (0x40111d=>0x401121).(0=>1) is head of ROB and not ready
 643500: system.cpu.commit: [tid:0]: ROB has 18 insts & 174 free entries.
 644000: system.cpu.fetch: Running stage.
 644000: system.cpu.fetch: Attempting to fetch from [tid:0]
 644000: system.cpu.fetch: [tid:0]: Adding instructions to queue to decode.
 644000: system.cpu.iq: Attempting to schedule ready instructions from the IQ.
 644000: system.cpu.iq: Not able to schedule any instructions.
 644000: system.cpu.commit: DefaultCommimt<Impl>::tick() begins
 644000: system.cpu.commit: Getting instructions from Rename stage.
 644000: system.cpu.commit: Trying to commit instructions in the ROB.
 644000: system.cpu.commit: [tid:0]: Can't commit, Instruction [sn:51] PC (0x40111d=>0x401121).(0=>1) is head of ROB and not ready
 644000: system.cpu.commit: [tid:0]: ROB has 18 insts & 174 free entries.
 644500: system.cpu.fetch: Running stage.
 644500: system.cpu.fetch: Attempting to fetch from [tid:0]
 644500: system.cpu.fetch: [tid:0]: Adding instructions to queue to decode.
 644500: system.cpu.iq: Attempting to schedule ready instructions from the IQ.
 644500: system.cpu.iq: Not able to schedule any instructions.
 644500: system.cpu.commit: DefaultCommimt<Impl>::tick() begins
 644500: system.cpu.commit: Getting instructions from Rename stage.
 644500: system.cpu.commit: Trying to commit instructions in the ROB.
 644500: system.cpu.commit: [tid:0]: Can't commit, Instruction [sn:51] PC (0x40111d=>0x401121).(0=>1) is head of ROB and not ready
 644500: system.cpu.commit: [tid:0]: ROB has 18 insts & 174 free entries.
 645000: system.cpu.fetch: Running stage.
 645000: system.cpu.fetch: Attempting to fetch from [tid:0]
 645000: system.cpu.fetch: [tid:0]: Adding instructions to queue to decode.
 645000: system.cpu.iq: Attempting to schedule ready instructions from the IQ.
 645000: system.cpu.iq: Not able to schedule any instructions.
 645000: system.cpu.commit: DefaultCommimt<Impl>::tick() begins
 645000: system.cpu.commit: Getting instructions from Rename stage.
 645000: system.cpu.commit: Trying to commit instructions in the ROB.
 645000: system.cpu.commit: [tid:0]: Can't commit, Instruction [sn:51] PC (0x40111d=>0x401121).(0=>1) is head of ROB and not ready
 645000: system.cpu.commit: [tid:0]: ROB has 18 insts & 174 free entries.
 645500: system.cpu.fetch: Running stage.
 645500: system.cpu.fetch: Attempting to fetch from [tid:0]
 645500: system.cpu.fetch: [tid:0]: Adding instructions to queue to decode.
 645500: system.cpu.iq: Attempting to schedule ready instructions from the IQ.
 645500: system.cpu.iq: Not able to schedule any instructions.
 645500: system.cpu.commit: DefaultCommimt<Impl>::tick() begins
 645500: system.cpu.commit: Getting instructions from Rename stage.
 645500: system.cpu.commit: Trying to commit instructions in the ROB.
 645500: system.cpu.commit: [tid:0]: Can't commit, Instruction [sn:51] PC (0x40111d=>0x401121).(0=>1) is head of ROB and not ready
 645500: system.cpu.commit: [tid:0]: ROB has 18 insts & 174 free entries.
 646000: system.cpu.fetch: Running stage.
 646000: system.cpu.fetch: Attempting to fetch from [tid:0]
 646000: system.cpu.fetch: [tid:0]: Adding instructions to queue to decode.
 646000: system.cpu.iq: Attempting to schedule ready instructions from the IQ.
 646000: system.cpu.iq: Not able to schedule any instructions.
 646000: system.cpu.commit: DefaultCommimt<Impl>::tick() begins
 646000: system.cpu.commit: Getting instructions from Rename stage.
 646000: system.cpu.commit: Trying to commit instructions in the ROB.
 646000: system.cpu.commit: [tid:0]: Can't commit, Instruction [sn:51] PC (0x40111d=>0x401121).(0=>1) is head of ROB and not ready
 646000: system.cpu.commit: [tid:0]: ROB has 18 insts & 174 free entries.
 646500: system.cpu.fetch: Running stage.
 646500: system.cpu.fetch: Attempting to fetch from [tid:0]
 646500: system.cpu.fetch: [tid:0]: Adding instructions to queue to decode.
 646500: system.cpu.iq: Attempting to schedule ready instructions from the IQ.
 646500: system.cpu.iq: Not able to schedule any instructions.
 646500: system.cpu.commit: DefaultCommimt<Impl>::tick() begins
 646500: system.cpu.commit: Getting instructions from Rename stage.
 646500: system.cpu.commit: Trying to commit instructions in the ROB.
 646500: system.cpu.commit: [tid:0]: Can't commit, Instruction [sn:51] PC (0x40111d=>0x401121).(0=>1) is head of ROB and not ready
 646500: system.cpu.commit: [tid:0]: ROB has 18 insts & 174 free entries.
 647000: system.cpu.fetch: Running stage.
 647000: system.cpu.fetch: Attempting to fetch from [tid:0]
 647000: system.cpu.fetch: [tid:0]: Adding instructions to queue to decode.
 647000: system.cpu.iq: Attempting to schedule ready instructions from the IQ.
 647000: system.cpu.iq: Not able to schedule any instructions.
 647000: system.cpu.commit: DefaultCommimt<Impl>::tick() begins
 647000: system.cpu.commit: Getting instructions from Rename stage.
 647000: system.cpu.commit: Trying to commit instructions in the ROB.
 647000: system.cpu.commit: [tid:0]: Can't commit, Instruction [sn:51] PC (0x40111d=>0x401121).(0=>1) is head of ROB and not ready
 647000: system.cpu.commit: [tid:0]: ROB has 18 insts & 174 free entries.
 647500: system.cpu.fetch: Running stage.
 647500: system.cpu.fetch: Attempting to fetch from [tid:0]
 647500: system.cpu.fetch: [tid:0]: Adding instructions to queue to decode.
 647500: system.cpu.iq: Attempting to schedule ready instructions from the IQ.
 647500: system.cpu.iq: Not able to schedule any instructions.
 647500: system.cpu.commit: DefaultCommimt<Impl>::tick() begins
 647500: system.cpu.commit: Getting instructions from Rename stage.
 647500: system.cpu.commit: Trying to commit instructions in the ROB.
 647500: system.cpu.commit: [tid:0]: Can't commit, Instruction [sn:51] PC (0x40111d=>0x401121).(0=>1) is head of ROB and not ready
 647500: system.cpu.commit: [tid:0]: ROB has 18 insts & 174 free entries.
 648000: system.cpu.fetch: Running stage.
 648000: system.cpu.fetch: Attempting to fetch from [tid:0]
 648000: system.cpu.fetch: [tid:0]: Adding instructions to queue to decode.
 648000: system.cpu.iq: Attempting to schedule ready instructions from the IQ.
 648000: system.cpu.iq: Not able to schedule any instructions.
 648000: system.cpu.commit: DefaultCommimt<Impl>::tick() begins
 648000: system.cpu.commit: Getting instructions from Rename stage.
 648000: system.cpu.commit: Trying to commit instructions in the ROB.
 648000: system.cpu.commit: [tid:0]: Can't commit, Instruction [sn:51] PC (0x40111d=>0x401121).(0=>1) is head of ROB and not ready
 648000: system.cpu.commit: [tid:0]: ROB has 18 insts & 174 free entries.
 648500: system.cpu.fetch: Running stage.
 648500: system.cpu.fetch: Attempting to fetch from [tid:0]
 648500: system.cpu.fetch: [tid:0]: Adding instructions to queue to decode.
 648500: system.cpu.iq: Attempting to schedule ready instructions from the IQ.
 648500: system.cpu.iq: Not able to schedule any instructions.
 648500: system.cpu.commit: DefaultCommimt<Impl>::tick() begins
 648500: system.cpu.commit: Getting instructions from Rename stage.
 648500: system.cpu.commit: Trying to commit instructions in the ROB.
 648500: system.cpu.commit: [tid:0]: Can't commit, Instruction [sn:51] PC (0x40111d=>0x401121).(0=>1) is head of ROB and not ready
 648500: system.cpu.commit: [tid:0]: ROB has 18 insts & 174 free entries.
 649000: system.cpu.fetch: Running stage.
 649000: system.cpu.fetch: Attempting to fetch from [tid:0]
 649000: system.cpu.fetch: [tid:0]: Adding instructions to queue to decode.
 649000: system.cpu.iq: Attempting to schedule ready instructions from the IQ.
 649000: system.cpu.iq: Not able to schedule any instructions.
 649000: system.cpu.commit: DefaultCommimt<Impl>::tick() begins
 649000: system.cpu.commit: Getting instructions from Rename stage.
 649000: system.cpu.commit: Trying to commit instructions in the ROB.
 649000: system.cpu.commit: [tid:0]: Can't commit, Instruction [sn:51] PC (0x40111d=>0x401121).(0=>1) is head of ROB and not ready
 649000: system.cpu.commit: [tid:0]: ROB has 18 insts & 174 free entries.
 649500: system.cpu.fetch: Running stage.
 649500: system.cpu.fetch: Attempting to fetch from [tid:0]
 649500: system.cpu.fetch: [tid:0]: Adding instructions to queue to decode.
 649500: system.cpu.iq: Attempting to schedule ready instructions from the IQ.
 649500: system.cpu.iq: Not able to schedule any instructions.
 649500: system.cpu.commit: DefaultCommimt<Impl>::tick() begins
 649500: system.cpu.commit: Getting instructions from Rename stage.
 649500: system.cpu.commit: Trying to commit instructions in the ROB.
 649500: system.cpu.commit: [tid:0]: Can't commit, Instruction [sn:51] PC (0x40111d=>0x401121).(0=>1) is head of ROB and not ready
 649500: system.cpu.commit: [tid:0]: ROB has 18 insts & 174 free entries.
 650000: system.cpu.fetch: Running stage.
 650000: system.cpu.fetch: Attempting to fetch from [tid:0]
 650000: system.cpu.fetch: [tid:0]: Adding instructions to queue to decode.
 650000: system.cpu.iq: Attempting to schedule ready instructions from the IQ.
 650000: system.cpu.iq: Not able to schedule any instructions.
 650000: system.cpu.commit: DefaultCommimt<Impl>::tick() begins
 650000: system.cpu.commit: Getting instructions from Rename stage.
 650000: system.cpu.commit: Trying to commit instructions in the ROB.
 650000: system.cpu.commit: [tid:0]: Can't commit, Instruction [sn:51] PC (0x40111d=>0x401121).(0=>1) is head of ROB and not ready
 650000: system.cpu.commit: [tid:0]: ROB has 18 insts & 174 free entries.
 650500: system.cpu.fetch: Running stage.
 650500: system.cpu.fetch: Attempting to fetch from [tid:0]
 650500: system.cpu.fetch: [tid:0]: Adding instructions to queue to decode.
 650500: system.cpu.iq: Attempting to schedule ready instructions from the IQ.
 650500: system.cpu.iq: Not able to schedule any instructions.
 650500: system.cpu.commit: DefaultCommimt<Impl>::tick() begins
 650500: system.cpu.commit: Getting instructions from Rename stage.
 650500: system.cpu.commit: Trying to commit instructions in the ROB.
 650500: system.cpu.commit: [tid:0]: Can't commit, Instruction [sn:51] PC (0x40111d=>0x401121).(0=>1) is head of ROB and not ready
 650500: system.cpu.commit: [tid:0]: ROB has 18 insts & 174 free entries.
 651000: system.cpu.fetch: Running stage.
 651000: system.cpu.fetch: Attempting to fetch from [tid:0]
 651000: system.cpu.fetch: [tid:0]: Adding instructions to queue to decode.
 651000: system.cpu.iq: Attempting to schedule ready instructions from the IQ.
 651000: system.cpu.iq: Not able to schedule any instructions.
 651000: system.cpu.commit: DefaultCommimt<Impl>::tick() begins
 651000: system.cpu.commit: Getting instructions from Rename stage.
 651000: system.cpu.commit: Trying to commit instructions in the ROB.
 651000: system.cpu.commit: [tid:0]: Can't commit, Instruction [sn:51] PC (0x40111d=>0x401121).(0=>1) is head of ROB and not ready
 651000: system.cpu.commit: [tid:0]: ROB has 18 insts & 174 free entries.
 651500: system.cpu.fetch: Running stage.
 651500: system.cpu.fetch: Attempting to fetch from [tid:0]
 651500: system.cpu.fetch: [tid:0]: Adding instructions to queue to decode.
 651500: system.cpu.iq: Attempting to schedule ready instructions from the IQ.
 651500: system.cpu.iq: Not able to schedule any instructions.
 651500: system.cpu.commit: DefaultCommimt<Impl>::tick() begins
 651500: system.cpu.commit: Getting instructions from Rename stage.
 651500: system.cpu.commit: Trying to commit instructions in the ROB.
 651500: system.cpu.commit: [tid:0]: Can't commit, Instruction [sn:51] PC (0x40111d=>0x401121).(0=>1) is head of ROB and not ready
 651500: system.cpu.commit: [tid:0]: ROB has 18 insts & 174 free entries.
 652000: system.cpu.fetch: Running stage.
 652000: system.cpu.fetch: Attempting to fetch from [tid:0]
 652000: system.cpu.fetch: [tid:0]: Adding instructions to queue to decode.
 652000: system.cpu.iq: Attempting to schedule ready instructions from the IQ.
 652000: system.cpu.iq: Not able to schedule any instructions.
 652000: system.cpu.commit: DefaultCommimt<Impl>::tick() begins
 652000: system.cpu.commit: Getting instructions from Rename stage.
 652000: system.cpu.commit: Trying to commit instructions in the ROB.
 652000: system.cpu.commit: [tid:0]: Can't commit, Instruction [sn:51] PC (0x40111d=>0x401121).(0=>1) is head of ROB and not ready
 652000: system.cpu.commit: [tid:0]: ROB has 18 insts & 174 free entries.
 652500: system.cpu.fetch: Running stage.
 652500: system.cpu.fetch: Attempting to fetch from [tid:0]
 652500: system.cpu.fetch: [tid:0]: Adding instructions to queue to decode.
 652500: system.cpu.iq: Attempting to schedule ready instructions from the IQ.
 652500: system.cpu.iq: Not able to schedule any instructions.
 652500: system.cpu.commit: DefaultCommimt<Impl>::tick() begins
 652500: system.cpu.commit: Getting instructions from Rename stage.
 652500: system.cpu.commit: Trying to commit instructions in the ROB.
 652500: system.cpu.commit: [tid:0]: Can't commit, Instruction [sn:51] PC (0x40111d=>0x401121).(0=>1) is head of ROB and not ready
 652500: system.cpu.commit: [tid:0]: ROB has 18 insts & 174 free entries.
 653000: system.cpu.fetch: Running stage.
 653000: system.cpu.fetch: Attempting to fetch from [tid:0]
 653000: system.cpu.fetch: [tid:0]: Adding instructions to queue to decode.
 653000: system.cpu.iq: Attempting to schedule ready instructions from the IQ.
 653000: system.cpu.iq: Not able to schedule any instructions.
 653000: system.cpu.commit: DefaultCommimt<Impl>::tick() begins
 653000: system.cpu.commit: Getting instructions from Rename stage.
 653000: system.cpu.commit: Trying to commit instructions in the ROB.
 653000: system.cpu.commit: [tid:0]: Can't commit, Instruction [sn:51] PC (0x40111d=>0x401121).(0=>1) is head of ROB and not ready
 653000: system.cpu.commit: [tid:0]: ROB has 18 insts & 174 free entries.
 653500: system.cpu.fetch: Running stage.
 653500: system.cpu.fetch: Attempting to fetch from [tid:0]
 653500: system.cpu.fetch: [tid:0]: Adding instructions to queue to decode.
 653500: system.cpu.iq: Attempting to schedule ready instructions from the IQ.
 653500: system.cpu.iq: Not able to schedule any instructions.
 653500: system.cpu.commit: DefaultCommimt<Impl>::tick() begins
 653500: system.cpu.commit: Getting instructions from Rename stage.
 653500: system.cpu.commit: Trying to commit instructions in the ROB.
 653500: system.cpu.commit: [tid:0]: Can't commit, Instruction [sn:51] PC (0x40111d=>0x401121).(0=>1) is head of ROB and not ready
 653500: system.cpu.commit: [tid:0]: ROB has 18 insts & 174 free entries.
 654000: system.cpu.fetch: Running stage.
 654000: system.cpu.fetch: Attempting to fetch from [tid:0]
 654000: system.cpu.fetch: [tid:0]: Adding instructions to queue to decode.
 654000: system.cpu.iq: Attempting to schedule ready instructions from the IQ.
 654000: system.cpu.iq: Not able to schedule any instructions.
 654000: system.cpu.commit: DefaultCommimt<Impl>::tick() begins
 654000: system.cpu.commit: Getting instructions from Rename stage.
 654000: system.cpu.commit: Trying to commit instructions in the ROB.
 654000: system.cpu.commit: [tid:0]: Can't commit, Instruction [sn:51] PC (0x40111d=>0x401121).(0=>1) is head of ROB and not ready
 654000: system.cpu.commit: [tid:0]: ROB has 18 insts & 174 free entries.
 654500: system.cpu.fetch: Running stage.
 654500: system.cpu.fetch: Attempting to fetch from [tid:0]
 654500: system.cpu.fetch: [tid:0]: Adding instructions to queue to decode.
 654500: system.cpu.iq: Attempting to schedule ready instructions from the IQ.
 654500: system.cpu.iq: Not able to schedule any instructions.
 654500: system.cpu.commit: DefaultCommimt<Impl>::tick() begins
 654500: system.cpu.commit: Getting instructions from Rename stage.
 654500: system.cpu.commit: Trying to commit instructions in the ROB.
 654500: system.cpu.commit: [tid:0]: Can't commit, Instruction [sn:51] PC (0x40111d=>0x401121).(0=>1) is head of ROB and not ready
 654500: system.cpu.commit: [tid:0]: ROB has 18 insts & 174 free entries.
 655000: system.cpu.fetch: Running stage.
 655000: system.cpu.fetch: Attempting to fetch from [tid:0]
 655000: system.cpu.fetch: [tid:0]: Adding instructions to queue to decode.
 655000: system.cpu.iq: Attempting to schedule ready instructions from the IQ.
 655000: system.cpu.iq: Not able to schedule any instructions.
 655000: system.cpu.commit: DefaultCommimt<Impl>::tick() begins
 655000: system.cpu.commit: Getting instructions from Rename stage.
 655000: system.cpu.commit: Trying to commit instructions in the ROB.
 655000: system.cpu.commit: [tid:0]: Can't commit, Instruction [sn:51] PC (0x40111d=>0x401121).(0=>1) is head of ROB and not ready
 655000: system.cpu.commit: [tid:0]: ROB has 18 insts & 174 free entries.
 655500: system.cpu.fetch: Running stage.
 655500: system.cpu.fetch: Attempting to fetch from [tid:0]
 655500: system.cpu.fetch: [tid:0]: Adding instructions to queue to decode.
 655500: system.cpu.iq: Attempting to schedule ready instructions from the IQ.
 655500: system.cpu.iq: Not able to schedule any instructions.
 655500: system.cpu.commit: DefaultCommimt<Impl>::tick() begins
 655500: system.cpu.commit: Getting instructions from Rename stage.
 655500: system.cpu.commit: Trying to commit instructions in the ROB.
 655500: system.cpu.commit: [tid:0]: Can't commit, Instruction [sn:51] PC (0x40111d=>0x401121).(0=>1) is head of ROB and not ready
 655500: system.cpu.commit: [tid:0]: ROB has 18 insts & 174 free entries.
 656000: system.cpu.fetch: Running stage.
 656000: system.cpu.fetch: Attempting to fetch from [tid:0]
 656000: system.cpu.fetch: [tid:0]: Adding instructions to queue to decode.
 656000: system.cpu.iq: Attempting to schedule ready instructions from the IQ.
 656000: system.cpu.iq: Not able to schedule any instructions.
 656000: system.cpu.commit: DefaultCommimt<Impl>::tick() begins
 656000: system.cpu.commit: Getting instructions from Rename stage.
 656000: system.cpu.commit: Trying to commit instructions in the ROB.
 656000: system.cpu.commit: [tid:0]: Can't commit, Instruction [sn:51] PC (0x40111d=>0x401121).(0=>1) is head of ROB and not ready
 656000: system.cpu.commit: [tid:0]: ROB has 18 insts & 174 free entries.
 656500: system.cpu.fetch: Running stage.
 656500: system.cpu.fetch: Attempting to fetch from [tid:0]
 656500: system.cpu.fetch: [tid:0]: Adding instructions to queue to decode.
 656500: system.cpu.iq: Attempting to schedule ready instructions from the IQ.
 656500: system.cpu.iq: Not able to schedule any instructions.
 656500: system.cpu.commit: DefaultCommimt<Impl>::tick() begins
 656500: system.cpu.commit: Getting instructions from Rename stage.
 656500: system.cpu.commit: Trying to commit instructions in the ROB.
 656500: system.cpu.commit: [tid:0]: Can't commit, Instruction [sn:51] PC (0x40111d=>0x401121).(0=>1) is head of ROB and not ready
 656500: system.cpu.commit: [tid:0]: ROB has 18 insts & 174 free entries.
 657000: system.cpu.fetch: Running stage.
 657000: system.cpu.fetch: Attempting to fetch from [tid:0]
 657000: system.cpu.fetch: [tid:0]: Adding instructions to queue to decode.
 657000: system.cpu.iq: Attempting to schedule ready instructions from the IQ.
 657000: system.cpu.iq: Not able to schedule any instructions.
 657000: system.cpu.commit: DefaultCommimt<Impl>::tick() begins
 657000: system.cpu.commit: Getting instructions from Rename stage.
 657000: system.cpu.commit: Trying to commit instructions in the ROB.
 657000: system.cpu.commit: [tid:0]: Can't commit, Instruction [sn:51] PC (0x40111d=>0x401121).(0=>1) is head of ROB and not ready
 657000: system.cpu.commit: [tid:0]: ROB has 18 insts & 174 free entries.
 657500: system.cpu.fetch: Running stage.
 657500: system.cpu.fetch: Attempting to fetch from [tid:0]
 657500: system.cpu.fetch: [tid:0]: Adding instructions to queue to decode.
 657500: system.cpu.iq: Attempting to schedule ready instructions from the IQ.
 657500: system.cpu.iq: Not able to schedule any instructions.
 657500: system.cpu.commit: DefaultCommimt<Impl>::tick() begins
 657500: system.cpu.commit: Getting instructions from Rename stage.
 657500: system.cpu.commit: Trying to commit instructions in the ROB.
 657500: system.cpu.commit: [tid:0]: Can't commit, Instruction [sn:51] PC (0x40111d=>0x401121).(0=>1) is head of ROB and not ready
 657500: system.cpu.commit: [tid:0]: ROB has 18 insts & 174 free entries.
 658000: system.cpu.fetch: Running stage.
 658000: system.cpu.fetch: Attempting to fetch from [tid:0]
 658000: system.cpu.fetch: [tid:0]: Adding instructions to queue to decode.
 658000: system.cpu.iq: Attempting to schedule ready instructions from the IQ.
 658000: system.cpu.iq: Not able to schedule any instructions.
 658000: system.cpu.commit: DefaultCommimt<Impl>::tick() begins
 658000: system.cpu.commit: Getting instructions from Rename stage.
 658000: system.cpu.commit: Trying to commit instructions in the ROB.
 658000: system.cpu.commit: [tid:0]: Can't commit, Instruction [sn:51] PC (0x40111d=>0x401121).(0=>1) is head of ROB and not ready
 658000: system.cpu.commit: [tid:0]: ROB has 18 insts & 174 free entries.
 658500: system.cpu.fetch: Running stage.
 658500: system.cpu.fetch: Attempting to fetch from [tid:0]
 658500: system.cpu.fetch: [tid:0]: Adding instructions to queue to decode.
 658500: system.cpu.iq: Attempting to schedule ready instructions from the IQ.
 658500: system.cpu.iq: Not able to schedule any instructions.
 658500: system.cpu.commit: DefaultCommimt<Impl>::tick() begins
 658500: system.cpu.commit: Getting instructions from Rename stage.
 658500: system.cpu.commit: Trying to commit instructions in the ROB.
 658500: system.cpu.commit: [tid:0]: Can't commit, Instruction [sn:51] PC (0x40111d=>0x401121).(0=>1) is head of ROB and not ready
 658500: system.cpu.commit: [tid:0]: ROB has 18 insts & 174 free entries.
 659000: system.cpu.fetch: Running stage.
 659000: system.cpu.fetch: Attempting to fetch from [tid:0]
 659000: system.cpu.fetch: [tid:0]: Adding instructions to queue to decode.
 659000: system.cpu.iq: Attempting to schedule ready instructions from the IQ.
 659000: system.cpu.iq: Not able to schedule any instructions.
 659000: system.cpu.commit: DefaultCommimt<Impl>::tick() begins
 659000: system.cpu.commit: Getting instructions from Rename stage.
 659000: system.cpu.commit: Trying to commit instructions in the ROB.
 659000: system.cpu.commit: [tid:0]: Can't commit, Instruction [sn:51] PC (0x40111d=>0x401121).(0=>1) is head of ROB and not ready
 659000: system.cpu.commit: [tid:0]: ROB has 18 insts & 174 free entries.
 659500: system.cpu.fetch: Running stage.
 659500: system.cpu.fetch: Attempting to fetch from [tid:0]
 659500: system.cpu.fetch: [tid:0]: Adding instructions to queue to decode.
 659500: system.cpu.iq: Attempting to schedule ready instructions from the IQ.
 659500: system.cpu.iq: Not able to schedule any instructions.
 659500: system.cpu.commit: DefaultCommimt<Impl>::tick() begins
 659500: system.cpu.commit: Getting instructions from Rename stage.
 659500: system.cpu.commit: Trying to commit instructions in the ROB.
 659500: system.cpu.commit: [tid:0]: Can't commit, Instruction [sn:51] PC (0x40111d=>0x401121).(0=>1) is head of ROB and not ready
 659500: system.cpu.commit: [tid:0]: ROB has 18 insts & 174 free entries.
 660000: system.cpu.fetch: Running stage.
 660000: system.cpu.fetch: Attempting to fetch from [tid:0]
 660000: system.cpu.fetch: [tid:0]: Adding instructions to queue to decode.
 660000: system.cpu.iq: Attempting to schedule ready instructions from the IQ.
 660000: system.cpu.iq: Not able to schedule any instructions.
 660000: system.cpu.commit: DefaultCommimt<Impl>::tick() begins
 660000: system.cpu.commit: Getting instructions from Rename stage.
 660000: system.cpu.commit: Trying to commit instructions in the ROB.
 660000: system.cpu.commit: [tid:0]: Can't commit, Instruction [sn:51] PC (0x40111d=>0x401121).(0=>1) is head of ROB and not ready
 660000: system.cpu.commit: [tid:0]: ROB has 18 insts & 174 free entries.
 660500: system.cpu.fetch: Running stage.
 660500: system.cpu.fetch: Attempting to fetch from [tid:0]
 660500: system.cpu.fetch: [tid:0]: Adding instructions to queue to decode.
 660500: system.cpu.iq: Attempting to schedule ready instructions from the IQ.
 660500: system.cpu.iq: Not able to schedule any instructions.
 660500: system.cpu.commit: DefaultCommimt<Impl>::tick() begins
 660500: system.cpu.commit: Getting instructions from Rename stage.
 660500: system.cpu.commit: Trying to commit instructions in the ROB.
 660500: system.cpu.commit: [tid:0]: Can't commit, Instruction [sn:51] PC (0x40111d=>0x401121).(0=>1) is head of ROB and not ready
 660500: system.cpu.commit: [tid:0]: ROB has 18 insts & 174 free entries.
 661000: system.cpu.fetch: Running stage.
 661000: system.cpu.fetch: Attempting to fetch from [tid:0]
 661000: system.cpu.fetch: [tid:0]: Adding instructions to queue to decode.
 661000: system.cpu.iq: Attempting to schedule ready instructions from the IQ.
 661000: system.cpu.iq: Not able to schedule any instructions.
 661000: system.cpu.commit: DefaultCommimt<Impl>::tick() begins
 661000: system.cpu.commit: Getting instructions from Rename stage.
 661000: system.cpu.commit: Trying to commit instructions in the ROB.
 661000: system.cpu.commit: [tid:0]: Can't commit, Instruction [sn:51] PC (0x40111d=>0x401121).(0=>1) is head of ROB and not ready
 661000: system.cpu.commit: [tid:0]: ROB has 18 insts & 174 free entries.
 661500: system.cpu.fetch: Running stage.
 661500: system.cpu.fetch: Attempting to fetch from [tid:0]
 661500: system.cpu.fetch: [tid:0]: Adding instructions to queue to decode.
 661500: system.cpu.iq: Attempting to schedule ready instructions from the IQ.
 661500: system.cpu.iq: Not able to schedule any instructions.
 661500: system.cpu.commit: DefaultCommimt<Impl>::tick() begins
 661500: system.cpu.commit: Getting instructions from Rename stage.
 661500: system.cpu.commit: Trying to commit instructions in the ROB.
 661500: system.cpu.commit: [tid:0]: Can't commit, Instruction [sn:51] PC (0x40111d=>0x401121).(0=>1) is head of ROB and not ready
 661500: system.cpu.commit: [tid:0]: ROB has 18 insts & 174 free entries.
 662000: system.cpu.fetch: Running stage.
 662000: system.cpu.fetch: Attempting to fetch from [tid:0]
 662000: system.cpu.fetch: [tid:0]: Adding instructions to queue to decode.
 662000: system.cpu.iq: Attempting to schedule ready instructions from the IQ.
 662000: system.cpu.iq: Not able to schedule any instructions.
 662000: system.cpu.commit: DefaultCommimt<Impl>::tick() begins
 662000: system.cpu.commit: Getting instructions from Rename stage.
 662000: system.cpu.commit: Trying to commit instructions in the ROB.
 662000: system.cpu.commit: [tid:0]: Can't commit, Instruction [sn:51] PC (0x40111d=>0x401121).(0=>1) is head of ROB and not ready
 662000: system.cpu.commit: [tid:0]: ROB has 18 insts & 174 free entries.
 662500: system.cpu.fetch: Running stage.
 662500: system.cpu.fetch: Attempting to fetch from [tid:0]
 662500: system.cpu.fetch: [tid:0]: Adding instructions to queue to decode.
 662500: system.cpu.iq: Attempting to schedule ready instructions from the IQ.
 662500: system.cpu.iq: Not able to schedule any instructions.
 662500: system.cpu.commit: DefaultCommimt<Impl>::tick() begins
 662500: system.cpu.commit: Getting instructions from Rename stage.
 662500: system.cpu.commit: Trying to commit instructions in the ROB.
 662500: system.cpu.commit: [tid:0]: Can't commit, Instruction [sn:51] PC (0x40111d=>0x401121).(0=>1) is head of ROB and not ready
 662500: system.cpu.commit: [tid:0]: ROB has 18 insts & 174 free entries.
 663000: system.cpu.fetch: Running stage.
 663000: system.cpu.fetch: Attempting to fetch from [tid:0]
 663000: system.cpu.fetch: [tid:0]: Adding instructions to queue to decode.
 663000: system.cpu.iq: Attempting to schedule ready instructions from the IQ.
 663000: system.cpu.iq: Not able to schedule any instructions.
 663000: system.cpu.commit: DefaultCommimt<Impl>::tick() begins
 663000: system.cpu.commit: Getting instructions from Rename stage.
 663000: system.cpu.commit: Trying to commit instructions in the ROB.
 663000: system.cpu.commit: [tid:0]: Can't commit, Instruction [sn:51] PC (0x40111d=>0x401121).(0=>1) is head of ROB and not ready
 663000: system.cpu.commit: [tid:0]: ROB has 18 insts & 174 free entries.
 663500: system.cpu.fetch: Running stage.
 663500: system.cpu.fetch: Attempting to fetch from [tid:0]
 663500: system.cpu.fetch: [tid:0]: Adding instructions to queue to decode.
 663500: system.cpu.iq: Attempting to schedule ready instructions from the IQ.
 663500: system.cpu.iq: Not able to schedule any instructions.
 663500: system.cpu.commit: DefaultCommimt<Impl>::tick() begins
 663500: system.cpu.commit: Getting instructions from Rename stage.
 663500: system.cpu.commit: Trying to commit instructions in the ROB.
 663500: system.cpu.commit: [tid:0]: Can't commit, Instruction [sn:51] PC (0x40111d=>0x401121).(0=>1) is head of ROB and not ready
 663500: system.cpu.commit: [tid:0]: ROB has 18 insts & 174 free entries.
 664000: system.cpu.fetch: Running stage.
 664000: system.cpu.fetch: Attempting to fetch from [tid:0]
 664000: system.cpu.fetch: [tid:0]: Adding instructions to queue to decode.
 664000: system.cpu.iq: Attempting to schedule ready instructions from the IQ.
 664000: system.cpu.iq: Not able to schedule any instructions.
 664000: system.cpu.commit: DefaultCommimt<Impl>::tick() begins
 664000: system.cpu.commit: Getting instructions from Rename stage.
 664000: system.cpu.commit: Trying to commit instructions in the ROB.
 664000: system.cpu.commit: [tid:0]: Can't commit, Instruction [sn:51] PC (0x40111d=>0x401121).(0=>1) is head of ROB and not ready
 664000: system.cpu.commit: [tid:0]: ROB has 18 insts & 174 free entries.
 664500: system.cpu.fetch: Running stage.
 664500: system.cpu.fetch: Attempting to fetch from [tid:0]
 664500: system.cpu.fetch: [tid:0]: Adding instructions to queue to decode.
 664500: system.cpu.iq: Attempting to schedule ready instructions from the IQ.
 664500: system.cpu.iq: Not able to schedule any instructions.
 664500: system.cpu.commit: DefaultCommimt<Impl>::tick() begins
 664500: system.cpu.commit: Getting instructions from Rename stage.
 664500: system.cpu.commit: Trying to commit instructions in the ROB.
 664500: system.cpu.commit: [tid:0]: Can't commit, Instruction [sn:51] PC (0x40111d=>0x401121).(0=>1) is head of ROB and not ready
 664500: system.cpu.commit: [tid:0]: ROB has 18 insts & 174 free entries.
 664501: system.cpu.iew.lsq: Received D$ response for packet addr 0x25c0, block addr 0x25c0
 665000: system.cpu.fetch: Running stage.
 665000: system.cpu.fetch: Attempting to fetch from [tid:0]
 665000: system.cpu.fetch: [tid:0]: Adding instructions to queue to decode.
 665000: system.cpu.iq: Waking dependents of completed instruction [sn:51].
 665000: system.cpu.iq: Completing mem instruction PC: (0x40111d=>0x401121).(0=>1) [sn:51]
 665000: system.cpu.memDep0: Completed mem instruction PC (0x40111d=>0x401121).(0=>1) [sn:51].
 665000: system.cpu.iq: Waking any dependents on register 85 (IntRegClass).
 665000: system.cpu.iq: Waking up a dependent instruction, [sn:53] PC (0x401121=>0x401125).(1=>2).
 665000: global: [sn:53] has 2 ready out of 2 sources. RTI 0)
 665000: system.cpu.iq: (addIfReady, regular) Instruction is ready to issue, putting it onto the ready list, PC (0x401121=>0x401125).(1=>2) opclass:1 [sn:53].
 665000: system.cpu.iq: Attempting to schedule ready instructions from the IQ.
 665000: system.cpu.iq: Thread 0: Issuing instruction PC (0x401121=>0x401125).(1=>2) [sn:53]
 665000: system.cpu.commit: DefaultCommimt<Impl>::tick() begins
 665000: system.cpu.commit: Getting instructions from Rename stage.
 665000: system.cpu.commit: Trying to commit instructions in the ROB.
 665000: system.cpu.commit: [tid:0]: Can't commit, Instruction [sn:51] PC (0x40111d=>0x401121).(0=>1) is head of ROB and not ready
 665000: system.cpu.commit: [tid:0]: ROB has 18 insts & 174 free entries.
 665500: system.cpu.fetch: Running stage.
 665500: system.cpu.fetch: Attempting to fetch from [tid:0]
 665500: system.cpu.fetch: [tid:0]: Adding instructions to queue to decode.
 665500: system.cpu.iq: Waking dependents of completed instruction [sn:53].
 665500: system.cpu.iq: Waking any dependents on register 87 (IntRegClass).
 665500: system.cpu.iq: Waking up a dependent instruction, [sn:55] PC (0x401125=>0x401129).(1=>2).
 665500: global: [sn:55] has 2 ready out of 2 sources. RTI 0)
 665500: system.cpu.iq: (addIfReady, regular) Instruction is ready to issue, putting it onto the ready list, PC (0x401125=>0x401129).(1=>2) opclass:1 [sn:55].
 665500: system.cpu.iq: Waking any dependents on register 30 (CCRegClass).
 665500: system.cpu.iq: Waking any dependents on register 31 (CCRegClass).
 665500: system.cpu.iq: Attempting to schedule ready instructions from the IQ.
 665500: system.cpu.iq: Thread 0: Issuing instruction PC (0x401125=>0x401129).(1=>2) [sn:55]
 665500: system.cpu.iew.lsq.thread0: LQ size: 33, #loads occupied: 3
 665500: system.cpu.iew.lsq.thread0: SQ size: 33, #stores occupied: 0
 665500: system.cpu.commit: DefaultCommimt<Impl>::tick() begins
 665500: system.cpu.commit: Getting instructions from Rename stage.
 665500: system.cpu.commit: Trying to commit instructions in the ROB.
 665500: system.cpu.commit: get the inst [num:0]
 665500: system.cpu.commit: [tid:0]: Marking PC (0x40111d=>0x401121).(0=>1), [sn:51] ready within ROB.
 665500: system.cpu.commit: [tid:0]: Instruction [sn:51] PC (0x40111d=>0x401121).(0=>1) is head of ROB and ready to commit
 665500: system.cpu.commit: [tid:0]: ROB has 18 insts & 174 free entries.
 666000: system.cpu.fetch: Running stage.
 666000: system.cpu.fetch: Attempting to fetch from [tid:0]
 666000: system.cpu.fetch: [tid:0]: Adding instructions to queue to decode.
 666000: system.cpu.iq: Waking dependents of completed instruction [sn:55].
 666000: system.cpu.iq: Waking any dependents on register 16 (IntRegClass).
 666000: system.cpu.iq: Waking any dependents on register 32 (CCRegClass).
 666000: system.cpu.iq: Waking up a dependent instruction, [sn:58] PC (0x401129=>0x40112b).(2=>3).
 666000: global: [sn:58] has 7 ready out of 8 sources. RTI 0)
 666000: system.cpu.iq: Waking any dependents on register 33 (CCRegClass).
 666000: system.cpu.iq: Waking up a dependent instruction, [sn:58] PC (0x401129=>0x40112b).(2=>3).
 666000: global: [sn:58] has 8 ready out of 8 sources. RTI 0)
 666000: system.cpu.iq: (addIfReady, regular) Instruction is ready to issue, putting it onto the ready list, PC (0x401129=>0x40112b).(2=>3) opclass:1 [sn:58].
 666000: system.cpu.iq: Attempting to schedule ready instructions from the IQ.
 666000: system.cpu.iq: Thread 0: Issuing instruction PC (0x401129=>0x40112b).(2=>3) [sn:58]
 666000: system.cpu.iew.lsq.thread0: LQ size: 33, #loads occupied: 3
 666000: system.cpu.iew.lsq.thread0: SQ size: 33, #stores occupied: 0
 666000: system.cpu.commit: DefaultCommimt<Impl>::tick() begins
 666000: system.cpu.commit: Getting instructions from Rename stage.
 666000: system.cpu.commit: Trying to commit instructions in the ROB.
 666000: system.cpu.commit: Trying to commit head instruction, [sn:51] [tid:0]
 666000: system.cpu.commit: Committing instruction with [sn:51] PC (0x40111d=>0x401121).(0=>1)
 666000: system.cpu.rob: [tid:0]: Retiring head instruction, instruction PC (0x40111d=>0x401121).(0=>1), [sn:51]
 666000: system.cpu.commit: Trying to commit head instruction, [sn:52] [tid:0]
 666000: system.cpu.commit: Committing instruction with [sn:52] PC (0x401121=>0x401125).(0=>1)
 666000: system.cpu.rob: [tid:0]: Retiring head instruction, instruction PC (0x401121=>0x401125).(0=>1), [sn:52]
 666000: system.cpu.commit: get the inst [num:0]
 666000: system.cpu.commit: [tid:0]: Marking PC (0x401121=>0x401125).(1=>2), [sn:53] ready within ROB.
 666000: system.cpu.commit: [tid:0]: Instruction [sn:53] PC (0x401121=>0x401125).(1=>2) is head of ROB and ready to commit
 666000: system.cpu.commit: [tid:0]: ROB has 16 insts & 176 free entries.
 666500: system.cpu.branchPred: [tid:0]: Committing branches until [sn:52].
 666500: system.cpu.fetch: Running stage.
 666500: system.cpu.fetch: Attempting to fetch from [tid:0]
 666500: system.cpu.fetch: [tid:0]: Adding instructions to queue to decode.
 666500: system.cpu.iq: Waking dependents of completed instruction [sn:58].
 666500: system.cpu.iq: Attempting to schedule ready instructions from the IQ.
 666500: system.cpu.iq: Not able to schedule any instructions.
 666500: system.cpu.iew.lsq.thread0: Committing head load instruction, PC (0x40111d=>0x401121).(0=>1)
 666500: system.cpu.iq: [tid:0]: Committing instructions older than [sn:52]
 666500: system.cpu.iew.lsq.thread0: LQ size: 33, #loads occupied: 2
 666500: system.cpu.iew.lsq.thread0: SQ size: 33, #stores occupied: 0
 666500: system.cpu.commit: DefaultCommimt<Impl>::tick() begins
 666500: system.cpu.commit: Getting instructions from Rename stage.
 666500: system.cpu.commit: Trying to commit instructions in the ROB.
 666500: system.cpu.commit: Trying to commit head instruction, [sn:53] [tid:0]
 666500: system.cpu.commit: Committing instruction with [sn:53] PC (0x401121=>0x401125).(1=>2)
 666500: system.cpu.rob: [tid:0]: Retiring head instruction, instruction PC (0x401121=>0x401125).(1=>2), [sn:53]
 666500: system.cpu.commit: Trying to commit head instruction, [sn:54] [tid:0]
 666500: system.cpu.commit: Committing instruction with [sn:54] PC (0x401125=>0x401129).(0=>1)
 666500: system.cpu.rob: [tid:0]: Retiring head instruction, instruction PC (0x401125=>0x401129).(0=>1), [sn:54]
 666500: system.cpu.commit: get the inst [num:0]
 666500: system.cpu.commit: [tid:0]: Marking PC (0x401125=>0x401129).(1=>2), [sn:55] ready within ROB.
 666500: system.cpu.commit: [tid:0]: Instruction [sn:55] PC (0x401125=>0x401129).(1=>2) is head of ROB and ready to commit
 666500: system.cpu.commit: [tid:0]: ROB has 14 insts & 178 free entries.
 667000: system.cpu.branchPred: [tid:0]: Committing branches until [sn:54].
 667000: system.cpu.fetch: Running stage.
 667000: system.cpu.fetch: Attempting to fetch from [tid:0]
 667000: system.cpu.fetch: [tid:0]: Adding instructions to queue to decode.
 667000: system.cpu.iq: Attempting to schedule ready instructions from the IQ.
 667000: system.cpu.iq: Not able to schedule any instructions.
 667000: system.cpu.iq: [tid:0]: Committing instructions older than [sn:54]
 667000: system.cpu.iew.lsq.thread0: LQ size: 33, #loads occupied: 2
 667000: system.cpu.iew.lsq.thread0: SQ size: 33, #stores occupied: 0
 667000: system.cpu.commit: DefaultCommimt<Impl>::tick() begins
 667000: system.cpu.commit: [tid:0]: A incoming squash [sn:58,0x3a] PC (0x401129=>0x401140).(2=>3) can be resolved now
 667000: system.cpu.commit: [tid:0]: Squashing due to branch mispred PC:0x401129 [sn:58]
 667000: system.cpu.commit: [tid:0]: Redirecting to PC 0x401148
 667000: system.cpu.rob: Starting to squash within the ROB.
 667000: system.cpu.rob: [tid:0]: Squashing instructions until [sn:58].
 667000: system.cpu.rob: [tid:0]: Squashing instruction PC (0x401150=>0x401152).(0=>1), seq num 68.
 667000: system.cpu.rob: [tid:0]: Squashing instruction PC (0x40114d=>0x401150).(0=>1), seq num 67.
 667000: system.cpu.rob: [tid:0]: Squashing instruction PC (0x401146=>0x40114d).(0=>1), seq num 66.
 667000: system.cpu.rob: [tid:0]: Squashing instruction PC (0x401143=>0x401146).(0=>1), seq num 65.
 667000: system.cpu.rob: [tid:0]: Squashing instruction PC (0x401140=>0x401143).(0=>1), seq num 64.
 667000: system.cpu.rob: [tid:0]: Squashing instruction PC (0x40113c=>0x401140).(0=>1), seq num 63.
 667000: system.cpu.rob: SQUASH FILTER - Squashing on load PC:0x40113c, SQ:63, Paddr:0x20c0, Vaddr:0x85030c0
 667000: system.cpu.rob: [tid:0]: Squashing instruction PC (0x401136=>0x40113c).(1=>2), seq num 62.
 667000: system.cpu.rob: [tid:0]: Squashing instruction PC (0x401136=>0x40113c).(0=>1), seq num 61.
 667000: system.cpu.commit: get the inst [num:0]
 667000: system.cpu.commit: [tid:0]: Marking PC (0x401129=>0x401140).(2=>3), [sn:58] ready within ROB.
 667000: system.cpu.commit: [tid:0]: Instruction [sn:55] PC (0x401125=>0x401129).(1=>2) is head of ROB and ready to commit
 667000: system.cpu.commit: [tid:0]: ROB has 14 insts & 178 free entries.
 667500: system.cpu.fetch: [tid:0]: Squashing instructions due to squash from commit.
 667500: system.cpu.fetch: [tid:0]: Squash from commit.
 667500: system.cpu.fetch: [tid:0]: Squashing, setting PC to: (0x401140=>0x401148).(0=>1).
 667500: system.cpu.branchPred: [tid:0]: Squashing from sequence number 58, setting target to (0x401140=>0x401148).(0=>1).
 667500: system.cpu.branchPred: [tid: 0] BTB Update called for [sn:58] PC: 4198697
 667500: system.cpu.fetch: Running stage.
 667500: system.cpu.fetch: There are no more threads available to fetch from.
 667500: system.cpu.fetch: [tid:0]: Fetch is squashing!
 667500: system.cpu.iq: [tid:0]: Starting to squash instructions in the IQ.
 667500: system.cpu.iq: [tid:0]: Squashing until sequence number 58!
 667500: system.cpu.iq: [tid:0]: Instruction [sn:68] PC (0x401150=>0x401152).(0=>1) squashed.
 667500: system.cpu.iq: [tid:0]: Instruction [sn:64] PC (0x401140=>0x401143).(0=>1) squashed.
 667500: system.cpu.memDep0: Squashing inst [sn:64]
 667500: system.cpu.iew.lsq.thread0: Squashing until [sn:58]!(Loads:2 Stores:0)
 667500: system.cpu.iew.lsq.thread0: Squashing from SQ [sn:58]
 667500: system.cpu.iew.lsq.thread0: Load Instruction PC (0x40113c=>0x401140).(0=>1) squashed, [sn:63]
 667500: system.cpu.iew.lsq.thread0: LSQUnit - Squashed Load: PC 0x40113c, SQ: [sn:63], Paddr 0x20c0, Vaddr 0x85030c0
 667500: system.cpu.iew.lsq.thread0: Load Instruction PC (0x40112b=>0x401132).(0=>1) squashed, [sn:59]
 667500: system.cpu.iew.lsq.thread0: LSQUnit - Squashed Load: PC 0x40112b, SQ: [sn:59], Paddr 0x3462, Vaddr 0x8504462
 667500: system.cpu.iq: Attempting to schedule ready instructions from the IQ.
 667500: system.cpu.iq: Not able to schedule any instructions.
 667500: system.cpu.iew.lsq.thread0: LQ size: 33, #loads occupied: 0
 667500: system.cpu.iew.lsq.thread0: SQ size: 33, #stores occupied: 0
 667500: system.cpu.commit: DefaultCommimt<Impl>::tick() begins
 667500: system.cpu.commit: [tid:0]: Still Squashing, cannot commit any insts this cycle.
 667500: system.cpu.rob: [tid:0]: Squashing instructions until [sn:58].
 667500: system.cpu.rob: [tid:0]: Squashing instruction PC (0x401132=>0x401136).(0=>1), seq num 60.
 667500: system.cpu.rob: [tid:0]: Squashing instruction PC (0x40112b=>0x401132).(0=>1), seq num 59.
 667500: system.cpu.rob: SQUASH FILTER - Squashing on load PC:0x40112b, SQ:59, Paddr:0x3462, Vaddr:0x8504462
 667500: system.cpu.rob: [tid:0]: Done squashing instructions.
 667500: system.cpu.commit: [tid:0]: Instruction [sn:55] PC (0x401125=>0x401129).(1=>2) is head of ROB and ready to commit
 667500: system.cpu.commit: [tid:0]: ROB has 14 insts & 178 free entries.
 668000: system.cpu.fetch: [tid:0]: Done squashing, switching to running.
 668000: system.cpu.fetch: Running stage.
 668000: system.cpu.fetch: Attempting to fetch from [tid:0]
 668000: system.cpu.fetch: [tid:0]: Adding instructions to queue to decode.
 668000: system.cpu.fetch: [tid:0]: Instruction PC 0x401140 (0) created [sn:128].
 668000: system.cpu.fetch: [tid:0]: Instruction is:   MFENCE   
 668000: system.cpu.fetch: [tid:0]: Fetch queue entry created (1/32).
 668000: system.cpu.fetch: [tid:0]: Instruction PC 0x401143 (0) created [sn:129].
 668000: system.cpu.fetch: [tid:0]: Instruction is:   LFENCE   
 668000: system.cpu.fetch: [tid:0]: Fetch queue entry created (2/32).
 668000: system.cpu.fetch: [tid:0]: Instruction PC 0x401146 (0) created [sn:130].
 668000: system.cpu.fetch: [tid:0]: Instruction is:   MOV_R_I : limm   rax, 0x3c
 668000: system.cpu.fetch: [tid:0]: Fetch queue entry created (3/32).
 668000: system.cpu.fetch: [tid:0]: Instruction PC 0x40114d (0) created [sn:131].
 668000: system.cpu.fetch: [tid:0]: Instruction is:   XOR_R_R : xor   rdi, rdi, rdi
 668000: system.cpu.fetch: [tid:0]: Fetch queue entry created (4/32).
 668000: system.cpu.fetch: [tid:0]: Instruction PC 0x401150 (0) created [sn:132].
 668000: system.cpu.fetch: [tid:0]: Instruction is:   syscall    eax
 668000: system.cpu.fetch: [tid:0]: Fetch queue entry created (5/32).
 668000: system.cpu.fetch: [tid:0]: Instruction PC 0x401152 (0) created [sn:133].
 668000: system.cpu.fetch: [tid:0]: Instruction is:   ADD_M_R : ldst   t1b, DS:[rax]
 668000: system.cpu.fetch: [tid:0]: Fetch queue entry created (6/32).
 668000: system.cpu.fetch: [tid:0]: Instruction PC 0x401152 (1) created [sn:134].
 668000: system.cpu.fetch: [tid:0]: Instruction is:   ADD_M_R : add   t1b, t1b, al
 668000: system.cpu.fetch: [tid:0]: Fetch queue entry created (7/32).
 668000: system.cpu.fetch: [tid:0]: Instruction PC 0x401152 (2) created [sn:135].
 668000: system.cpu.fetch: [tid:0]: Instruction is:   ADD_M_R : st   t1b, DS:[rax]
 668000: system.cpu.fetch: [tid:0]: Fetch queue entry created (8/32).
 668000: system.cpu.fetch: [tid:0]: Done fetching, reached fetch bandwidth for this cycle.
 668000: system.cpu.fetch: [tid:0][sn:128]: Sending instruction to decode from fetch queue. Fetch queue size: 8.
 668000: system.cpu.fetch: [tid:0][sn:129]: Sending instruction to decode from fetch queue. Fetch queue size: 7.
 668000: system.cpu.fetch: [tid:0][sn:130]: Sending instruction to decode from fetch queue. Fetch queue size: 6.
 668000: system.cpu.fetch: [tid:0][sn:131]: Sending instruction to decode from fetch queue. Fetch queue size: 5.
 668000: system.cpu.fetch: [tid:0][sn:132]: Sending instruction to decode from fetch queue. Fetch queue size: 4.
 668000: system.cpu.fetch: [tid:0][sn:133]: Sending instruction to decode from fetch queue. Fetch queue size: 3.
 668000: system.cpu.fetch: [tid:0][sn:134]: Sending instruction to decode from fetch queue. Fetch queue size: 2.
 668000: system.cpu.fetch: [tid:0][sn:135]: Sending instruction to decode from fetch queue. Fetch queue size: 1.
 668000: system.cpu.iq: Attempting to schedule ready instructions from the IQ.
 668000: system.cpu.iq: Not able to schedule any instructions.
 668000: system.cpu.commit: DefaultCommimt<Impl>::tick() begins
 668000: system.cpu.commit: Getting instructions from Rename stage.
 668000: system.cpu.commit: Trying to commit instructions in the ROB.
 668000: system.cpu.commit: Trying to commit head instruction, [sn:55] [tid:0]
 668000: system.cpu.commit: Committing instruction with [sn:55] PC (0x401125=>0x401129).(1=>2)
 668000: system.cpu.rob: [tid:0]: Retiring head instruction, instruction PC (0x401125=>0x401129).(1=>2), [sn:55]
 668000: system.cpu.commit: Trying to commit head instruction, [sn:56] [tid:0]
 668000: system.cpu.commit: Committing instruction with [sn:56] PC (0x401129=>0x40112b).(0=>1)
 668000: system.cpu.rob: [tid:0]: Retiring head instruction, instruction PC (0x401129=>0x40112b).(0=>1), [sn:56]
 668000: system.cpu.commit: Trying to commit head instruction, [sn:57] [tid:0]
 668000: system.cpu.commit: Committing instruction with [sn:57] PC (0x401129=>0x40112b).(1=>2)
 668000: system.cpu.rob: [tid:0]: Retiring head instruction, instruction PC (0x401129=>0x40112b).(1=>2), [sn:57]
 668000: system.cpu.commit: Trying to commit head instruction, [sn:58] [tid:0]
 668000: system.cpu.commit: Committing instruction with [sn:58] PC (0x401129=>0x401140).(2=>3)
 668000: system.cpu.rob: [tid:0]: Retiring head instruction, instruction PC (0x401129=>0x401140).(2=>3), [sn:58]
 668000: system.cpu.commit: Trying to commit head instruction, [sn:59] [tid:0]
 668000: system.cpu.commit: Retiring squashed instruction from ROB.
 668000: system.cpu.rob: [tid:0]: Retiring head instruction, instruction PC (0x40112b=>0x401132).(0=>1), [sn:59]
 668000: system.cpu.commit: Trying to commit head instruction, [sn:60] [tid:0]
 668000: system.cpu.commit: Retiring squashed instruction from ROB.
 668000: system.cpu.rob: [tid:0]: Retiring head instruction, instruction PC (0x401132=>0x401136).(0=>1), [sn:60]
 668000: system.cpu.commit: Trying to commit head instruction, [sn:61] [tid:0]
 668000: system.cpu.commit: Retiring squashed instruction from ROB.
 668000: system.cpu.rob: [tid:0]: Retiring head instruction, instruction PC (0x401136=>0x40113c).(0=>1), [sn:61]
 668000: system.cpu.commit: Trying to commit head instruction, [sn:62] [tid:0]
 668000: system.cpu.commit: Retiring squashed instruction from ROB.
 668000: system.cpu.rob: [tid:0]: Retiring head instruction, instruction PC (0x401136=>0x40113c).(1=>2), [sn:62]
 668000: system.cpu.commit: Trying to commit head instruction, [sn:63] [tid:0]
 668000: system.cpu.commit: Retiring squashed instruction from ROB.
 668000: system.cpu.rob: [tid:0]: Retiring head instruction, instruction PC (0x40113c=>0x401140).(0=>1), [sn:63]
 668000: system.cpu.commit: Trying to commit head instruction, [sn:64] [tid:0]
 668000: system.cpu.commit: Retiring squashed instruction from ROB.
 668000: system.cpu.rob: [tid:0]: Retiring head instruction, instruction PC (0x401140=>0x401143).(0=>1), [sn:64]
 668000: system.cpu.commit: Trying to commit head instruction, [sn:65] [tid:0]
 668000: system.cpu.commit: Retiring squashed instruction from ROB.
 668000: system.cpu.rob: [tid:0]: Retiring head instruction, instruction PC (0x401143=>0x401146).(0=>1), [sn:65]
 668000: system.cpu.commit: Trying to commit head instruction, [sn:66] [tid:0]
 668000: system.cpu.commit: Retiring squashed instruction from ROB.
 668000: system.cpu.rob: [tid:0]: Retiring head instruction, instruction PC (0x401146=>0x40114d).(0=>1), [sn:66]
 668000: system.cpu.commit: Trying to commit head instruction, [sn:67] [tid:0]
 668000: system.cpu.commit: Retiring squashed instruction from ROB.
 668000: system.cpu.rob: [tid:0]: Retiring head instruction, instruction PC (0x40114d=>0x401150).(0=>1), [sn:67]
 668000: system.cpu.commit: Trying to commit head instruction, [sn:68] [tid:0]
 668000: system.cpu.commit: Retiring squashed instruction from ROB.
 668000: system.cpu.rob: [tid:0]: Retiring head instruction, instruction PC (0x401150=>0x401152).(0=>1), [sn:68]
 668000: system.cpu.commit: [tid:0]: ROB has 0 insts & 192 free entries.
 668500: system.cpu.branchPred: [tid:0]: Committing branches until [sn:58].
 668500: system.cpu.fetch: Running stage.
 668500: system.cpu.fetch: Attempting to fetch from [tid:0]
 668500: system.cpu.fetch: [tid:0]: Adding instructions to queue to decode.
 668500: system.cpu.fetch: [tid:0]: Instruction PC 0x401154 (0) created [sn:136].
 668500: system.cpu.fetch: [tid:0]: Instruction is:   ADD_M_R : ldst   t1b, DS:[rax]
 668500: system.cpu.fetch: [tid:0]: Fetch queue entry created (1/32).
 668500: system.cpu.fetch: [tid:0]: Instruction PC 0x401154 (1) created [sn:137].
 668500: system.cpu.fetch: [tid:0]: Instruction is:   ADD_M_R : add   t1b, t1b, al
 668500: system.cpu.fetch: [tid:0]: Fetch queue entry created (2/32).
 668500: system.cpu.fetch: [tid:0]: Instruction PC 0x401154 (2) created [sn:138].
 668500: system.cpu.fetch: [tid:0]: Instruction is:   ADD_M_R : st   t1b, DS:[rax]
 668500: system.cpu.fetch: [tid:0]: Fetch queue entry created (3/32).
 668500: system.cpu.fetch: [tid:0]: Instruction PC 0x401156 (0) created [sn:139].
 668500: system.cpu.fetch: [tid:0]: Instruction is:   ADD_M_R : ldst   t1b, DS:[rax]
 668500: system.cpu.fetch: [tid:0]: Fetch queue entry created (4/32).
 668500: system.cpu.fetch: [tid:0]: Instruction PC 0x401156 (1) created [sn:140].
 668500: system.cpu.fetch: [tid:0]: Instruction is:   ADD_M_R : add   t1b, t1b, al
 668500: system.cpu.fetch: [tid:0]: Fetch queue entry created (5/32).
 668500: system.cpu.fetch: [tid:0]: Instruction PC 0x401156 (2) created [sn:141].
 668500: system.cpu.fetch: [tid:0]: Instruction is:   ADD_M_R : st   t1b, DS:[rax]
 668500: system.cpu.fetch: [tid:0]: Fetch queue entry created (6/32).
 668500: system.cpu.fetch: [tid:0]: Instruction PC 0x401158 (0) created [sn:142].
 668500: system.cpu.fetch: [tid:0]: Instruction is:   ADD_M_R : ldst   t1b, DS:[rax]
 668500: system.cpu.fetch: [tid:0]: Fetch queue entry created (7/32).
 668500: system.cpu.fetch: [tid:0]: Instruction PC 0x401158 (1) created [sn:143].
 668500: system.cpu.fetch: [tid:0]: Instruction is:   ADD_M_R : add   t1b, t1b, al
 668500: system.cpu.fetch: [tid:0]: Fetch queue entry created (8/32).
 668500: system.cpu.fetch: [tid:0]: Done fetching, reached fetch bandwidth for this cycle.
 668500: system.cpu.fetch: [tid:0][sn:136]: Sending instruction to decode from fetch queue. Fetch queue size: 8.
 668500: system.cpu.fetch: [tid:0][sn:137]: Sending instruction to decode from fetch queue. Fetch queue size: 7.
 668500: system.cpu.fetch: [tid:0][sn:138]: Sending instruction to decode from fetch queue. Fetch queue size: 6.
 668500: system.cpu.fetch: [tid:0][sn:139]: Sending instruction to decode from fetch queue. Fetch queue size: 5.
 668500: system.cpu.fetch: [tid:0][sn:140]: Sending instruction to decode from fetch queue. Fetch queue size: 4.
 668500: system.cpu.fetch: [tid:0][sn:141]: Sending instruction to decode from fetch queue. Fetch queue size: 3.
 668500: system.cpu.fetch: [tid:0][sn:142]: Sending instruction to decode from fetch queue. Fetch queue size: 2.
 668500: system.cpu.fetch: [tid:0][sn:143]: Sending instruction to decode from fetch queue. Fetch queue size: 1.
 668500: system.cpu.iq: Attempting to schedule ready instructions from the IQ.
 668500: system.cpu.iq: Not able to schedule any instructions.
 668500: system.cpu.iq: [tid:0]: Committing instructions older than [sn:58]
 668500: system.cpu.commit: DefaultCommimt<Impl>::tick() begins
 668500: system.cpu.commit: Getting instructions from Rename stage.
 668500: system.cpu.commit: Trying to commit instructions in the ROB.
 668500: system.cpu.commit: [tid:0]: ROB has 0 insts & 192 free entries.
 669000: system.cpu.fetch: Running stage.
 669000: system.cpu.fetch: Attempting to fetch from [tid:0]
 669000: system.cpu.fetch: [tid:0]: Adding instructions to queue to decode.
 669000: system.cpu.fetch: [tid:0]: Instruction PC 0x401158 (2) created [sn:144].
 669000: system.cpu.fetch: [tid:0]: Instruction is:   ADD_M_R : st   t1b, DS:[rax]
 669000: system.cpu.fetch: [tid:0]: Fetch queue entry created (1/32).
 669000: system.cpu.fetch: [tid:0]: Instruction PC 0x40115a (0) created [sn:145].
 669000: system.cpu.fetch: [tid:0]: Instruction is:   ADD_M_R : ldst   t1b, DS:[rax]
 669000: system.cpu.fetch: [tid:0]: Fetch queue entry created (2/32).
 669000: system.cpu.fetch: [tid:0]: Instruction PC 0x40115a (1) created [sn:146].
 669000: system.cpu.fetch: [tid:0]: Instruction is:   ADD_M_R : add   t1b, t1b, al
 669000: system.cpu.fetch: [tid:0]: Fetch queue entry created (3/32).
 669000: system.cpu.fetch: [tid:0]: Instruction PC 0x40115a (2) created [sn:147].
 669000: system.cpu.fetch: [tid:0]: Instruction is:   ADD_M_R : st   t1b, DS:[rax]
 669000: system.cpu.fetch: [tid:0]: Fetch queue entry created (4/32).
 669000: system.cpu.fetch: [tid:0]: Instruction PC 0x40115c (0) created [sn:148].
 669000: system.cpu.fetch: [tid:0]: Instruction is:   ADD_M_R : ldst   t1b, DS:[rax]
 669000: system.cpu.fetch: [tid:0]: Fetch queue entry created (5/32).
 669000: system.cpu.fetch: [tid:0]: Instruction PC 0x40115c (1) created [sn:149].
 669000: system.cpu.fetch: [tid:0]: Instruction is:   ADD_M_R : add   t1b, t1b, al
 669000: system.cpu.fetch: [tid:0]: Fetch queue entry created (6/32).
 669000: system.cpu.fetch: [tid:0]: Instruction PC 0x40115c (2) created [sn:150].
 669000: system.cpu.fetch: [tid:0]: Instruction is:   ADD_M_R : st   t1b, DS:[rax]
 669000: system.cpu.fetch: [tid:0]: Fetch queue entry created (7/32).
 669000: system.cpu.fetch: [tid:0]: Instruction PC 0x40115e (0) created [sn:151].
 669000: system.cpu.fetch: [tid:0]: Instruction is:   ADD_M_R : ldst   t1b, DS:[rax]
 669000: system.cpu.fetch: [tid:0]: Fetch queue entry created (8/32).
 669000: system.cpu.fetch: [tid:0]: Done fetching, reached fetch bandwidth for this cycle.
 669000: system.cpu.fetch: [tid:0][sn:144]: Sending instruction to decode from fetch queue. Fetch queue size: 8.
 669000: system.cpu.fetch: [tid:0][sn:145]: Sending instruction to decode from fetch queue. Fetch queue size: 7.
 669000: system.cpu.fetch: [tid:0][sn:146]: Sending instruction to decode from fetch queue. Fetch queue size: 6.
 669000: system.cpu.fetch: [tid:0][sn:147]: Sending instruction to decode from fetch queue. Fetch queue size: 5.
 669000: system.cpu.fetch: [tid:0][sn:148]: Sending instruction to decode from fetch queue. Fetch queue size: 4.
 669000: system.cpu.fetch: [tid:0][sn:149]: Sending instruction to decode from fetch queue. Fetch queue size: 3.
 669000: system.cpu.fetch: [tid:0][sn:150]: Sending instruction to decode from fetch queue. Fetch queue size: 2.
 669000: system.cpu.fetch: [tid:0][sn:151]: Sending instruction to decode from fetch queue. Fetch queue size: 1.
 669000: global: [sn:131] has 1 ready out of 2 sources. RTI 0)
 669000: global: [sn:131] has 2 ready out of 2 sources. RTI 0)
 669000: system.cpu.iq: Attempting to schedule ready instructions from the IQ.
 669000: system.cpu.iq: Not able to schedule any instructions.
 669000: system.cpu.iew.lsq.thread0: LQ size: 33, #loads occupied: 0
 669000: system.cpu.iew.lsq.thread0: SQ size: 33, #stores occupied: 0
 669000: system.cpu.commit: DefaultCommimt<Impl>::tick() begins
 669000: system.cpu.commit: Getting instructions from Rename stage.
 669000: system.cpu.commit: Trying to commit instructions in the ROB.
 669000: system.cpu.commit: [tid:0]: ROB has 0 insts & 192 free entries.
 669500: system.cpu.fetch: Running stage.
 669500: system.cpu.fetch: Attempting to fetch from [tid:0]
 669500: system.cpu.fetch: [tid:0]: Adding instructions to queue to decode.
 669500: system.cpu.fetch: [tid:0]: Instruction PC 0x40115e (1) created [sn:152].
 669500: system.cpu.fetch: [tid:0]: Instruction is:   ADD_M_R : add   t1b, t1b, al
 669500: system.cpu.fetch: [tid:0]: Fetch queue entry created (1/32).
 669500: system.cpu.fetch: [tid:0]: Instruction PC 0x40115e (2) created [sn:153].
 669500: system.cpu.fetch: [tid:0]: Instruction is:   ADD_M_R : st   t1b, DS:[rax]
 669500: system.cpu.fetch: [tid:0]: Fetch queue entry created (2/32).
 669500: system.cpu.fetch: [tid:0]: Instruction PC 0x401160 (0) created [sn:154].
 669500: system.cpu.fetch: [tid:0]: Instruction is:   ADD_M_R : ldst   t1b, DS:[rax]
 669500: system.cpu.fetch: [tid:0]: Fetch queue entry created (3/32).
 669500: system.cpu.fetch: [tid:0]: Instruction PC 0x401160 (1) created [sn:155].
 669500: system.cpu.fetch: [tid:0]: Instruction is:   ADD_M_R : add   t1b, t1b, al
 669500: system.cpu.fetch: [tid:0]: Fetch queue entry created (4/32).
 669500: system.cpu.fetch: [tid:0]: Instruction PC 0x401160 (2) created [sn:156].
 669500: system.cpu.fetch: [tid:0]: Instruction is:   ADD_M_R : st   t1b, DS:[rax]
 669500: system.cpu.fetch: [tid:0]: Fetch queue entry created (5/32).
 669500: system.cpu.fetch: [tid:0]: Instruction PC 0x401162 (0) created [sn:157].
 669500: system.cpu.fetch: [tid:0]: Instruction is:   ADD_M_R : ldst   t1b, DS:[rax]
 669500: system.cpu.fetch: [tid:0]: Fetch queue entry created (6/32).
 669500: system.cpu.fetch: [tid:0]: Instruction PC 0x401162 (1) created [sn:158].
 669500: system.cpu.fetch: [tid:0]: Instruction is:   ADD_M_R : add   t1b, t1b, al
 669500: system.cpu.fetch: [tid:0]: Fetch queue entry created (7/32).
 669500: system.cpu.fetch: [tid:0]: Instruction PC 0x401162 (2) created [sn:159].
 669500: system.cpu.fetch: [tid:0]: Instruction is:   ADD_M_R : st   t1b, DS:[rax]
 669500: system.cpu.fetch: [tid:0]: Fetch queue entry created (8/32).
 669500: system.cpu.fetch: [tid:0]: Done fetching, reached fetch bandwidth for this cycle.
 669500: system.cpu.iq: Attempting to schedule ready instructions from the IQ.
 669500: system.cpu.iq: Not able to schedule any instructions.
 669500: system.cpu.commit: DefaultCommimt<Impl>::tick() begins
 669500: system.cpu.commit: Getting instructions from Rename stage.
 669500: system.cpu.commit: Inserting PC (0x401140=>0x401143).(0=>1) [sn:128] [tid:0] into ROB.
 669500: system.cpu.rob: Adding inst PC (0x401140=>0x401143).(0=>1) to the ROB.
 669500: system.cpu.rob: [tid:0] Now has 1 instructions.
 669500: system.cpu.commit: Inserting PC (0x401143=>0x401146).(0=>1) [sn:129] [tid:0] into ROB.
 669500: system.cpu.rob: Adding inst PC (0x401143=>0x401146).(0=>1) to the ROB.
 669500: system.cpu.rob: [tid:0] Now has 2 instructions.
 669500: system.cpu.commit: Inserting PC (0x401146=>0x40114d).(0=>1) [sn:130] [tid:0] into ROB.
 669500: system.cpu.rob: Adding inst PC (0x401146=>0x40114d).(0=>1) to the ROB.
 669500: system.cpu.rob: [tid:0] Now has 3 instructions.
 669500: system.cpu.commit: Inserting PC (0x40114d=>0x401150).(0=>1) [sn:131] [tid:0] into ROB.
 669500: system.cpu.rob: Adding inst PC (0x40114d=>0x401150).(0=>1) to the ROB.
 669500: system.cpu.rob: [tid:0] Now has 4 instructions.
 669500: system.cpu.commit: Inserting PC (0x401150=>0x401152).(0=>1) [sn:132] [tid:0] into ROB.
 669500: system.cpu.rob: Adding inst PC (0x401150=>0x401152).(0=>1) to the ROB.
 669500: system.cpu.rob: [tid:0] Now has 5 instructions.
 669500: system.cpu.commit: Trying to commit instructions in the ROB.
 669500: system.cpu.commit: [tid:0]: Can't commit, Instruction [sn:128] PC (0x401140=>0x401143).(0=>1) is head of ROB and not ready
 669500: system.cpu.commit: [tid:0]: ROB has 5 insts & 187 free entries.
 670000: system.cpu.fetch: Running stage.
 670000: system.cpu.fetch: Attempting to fetch from [tid:0]
 670000: system.cpu.fetch: [tid:0]: Adding instructions to queue to decode.
 670000: system.cpu.fetch: [tid:0]: Instruction PC 0x401164 (0) created [sn:160].
 670000: system.cpu.fetch: [tid:0]: Instruction is:   ADD_M_R : ldst   t1b, DS:[rax]
 670000: system.cpu.fetch: [tid:0]: Fetch queue entry created (9/32).
 670000: system.cpu.fetch: [tid:0]: Instruction PC 0x401164 (1) created [sn:161].
 670000: system.cpu.fetch: [tid:0]: Instruction is:   ADD_M_R : add   t1b, t1b, al
 670000: system.cpu.fetch: [tid:0]: Fetch queue entry created (10/32).
 670000: system.cpu.fetch: [tid:0]: Instruction PC 0x401164 (2) created [sn:162].
 670000: system.cpu.fetch: [tid:0]: Instruction is:   ADD_M_R : st   t1b, DS:[rax]
 670000: system.cpu.fetch: [tid:0]: Fetch queue entry created (11/32).
 670000: system.cpu.fetch: [tid:0]: Instruction PC 0x401166 (0) created [sn:163].
 670000: system.cpu.fetch: [tid:0]: Instruction is:   ADD_M_R : ldst   t1b, DS:[rax]
 670000: system.cpu.fetch: [tid:0]: Fetch queue entry created (12/32).
 670000: system.cpu.fetch: [tid:0]: Instruction PC 0x401166 (1) created [sn:164].
 670000: system.cpu.fetch: [tid:0]: Instruction is:   ADD_M_R : add   t1b, t1b, al
 670000: system.cpu.fetch: [tid:0]: Fetch queue entry created (13/32).
 670000: system.cpu.fetch: [tid:0]: Instruction PC 0x401166 (2) created [sn:165].
 670000: system.cpu.fetch: [tid:0]: Instruction is:   ADD_M_R : st   t1b, DS:[rax]
 670000: system.cpu.fetch: [tid:0]: Fetch queue entry created (14/32).
 670000: system.cpu.fetch: [tid:0]: Instruction PC 0x401168 (0) created [sn:166].
 670000: system.cpu.fetch: [tid:0]: Instruction is:   ADD_M_R : ldst   t1b, DS:[rax]
 670000: system.cpu.fetch: [tid:0]: Fetch queue entry created (15/32).
 670000: system.cpu.fetch: [tid:0]: Instruction PC 0x401168 (1) created [sn:167].
 670000: system.cpu.fetch: [tid:0]: Instruction is:   ADD_M_R : add   t1b, t1b, al
 670000: system.cpu.fetch: [tid:0]: Fetch queue entry created (16/32).
 670000: system.cpu.fetch: [tid:0]: Done fetching, reached fetch bandwidth for this cycle.
 670000: system.cpu.memDep0: Inserted a memory barrier (0x401140=>0x401143).(0=>1) SN:128
 670000: system.cpu.memDep0: Insert barrier instruction PC (0x401140=>0x401143).(0=>1) [sn:128] to memDep Hash
 670000: system.cpu.iq: Adding non-speculative instruction [sn:128] PC (0x401140=>0x401143).(0=>1) to the IQ.
 670000: system.cpu.iq: Adding instruction [sn:129] PC (0x401143=>0x401146).(0=>1) to the IQ.
 670000: system.cpu.iq: (addIfReady, regular) Instruction is ready to issue, putting it onto the ready list, PC (0x401143=>0x401146).(0=>1) opclass:1 [sn:129].
 670000: system.cpu.iq: Adding instruction [sn:130] PC (0x401146=>0x40114d).(0=>1) to the IQ.
 670000: system.cpu.iq: (addIfReady, regular) Instruction is ready to issue, putting it onto the ready list, PC (0x401146=>0x40114d).(0=>1) opclass:1 [sn:130].
 670000: system.cpu.iq: Adding instruction [sn:131] PC (0x40114d=>0x401150).(0=>1) to the IQ.
 670000: system.cpu.iq: (addIfReady, regular) Instruction is ready to issue, putting it onto the ready list, PC (0x40114d=>0x401150).(0=>1) opclass:1 [sn:131].
 670000: system.cpu.iq: Adding non-speculative instruction [sn:132] PC (0x401150=>0x401152).(0=>1) to the IQ.
 670000: system.cpu.iq: Attempting to schedule ready instructions from the IQ.
 670000: system.cpu.iq: Thread 0: Issuing instruction PC (0x401143=>0x401146).(0=>1) [sn:129]
 670000: system.cpu.iq: Thread 0: Issuing instruction PC (0x401146=>0x40114d).(0=>1) [sn:130]
 670000: system.cpu.iq: Thread 0: Issuing instruction PC (0x40114d=>0x401150).(0=>1) [sn:131]
 670000: system.cpu.commit: DefaultCommimt<Impl>::tick() begins
 670000: system.cpu.commit: Getting instructions from Rename stage.
 670000: system.cpu.commit: Trying to commit instructions in the ROB.
 670000: system.cpu.commit: Trying to commit head instruction, [sn:128] [tid:0]
 670000: system.cpu.commit: Encountered a barrier or non-speculative instruction [sn:128] at the head of the ROB, PC (0x401140=>0x401143).(0=>1).
 670000: system.cpu.commit: Unable to commit head instruction PC:(0x401140=>0x401143).(0=>1) [tid:0] [sn:128].
 670000: system.cpu.commit: [tid:0]: Can't commit, Instruction [sn:128] PC (0x401140=>0x401143).(0=>1) is head of ROB and not ready
 670000: system.cpu.commit: [tid:0]: ROB has 5 insts & 187 free entries.
 670500: system.cpu.fetch: Running stage.
 670500: system.cpu.fetch: Attempting to fetch from [tid:0]
 670500: system.cpu.fetch: [tid:0]: Adding instructions to queue to decode.
 670500: system.cpu.fetch: [tid:0]: Instruction PC 0x401168 (2) created [sn:168].
 670500: system.cpu.fetch: [tid:0]: Instruction is:   ADD_M_R : st   t1b, DS:[rax]
 670500: system.cpu.fetch: [tid:0]: Fetch queue entry created (17/32).
 670500: system.cpu.fetch: [tid:0]: Instruction PC 0x40116a (0) created [sn:169].
 670500: system.cpu.fetch: [tid:0]: Instruction is:   ADD_M_R : ldst   t1b, DS:[rax]
 670500: system.cpu.fetch: [tid:0]: Fetch queue entry created (18/32).
 670500: system.cpu.fetch: [tid:0]: Instruction PC 0x40116a (1) created [sn:170].
 670500: system.cpu.fetch: [tid:0]: Instruction is:   ADD_M_R : add   t1b, t1b, al
 670500: system.cpu.fetch: [tid:0]: Fetch queue entry created (19/32).
 670500: system.cpu.fetch: [tid:0]: Instruction PC 0x40116a (2) created [sn:171].
 670500: system.cpu.fetch: [tid:0]: Instruction is:   ADD_M_R : st   t1b, DS:[rax]
 670500: system.cpu.fetch: [tid:0]: Fetch queue entry created (20/32).
 670500: system.cpu.fetch: [tid:0]: Instruction PC 0x40116c (0) created [sn:172].
 670500: system.cpu.fetch: [tid:0]: Instruction is:   ADD_M_R : ldst   t1b, DS:[rax]
 670500: system.cpu.fetch: [tid:0]: Fetch queue entry created (21/32).
 670500: system.cpu.fetch: [tid:0]: Instruction PC 0x40116c (1) created [sn:173].
 670500: system.cpu.fetch: [tid:0]: Instruction is:   ADD_M_R : add   t1b, t1b, al
 670500: system.cpu.fetch: [tid:0]: Fetch queue entry created (22/32).
 670500: system.cpu.fetch: [tid:0]: Instruction PC 0x40116c (2) created [sn:174].
 670500: system.cpu.fetch: [tid:0]: Instruction is:   ADD_M_R : st   t1b, DS:[rax]
 670500: system.cpu.fetch: [tid:0]: Fetch queue entry created (23/32).
 670500: system.cpu.fetch: [tid:0]: Instruction PC 0x40116e (0) created [sn:175].
 670500: system.cpu.fetch: [tid:0]: Instruction is:   ADD_M_R : ldst   t1b, DS:[rax]
 670500: system.cpu.fetch: [tid:0]: Fetch queue entry created (24/32).
 670500: system.cpu.fetch: [tid:0]: Done fetching, reached fetch bandwidth for this cycle.
 670500: system.cpu.iq: Waking dependents of completed instruction [sn:129].
 670500: system.cpu.iq: Waking dependents of completed instruction [sn:130].
 670500: system.cpu.iq: Waking any dependents on register 98 (IntRegClass).
 670500: system.cpu.iq: Waking dependents of completed instruction [sn:131].
 670500: system.cpu.iq: Waking any dependents on register 99 (IntRegClass).
 670500: system.cpu.iq: Waking any dependents on register 40 (CCRegClass).
 670500: system.cpu.iq: Waking any dependents on register 41 (CCRegClass).
 670500: system.cpu.iq: Attempting to schedule ready instructions from the IQ.
 670500: system.cpu.iq: Not able to schedule any instructions.
 670500: system.cpu.iq: Marking nonspeculative instruction [sn:128] as ready to execute.
 670500: system.cpu.iq: (addIfReady, regular) Instruction is ready to issue, putting it onto the ready list, PC (0x401140=>0x401143).(0=>1) opclass:1 [sn:128].
 670500: system.cpu.iew.lsq.thread0: LQ size: 33, #loads occupied: 0
 670500: system.cpu.iew.lsq.thread0: SQ size: 33, #stores occupied: 0
 670500: system.cpu.commit: DefaultCommimt<Impl>::tick() begins
 670500: system.cpu.commit: Getting instructions from Rename stage.
 670500: system.cpu.commit: Trying to commit instructions in the ROB.
 670500: system.cpu.commit: [tid:0]: Can't commit, Instruction [sn:128] PC (0x401140=>0x401143).(0=>1) is head of ROB and not ready
 670500: system.cpu.commit: [tid:0]: ROB has 5 insts & 187 free entries.
 671000: system.cpu.fetch: Running stage.
 671000: system.cpu.fetch: Attempting to fetch from [tid:0]
 671000: system.cpu.fetch: [tid:0]: Adding instructions to queue to decode.
 671000: system.cpu.fetch: [tid:0]: Instruction PC 0x40116e (1) created [sn:176].
 671000: system.cpu.fetch: [tid:0]: Instruction is:   ADD_M_R : add   t1b, t1b, al
 671000: system.cpu.fetch: [tid:0]: Fetch queue entry created (25/32).
 671000: system.cpu.fetch: [tid:0]: Instruction PC 0x40116e (2) created [sn:177].
 671000: system.cpu.fetch: [tid:0]: Instruction is:   ADD_M_R : st   t1b, DS:[rax]
 671000: system.cpu.fetch: [tid:0]: Fetch queue entry created (26/32).
 671000: system.cpu.fetch: [tid:0]: Instruction PC 0x401170 (0) created [sn:178].
 671000: system.cpu.fetch: [tid:0]: Instruction is:   ADD_M_R : ldst   t1b, DS:[rax]
 671000: system.cpu.fetch: [tid:0]: Fetch queue entry created (27/32).
 671000: system.cpu.fetch: [tid:0]: Instruction PC 0x401170 (1) created [sn:179].
 671000: system.cpu.fetch: [tid:0]: Instruction is:   ADD_M_R : add   t1b, t1b, al
 671000: system.cpu.fetch: [tid:0]: Fetch queue entry created (28/32).
 671000: system.cpu.fetch: [tid:0]: Instruction PC 0x401170 (2) created [sn:180].
 671000: system.cpu.fetch: [tid:0]: Instruction is:   ADD_M_R : st   t1b, DS:[rax]
 671000: system.cpu.fetch: [tid:0]: Fetch queue entry created (29/32).
 671000: system.cpu.fetch: [tid:0]: Instruction PC 0x401172 (0) created [sn:181].
 671000: system.cpu.fetch: [tid:0]: Instruction is:   ADD_M_R : ldst   t1b, DS:[rax]
 671000: system.cpu.fetch: [tid:0]: Fetch queue entry created (30/32).
 671000: system.cpu.fetch: [tid:0]: Instruction PC 0x401172 (1) created [sn:182].
 671000: system.cpu.fetch: [tid:0]: Instruction is:   ADD_M_R : add   t1b, t1b, al
 671000: system.cpu.fetch: [tid:0]: Fetch queue entry created (31/32).
 671000: system.cpu.fetch: [tid:0]: Instruction PC 0x401172 (2) created [sn:183].
 671000: system.cpu.fetch: [tid:0]: Instruction is:   ADD_M_R : st   t1b, DS:[rax]
 671000: system.cpu.fetch: [tid:0]: Fetch queue entry created (32/32).
 671000: system.cpu.fetch: [tid:0]: Done fetching, reached fetch bandwidth for this cycle.
 671000: system.cpu.iq: Attempting to schedule ready instructions from the IQ.
 671000: system.cpu.iq: Thread 0: Issuing instruction PC (0x401140=>0x401143).(0=>1) [sn:128]
 671000: system.cpu.commit: DefaultCommimt<Impl>::tick() begins
 671000: system.cpu.commit: Getting instructions from Rename stage.
 671000: system.cpu.commit: Trying to commit instructions in the ROB.
 671000: system.cpu.commit: get the inst [num:0]
 671000: system.cpu.commit: [tid:0]: Marking PC (0x401143=>0x401146).(0=>1), [sn:129] ready within ROB.
 671000: system.cpu.commit: get the inst [num:1]
 671000: system.cpu.commit: [tid:0]: Marking PC (0x401146=>0x40114d).(0=>1), [sn:130] ready within ROB.
 671000: system.cpu.commit: get the inst [num:2]
 671000: system.cpu.commit: [tid:0]: Marking PC (0x40114d=>0x401150).(0=>1), [sn:131] ready within ROB.
 671000: system.cpu.commit: [tid:0]: Can't commit, Instruction [sn:128] PC (0x401140=>0x401143).(0=>1) is head of ROB and not ready
 671000: system.cpu.commit: [tid:0]: ROB has 5 insts & 187 free entries.
 671500: system.cpu.fetch: Running stage.
 671500: system.cpu.fetch: Attempting to fetch from [tid:0]
 671500: system.cpu.fetch: [tid:0]: Adding instructions to queue to decode.
 671500: system.cpu.iq: Waking dependents of completed instruction [sn:128].
 671500: system.cpu.memDep0: Completed mem instruction PC (0x401140=>0x401143).(0=>1) [sn:128].
 671500: system.cpu.memDep0: barrier completed: (0x401140=>0x401143).(0=>1) SN:128
 671500: system.cpu.iq: Attempting to schedule ready instructions from the IQ.
 671500: system.cpu.iq: Not able to schedule any instructions.
 671500: system.cpu.iew.lsq.thread0: LQ size: 33, #loads occupied: 0
 671500: system.cpu.iew.lsq.thread0: SQ size: 33, #stores occupied: 0
 671500: system.cpu.commit: DefaultCommimt<Impl>::tick() begins
 671500: system.cpu.commit: Getting instructions from Rename stage.
 671500: system.cpu.commit: Trying to commit instructions in the ROB.
 671500: system.cpu.commit: [tid:0]: Can't commit, Instruction [sn:128] PC (0x401140=>0x401143).(0=>1) is head of ROB and not ready
 671500: system.cpu.commit: [tid:0]: ROB has 5 insts & 187 free entries.
 672000: system.cpu.fetch: Running stage.
 672000: system.cpu.fetch: Attempting to fetch from [tid:0]
 672000: system.cpu.fetch: [tid:0]: Adding instructions to queue to decode.
 672000: system.cpu.iq: Attempting to schedule ready instructions from the IQ.
 672000: system.cpu.iq: Not able to schedule any instructions.
 672000: system.cpu.commit: DefaultCommimt<Impl>::tick() begins
 672000: system.cpu.commit: Getting instructions from Rename stage.
 672000: system.cpu.commit: Trying to commit instructions in the ROB.
 672000: system.cpu.commit: get the inst [num:0]
 672000: system.cpu.commit: [tid:0]: Marking PC (0x401140=>0x401143).(0=>1), [sn:128] ready within ROB.
 672000: system.cpu.commit: [tid:0]: Instruction [sn:128] PC (0x401140=>0x401143).(0=>1) is head of ROB and ready to commit
 672000: system.cpu.commit: [tid:0]: ROB has 5 insts & 187 free entries.
 672500: system.cpu.fetch: Running stage.
 672500: system.cpu.fetch: Attempting to fetch from [tid:0]
 672500: system.cpu.fetch: [tid:0]: Adding instructions to queue to decode.
 672500: system.cpu.iq: Attempting to schedule ready instructions from the IQ.
 672500: system.cpu.iq: Not able to schedule any instructions.
 672500: system.cpu.commit: DefaultCommimt<Impl>::tick() begins
 672500: system.cpu.commit: Getting instructions from Rename stage.
 672500: system.cpu.commit: Trying to commit instructions in the ROB.
 672500: system.cpu.commit: Trying to commit head instruction, [sn:128] [tid:0]
 672500: system.cpu.commit: Committing instruction with [sn:128] PC (0x401140=>0x401143).(0=>1)
 672500: system.cpu.rob: [tid:0]: Retiring head instruction, instruction PC (0x401140=>0x401143).(0=>1), [sn:128]
 672500: system.cpu.commit: Trying to commit head instruction, [sn:129] [tid:0]
 672500: system.cpu.commit: Committing instruction with [sn:129] PC (0x401143=>0x401146).(0=>1)
 672500: system.cpu.rob: [tid:0]: Retiring head instruction, instruction PC (0x401143=>0x401146).(0=>1), [sn:129]
 672500: system.cpu.commit: Trying to commit head instruction, [sn:130] [tid:0]
 672500: system.cpu.commit: Committing instruction with [sn:130] PC (0x401146=>0x40114d).(0=>1)
 672500: system.cpu.rob: [tid:0]: Retiring head instruction, instruction PC (0x401146=>0x40114d).(0=>1), [sn:130]
 672500: system.cpu.commit: Trying to commit head instruction, [sn:131] [tid:0]
 672500: system.cpu.commit: Committing instruction with [sn:131] PC (0x40114d=>0x401150).(0=>1)
 672500: system.cpu.rob: [tid:0]: Retiring head instruction, instruction PC (0x40114d=>0x401150).(0=>1), [sn:131]
 672500: system.cpu.commit: Trying to commit head instruction, [sn:132] [tid:0]
 672500: system.cpu.commit: Encountered a barrier or non-speculative instruction [sn:132] at the head of the ROB, PC (0x401150=>0x401152).(0=>1).
 672500: system.cpu.commit: Waiting for all stores to writeback.
 672500: system.cpu.commit: Unable to commit head instruction PC:(0x401150=>0x401152).(0=>1) [tid:0] [sn:132].
 672500: system.cpu.commit: [tid:0]: Instruction [sn:132] PC (0x401150=>0x401152).(0=>1) is head of ROB and ready to commit
 672500: system.cpu.commit: [tid:0]: ROB has 1 insts & 191 free entries.
 673000: system.cpu.branchPred: [tid:0]: Committing branches until [sn:131].
 673000: system.cpu.fetch: Running stage.
 673000: system.cpu.fetch: Attempting to fetch from [tid:0]
 673000: system.cpu.fetch: [tid:0]: Adding instructions to queue to decode.
 673000: system.cpu.iq: Attempting to schedule ready instructions from the IQ.
 673000: system.cpu.iq: Not able to schedule any instructions.
 673000: system.cpu.iq: [tid:0]: Committing instructions older than [sn:131]
 673000: system.cpu.commit: DefaultCommimt<Impl>::tick() begins
 673000: system.cpu.commit: Getting instructions from Rename stage.
 673000: system.cpu.commit: Trying to commit instructions in the ROB.
 673000: system.cpu.commit: Trying to commit head instruction, [sn:132] [tid:0]
 673000: system.cpu.commit: Encountered a barrier or non-speculative instruction [sn:132] at the head of the ROB, PC (0x401150=>0x401152).(0=>1).
 673000: system.cpu.commit: Unable to commit head instruction PC:(0x401150=>0x401152).(0=>1) [tid:0] [sn:132].
 673000: system.cpu.commit: [tid:0]: Can't commit, Instruction [sn:132] PC (0x401150=>0x401152).(0=>1) is head of ROB and not ready
 673000: system.cpu.commit: [tid:0]: ROB has 1 insts & 191 free entries.
 673500: system.cpu.fetch: Running stage.
 673500: system.cpu.fetch: Attempting to fetch from [tid:0]
 673500: system.cpu.fetch: [tid:0]: Adding instructions to queue to decode.
 673500: system.cpu.iq: Attempting to schedule ready instructions from the IQ.
 673500: system.cpu.iq: Not able to schedule any instructions.
 673500: system.cpu.iq: Marking nonspeculative instruction [sn:132] as ready to execute.
 673500: system.cpu.iq: (addIfReady, regular) Instruction is ready to issue, putting it onto the ready list, PC (0x401150=>0x401152).(0=>1) opclass:1 [sn:132].
 673500: system.cpu.iew.lsq.thread0: LQ size: 33, #loads occupied: 0
 673500: system.cpu.iew.lsq.thread0: SQ size: 33, #stores occupied: 0
 673500: system.cpu.commit: DefaultCommimt<Impl>::tick() begins
 673500: system.cpu.commit: Getting instructions from Rename stage.
 673500: system.cpu.commit: Trying to commit instructions in the ROB.
 673500: system.cpu.commit: [tid:0]: Can't commit, Instruction [sn:132] PC (0x401150=>0x401152).(0=>1) is head of ROB and not ready
 673500: system.cpu.commit: [tid:0]: ROB has 1 insts & 191 free entries.
 674000: system.cpu.fetch: Running stage.
 674000: system.cpu.fetch: Attempting to fetch from [tid:0]
 674000: system.cpu.fetch: [tid:0]: Adding instructions to queue to decode.
 674000: system.cpu.iq: Attempting to schedule ready instructions from the IQ.
 674000: system.cpu.iq: Thread 0: Issuing instruction PC (0x401150=>0x401152).(0=>1) [sn:132]
 674000: system.cpu.commit: DefaultCommimt<Impl>::tick() begins
 674000: system.cpu.commit: Getting instructions from Rename stage.
 674000: system.cpu.commit: Trying to commit instructions in the ROB.
 674000: system.cpu.commit: [tid:0]: Can't commit, Instruction [sn:132] PC (0x401150=>0x401152).(0=>1) is head of ROB and not ready
 674000: system.cpu.commit: [tid:0]: ROB has 1 insts & 191 free entries.
 674500: system.cpu.fetch: Running stage.
 674500: system.cpu.fetch: Attempting to fetch from [tid:0]
 674500: system.cpu.fetch: [tid:0]: Adding instructions to queue to decode.
 674500: system.cpu.iq: Waking dependents of completed instruction [sn:132].
 674500: system.cpu.iq: Attempting to schedule ready instructions from the IQ.
 674500: system.cpu.iq: Not able to schedule any instructions.
 674500: system.cpu.iew.lsq.thread0: LQ size: 33, #loads occupied: 0
 674500: system.cpu.iew.lsq.thread0: SQ size: 33, #stores occupied: 0
 674500: system.cpu.commit: DefaultCommimt<Impl>::tick() begins
 674500: system.cpu.commit: Getting instructions from Rename stage.
 674500: system.cpu.commit: Trying to commit instructions in the ROB.
 674500: system.cpu.commit: [tid:0]: Can't commit, Instruction [sn:132] PC (0x401150=>0x401152).(0=>1) is head of ROB and not ready
 674500: system.cpu.commit: [tid:0]: ROB has 1 insts & 191 free entries.
